{"n_classes": 7, "alpha": 0.01, "max_iter": 50, "lambda_": 1e-07, "tolerance": 1e-05, "sgdDP": false, "L": 1, "C": 1, "epsilon": 1, "delta": 1e-05, "sigma": 0, "outDP_local": false, "outDP_local_epsilon": 1, "train_acc": 0.5199, "test_acc": 0.4967, "attack_acc_mean": 0.51415, "attack_acc_std": 0.0014551632210855299, "attack_pre_mean": 0.5180424912621956, "attack_pre_std": 0.0025485707151898795, "attack_rec_mean": 0.41723333333333334, "attack_rec_std": 0.07903901287057902}