{"n_classes": 7, "alpha": 0.01, "max_iter": 300, "lambda_": 1e-06, "tolerance": 1e-05, "sgdDP": true, "L": 5, "C": 8, "epsilon": 10000, "delta": 1e-05, "sigma": 0, "outDP_local": false, "outDP_local_epsilon": 1, "train_acc": 0.8126, "test_acc": 0.7679, "attack_acc_mean": 0.5220333333333335, "attack_acc_std": 0.0017152907107024988, "attack_pre_mean": 0.5140186461932864, "attack_pre_std": 0.0008430521744154609, "attack_rec_mean": 0.8069500000000001, "attack_rec_std": 0.01737975354639224}