{"n_classes": 7, "alpha": 0.01, "max_iter": 300, "lambda_": 1e-06, "tolerance": 1e-05, "sgdDP": true, "L": 10, "C": 8, "epsilon": 10000, "delta": 1e-05, "sigma": 0, "outDP_local": false, "outDP_local_epsilon": 1, "train_acc": 0.8581, "test_acc": 0.828, "attack_acc_mean": 0.5172499999999999, "attack_acc_std": 0.0007626707459098462, "attack_pre_mean": 0.5103233190368747, "attack_pre_std": 0.00010153023805588676, "attack_rec_mean": 0.8524666666666666, "attack_rec_std": 0.030440908148228574}