{"n_classes": 7, "alpha": 0.001, "max_iter": 300, "lambda_": 1e-06, "tolerance": 1e-05, "sgdDP": true, "L": 20, "C": 3, "epsilon": 10000, "delta": 1e-05, "sigma": 0, "outDP_local": false, "outDP_local_epsilon": 1, "train_acc": 0.6419, "test_acc": 0.5935, "attack_acc_mean": 0.5266666666666667, "attack_acc_std": 0.0004624812308504174, "attack_pre_mean": 0.5235598317496819, "attack_pre_std": 0.0045713648767376335, "attack_rec_mean": 0.6103, "attack_rec_std": 0.09168142305469158}