{"n_classes": 7, "alpha": 0.01, "max_iter": 300, "lambda_": 0.0001, "tolerance": 1e-05, "sgdDP": true, "L": 30, "C": 1, "epsilon": 10000, "delta": 1e-05, "sigma": 0, "outDP_local": false, "outDP_local_epsilon": 1, "train_acc": 0.6717, "test_acc": 0.6244, "attack_acc_mean": 0.5265166666666666, "attack_acc_std": 0.0003693086634360017, "attack_pre_mean": 0.5210692020234117, "attack_pre_std": 0.0025793636310871768, "attack_rec_mean": 0.6628166666666667, "attack_rec_std": 0.05711676393338669}