{"n_classes": 7, "alpha": 0.01, "max_iter": 300, "lambda_": 0.0001, "tolerance": 1e-05, "sgdDP": true, "L": 5, "C": 7, "epsilon": 10000, "delta": 1e-05, "sigma": 0, "outDP_local": false, "outDP_local_epsilon": 1, "train_acc": 0.809, "test_acc": 0.7745, "attack_acc_mean": 0.5184500000000001, "attack_acc_std": 0.0007199537022151754, "attack_pre_mean": 0.5117718925196645, "attack_pre_std": 0.00011698308395315857, "attack_rec_mean": 0.8018833333333334, "attack_rec_std": 0.02446026823692297}