{"n_classes": 7, "alpha": 0.001, "max_iter": 200, "lambda_": 1e-06, "tolerance": 1e-05, "sgdDP": true, "L": 1, "C": 1.5, "epsilon": 10000, "delta": 1e-05, "sigma": 0, "outDP_local": false, "outDP_local_epsilon": 1, "train_acc": 0.748, "test_acc": 0.7158, "attack_acc_mean": 0.5199999999999999, "attack_acc_std": 0.001118406604653842, "attack_pre_mean": 0.5138054857554053, "attack_pre_std": 0.001633600555528587, "attack_rec_mean": 0.7488166666666666, "attack_rec_std": 0.03663593029921429}