{"n_classes": 7, "alpha": 0.001, "max_iter": 200, "lambda_": 1e-07, "tolerance": 1e-05, "sgdDP": false, "L": 1, "C": 1, "epsilon": 1, "delta": 1e-05, "sigma": 0, "outDP_local": false, "outDP_local_epsilon": 1, "train_acc": 0.8778, "test_acc": 0.8368, "attack_acc_mean": 0.5240333333333332, "attack_acc_std": 0.001184154644555445, "attack_pre_mean": 0.5142541368367736, "attack_pre_std": 0.0003357774231940984, "attack_rec_mean": 0.8684, "attack_rec_std": 0.05943621230641577}