{"n_classes": 7, "alpha": 0.001, "max_iter": 300, "lambda_": 1e-06, "tolerance": 1e-05, "sgdDP": true, "L": 10, "C": 1, "epsilon": 10000, "delta": 1e-05, "sigma": 0, "outDP_local": false, "outDP_local_epsilon": 1, "train_acc": 0.5844, "test_acc": 0.5444, "attack_acc_mean": 0.5250750000000001, "attack_acc_std": 0.002029111053310474, "attack_pre_mean": 0.5243496523723764, "attack_pre_std": 0.0018412241960090315, "attack_rec_mean": 0.5453333333333333, "attack_rec_std": 0.07318100087378478}