{"n_classes": 7, "alpha": 0.01, "max_iter": 300, "lambda_": 0.0001, "tolerance": 1e-05, "sgdDP": true, "L": 30, "C": 5, "epsilon": 10000, "delta": 1e-05, "sigma": 0, "outDP_local": false, "outDP_local_epsilon": 1, "train_acc": 0.8495, "test_acc": 0.8091, "attack_acc_mean": 0.5231916666666667, "attack_acc_std": 0.00024051449482770948, "attack_pre_mean": 0.5142834169979433, "attack_pre_std": 0.0012888254950518823, "attack_rec_mean": 0.8401333333333333, "attack_rec_std": 0.05636673565933095}