{"n_classes": 7, "alpha": 0.01, "max_iter": 100, "lambda_": 1e-06, "tolerance": 1e-05, "sgdDP": true, "L": 1, "C": 1.5, "epsilon": 10000, "delta": 1e-05, "sigma": 0, "outDP_local": false, "outDP_local_epsilon": 1, "train_acc": 0.7211, "test_acc": 0.6925, "attack_acc_mean": 0.5147583333333333, "attack_acc_std": 0.0006320711106267277, "attack_pre_mean": 0.5105186049547606, "attack_pre_std": 0.0002893106974652244, "attack_rec_mean": 0.7159833333333334, "attack_rec_std": 0.012023784299832082}