{"n_classes": 7, "alpha": 0.01, "max_iter": 300, "lambda_": 1e-06, "tolerance": 1e-05, "sgdDP": true, "L": 20, "C": 3, "epsilon": 10000, "delta": 1e-05, "sigma": 0, "outDP_local": false, "outDP_local_epsilon": 1, "train_acc": 0.8317, "test_acc": 0.7927, "attack_acc_mean": 0.5251166666666667, "attack_acc_std": 0.0004149966532662818, "attack_pre_mean": 0.5155753135127678, "attack_pre_std": 0.0007481882581471417, "attack_rec_mean": 0.8336, "attack_rec_std": 0.046466116687323894}