{"n_classes": 7, "alpha": 0.01, "max_iter": 300, "lambda_": 0.0001, "tolerance": 1e-05, "sgdDP": true, "L": 30, "C": 2, "epsilon": 10000, "delta": 1e-05, "sigma": 0, "outDP_local": false, "outDP_local_epsilon": 1, "train_acc": 0.7522, "test_acc": 0.7157, "attack_acc_mean": 0.5260666666666667, "attack_acc_std": 0.0004904646323187394, "attack_pre_mean": 0.5180328985033885, "attack_pre_std": 0.0020250694465914006, "attack_rec_mean": 0.7552166666666666, "attack_rec_std": 0.05649434829156709}