{"n_classes": 7, "alpha": 0.01, "max_iter": 100, "lambda_": 1e-06, "tolerance": 1e-05, "sgdDP": true, "L": 50, "C": 1.5, "epsilon": 10000, "delta": 1e-05, "sigma": 0, "outDP_local": false, "outDP_local_epsilon": 1, "train_acc": 0.5919, "test_acc": 0.55, "attack_acc_mean": 0.5249333333333333, "attack_acc_std": 0.0016722406791155656, "attack_pre_mean": 0.5242181279582518, "attack_pre_std": 0.0025778414736380394, "attack_rec_mean": 0.5477500000000001, "attack_rec_std": 0.07734797454792637}