{"n_classes": 7, "alpha": 0.01, "max_iter": 10, "lambda_": 0.001, "tolerance": 1e-05, "sgdDP": false, "L": 1, "C": 1, "epsilon": 1, "delta": 1e-05, "sigma": 0, "outDP_local": false, "outDP_local_epsilon": 1, "train_acc": 0.7612, "test_acc": 0.7273, "attack_acc_mean": 0.5205166666666666, "attack_acc_std": 0.0019546241468772255, "attack_pre_mean": 0.5143952680724883, "attack_pre_std": 0.00015130665841107407, "attack_rec_mean": 0.7325166666666666, "attack_rec_std": 0.06378279330840116}