{"n_classes": 7, "alpha": 0.01, "max_iter": 200, "lambda_": 0.1, "tolerance": 1e-05, "sgdDP": false, "L": 1, "C": 1, "epsilon": 1, "delta": 1e-05, "sigma": 0, "outDP_local": false, "outDP_local_epsilon": 1, "train_acc": 0.4635, "test_acc": 0.4364, "attack_acc_mean": 0.510275, "attack_acc_std": 0.002516073329615009, "attack_pre_mean": 0.5201377384775527, "attack_pre_std": 0.0008787029397976715, "attack_rec_mean": 0.2674666666666667, "attack_rec_std": 0.0687220165271331}