{"n_classes": 7, "alpha": 0.01, "max_iter": 300, "lambda_": 0.0001, "tolerance": 1e-05, "sgdDP": true, "L": 10, "C": 5, "epsilon": 10000, "delta": 1e-05, "sigma": 0, "outDP_local": false, "outDP_local_epsilon": 1, "train_acc": 0.8644, "test_acc": 0.8254, "attack_acc_mean": 0.5232416666666667, "attack_acc_std": 0.0011005364853358985, "attack_pre_mean": 0.5139655732341829, "attack_pre_std": 0.001383477309503755, "attack_rec_mean": 0.859, "attack_rec_std": 0.03577881123421141}