{"n_classes": 7, "alpha": 0.01, "max_iter": 200, "lambda_": 1e-06, "tolerance": 1e-05, "sgdDP": true, "L": 100, "C": 3, "epsilon": 10000, "delta": 1e-05, "sigma": 0, "outDP_local": false, "outDP_local_epsilon": 1, "train_acc": 0.6654, "test_acc": 0.6196, "attack_acc_mean": 0.5265333333333332, "attack_acc_std": 0.00048534065928535505, "attack_pre_mean": 0.5222149862174837, "attack_pre_std": 0.004795195631535893, "attack_rec_mean": 0.6427666666666667, "attack_rec_std": 0.08773024310667078}