{"n_classes": 7, "alpha": 0.001, "max_iter": 300, "lambda_": 1e-05, "tolerance": 1e-05, "sgdDP": false, "L": 1, "C": 1, "epsilon": 1, "delta": 1e-05, "sigma": 0, "outDP_local": false, "outDP_local_epsilon": 1, "train_acc": 0.8956, "test_acc": 0.8535, "attack_acc_mean": 0.5241166666666666, "attack_acc_std": 0.0007679337355672163, "attack_pre_mean": 0.5139049091761961, "attack_pre_std": 0.00016841707061614935, "attack_rec_mean": 0.8917666666666665, "attack_rec_std": 0.03804557208868801}