{"n_classes": 7, "alpha": 0.01, "max_iter": 300, "lambda_": 0.0001, "tolerance": 1e-05, "sgdDP": true, "L": 30, "C": 7, "epsilon": 10000, "delta": 1e-05, "sigma": 0, "outDP_local": false, "outDP_local_epsilon": 1, "train_acc": 0.8646, "test_acc": 0.8254, "attack_acc_mean": 0.52255, "attack_acc_std": 0.0007268654162452151, "attack_pre_mean": 0.5136164020759871, "attack_pre_std": 0.0006301629472239199, "attack_rec_mean": 0.8532333333333334, "attack_rec_std": 0.058959298578671084}