{"n_classes": 7, "alpha": 0.001, "max_iter": 300, "lambda_": 1e-06, "tolerance": 1e-05, "sgdDP": true, "L": 1, "C": 3, "epsilon": 10000, "delta": 1e-05, "sigma": 0, "outDP_local": false, "outDP_local_epsilon": 1, "train_acc": 0.7931, "test_acc": 0.754, "attack_acc_mean": 0.5193916666666668, "attack_acc_std": 0.0012142956348800992, "attack_pre_mean": 0.5126471132135896, "attack_pre_std": 0.00042266776369380904, "attack_rec_mean": 0.78525, "attack_rec_std": 0.02529444932523076}