{"n_classes": 7, "alpha": 0.01, "max_iter": 200, "lambda_": 1e-06, "tolerance": 1e-05, "sgdDP": true, "L": 100, "C": 1.5, "epsilon": 10000, "delta": 1e-05, "sigma": 0, "outDP_local": false, "outDP_local_epsilon": 1, "train_acc": 0.591, "test_acc": 0.5482, "attack_acc_mean": 0.5243083333333333, "attack_acc_std": 0.0016949475573663877, "attack_pre_mean": 0.5235329607418077, "attack_pre_std": 0.0023985822630691158, "attack_rec_mean": 0.5484333333333333, "attack_rec_std": 0.07698501297150129}