{"n_classes": 7, "alpha": 0.01, "max_iter": 300, "lambda_": 0.0001, "tolerance": 1e-05, "sgdDP": true, "L": 20, "C": 6, "epsilon": 10000, "delta": 1e-05, "sigma": 0, "outDP_local": false, "outDP_local_epsilon": 1, "train_acc": 0.8673, "test_acc": 0.8267, "attack_acc_mean": 0.5242666666666667, "attack_acc_std": 0.00023921166824009574, "attack_pre_mean": 0.5145826465468816, "attack_pre_std": 0.0008579177997844893, "attack_rec_mean": 0.8590833333333333, "attack_rec_std": 0.047800746739866826}