{"n_classes": 7, "alpha": 0.001, "max_iter": 200, "lambda_": 0.001, "tolerance": 1e-05, "sgdDP": false, "L": 1, "C": 1, "epsilon": 1, "delta": 1e-05, "sigma": 0, "outDP_local": false, "outDP_local_epsilon": 1, "train_acc": 0.8558, "test_acc": 0.8157, "attack_acc_mean": 0.5246083333333332, "attack_acc_std": 0.0009071092669696765, "attack_pre_mean": 0.5152490985504187, "attack_pre_std": 0.0013867658168396294, "attack_rec_mean": 0.8395666666666667, "attack_rec_std": 0.08987815208504359}