{"n_classes": 7, "alpha": 0.01, "max_iter": 300, "lambda_": 1e-06, "tolerance": 1e-05, "sgdDP": true, "L": 20, "C": 5, "epsilon": 10000, "delta": 1e-05, "sigma": 0, "outDP_local": false, "outDP_local_epsilon": 1, "train_acc": 0.8651, "test_acc": 0.8233, "attack_acc_mean": 0.5234416666666667, "attack_acc_std": 0.0008800647072169541, "attack_pre_mean": 0.5141035445842103, "attack_pre_std": 0.0014302243432355477, "attack_rec_mean": 0.8590999999999999, "attack_rec_std": 0.044547951692530174}