{"n_classes": 7, "alpha": 0.001, "max_iter": 300, "lambda_": 1e-06, "tolerance": 1e-05, "sgdDP": true, "L": 5, "C": 1.5, "epsilon": 10000, "delta": 1e-05, "sigma": 0, "outDP_local": false, "outDP_local_epsilon": 1, "train_acc": 0.6778, "test_acc": 0.6322, "attack_acc_mean": 0.5267916666666667, "attack_acc_std": 0.00030196118219989927, "attack_pre_mean": 0.5211847057233198, "attack_pre_std": 0.0023979188250756113, "attack_rec_mean": 0.6665166666666665, "attack_rec_std": 0.06561438908925049}