{"n_classes": 7, "alpha": 0.001, "max_iter": 10, "lambda_": 1e-06, "tolerance": 1e-05, "sgdDP": false, "L": 1, "C": 1, "epsilon": 1, "delta": 1e-05, "sigma": 0, "outDP_local": false, "outDP_local_epsilon": 1, "train_acc": 0.7565, "test_acc": 0.715, "attack_acc_mean": 0.5239166666666667, "attack_acc_std": 0.002333392856383616, "attack_pre_mean": 0.5191799930930536, "attack_pre_std": 0.004597091308688274, "attack_rec_mean": 0.6838166666666666, "attack_rec_std": 0.15461766195648183}