{"n_classes": 7, "alpha": 0.01, "max_iter": 200, "lambda_": 1e-06, "tolerance": 1e-05, "sgdDP": true, "L": 1, "C": 1, "epsilon": 10000, "delta": 1e-05, "sigma": 0, "outDP_local": false, "outDP_local_epsilon": 1, "train_acc": 0.7599, "test_acc": 0.7233, "attack_acc_mean": 0.5198916666666666, "attack_acc_std": 0.0010076443927408937, "attack_pre_mean": 0.5134654141033169, "attack_pre_std": 0.0005009745598787142, "attack_rec_mean": 0.7581166666666667, "attack_rec_std": 0.011688943018463611}