{"n_classes": 7, "alpha": 0.01, "max_iter": 50, "lambda_": 0.001, "tolerance": 1e-05, "sgdDP": false, "L": 1, "C": 1, "epsilon": 1, "delta": 1e-05, "sigma": 0, "outDP_local": false, "outDP_local_epsilon": 1, "train_acc": 0.7779, "test_acc": 0.7468, "attack_acc_mean": 0.5153166666666666, "attack_acc_std": 0.0018440595314565004, "attack_pre_mean": 0.5103838875005392, "attack_pre_std": 0.00043813898854800753, "attack_rec_mean": 0.7502166666666668, "attack_rec_std": 0.06445738687087947}