{"n_classes": 7, "alpha": 0.001, "max_iter": 300, "lambda_": 1e-06, "tolerance": 1e-05, "sgdDP": true, "L": 10, "C": 1.5, "epsilon": 10000, "delta": 1e-05, "sigma": 0, "outDP_local": false, "outDP_local_epsilon": 1, "train_acc": 0.6216, "test_acc": 0.5751, "attack_acc_mean": 0.5280666666666666, "attack_acc_std": 0.0014401003051485142, "attack_pre_mean": 0.5251142348728771, "attack_pre_std": 0.0025245970157690063, "attack_rec_mean": 0.5941333333333334, "attack_rec_std": 0.07394129803807582}