{"n_classes": 7, "alpha": 0.001, "max_iter": 300, "lambda_": 1e-06, "tolerance": 1e-05, "sgdDP": true, "L": 5, "C": 5, "epsilon": 10000, "delta": 1e-05, "sigma": 0, "outDP_local": false, "outDP_local_epsilon": 1, "train_acc": 0.8167, "test_acc": 0.776, "attack_acc_mean": 0.524025, "attack_acc_std": 0.0006625393070100106, "attack_pre_mean": 0.5155158780752803, "attack_pre_std": 0.0020224419109889213, "attack_rec_mean": 0.8067666666666667, "attack_rec_std": 0.06483455011711645}