{"n_classes": 7, "alpha": 0.01, "max_iter": 300, "lambda_": 0.0001, "tolerance": 1e-05, "sgdDP": true, "L": 20, "C": 5, "epsilon": 10000, "delta": 1e-05, "sigma": 0, "outDP_local": false, "outDP_local_epsilon": 1, "train_acc": 0.8599, "test_acc": 0.8152, "attack_acc_mean": 0.5242666666666667, "attack_acc_std": 0.0011567435132973818, "attack_pre_mean": 0.5147324483739862, "attack_pre_std": 0.0017071130419762637, "attack_rec_mean": 0.8533, "attack_rec_std": 0.04593386550248084}