{"n_classes": 7, "alpha": 0.001, "max_iter": 10, "lambda_": 0.0001, "tolerance": 1e-05, "sgdDP": false, "L": 1, "C": 1, "epsilon": 1, "delta": 1e-05, "sigma": 0, "outDP_local": false, "outDP_local_epsilon": 1, "train_acc": 0.7545, "test_acc": 0.7147, "attack_acc_mean": 0.5232083333333334, "attack_acc_std": 0.0027993178732604574, "attack_pre_mean": 0.5184752983811903, "attack_pre_std": 0.00397012679187464, "attack_rec_mean": 0.6851333333333333, "attack_rec_std": 0.16025426324715636}