{"n_classes": 7, "alpha": 0.01, "max_iter": 100, "lambda_": 1e-06, "tolerance": 1e-05, "sgdDP": true, "L": 100, "C": 1, "epsilon": 10000, "delta": 1e-05, "sigma": 0, "outDP_local": false, "outDP_local_epsilon": 1, "train_acc": 0.5343, "test_acc": 0.5001, "attack_acc_mean": 0.5147916666666666, "attack_acc_std": 0.002523294253330148, "attack_pre_mean": 0.5195992002283418, "attack_pre_std": 0.0014534896634411775, "attack_rec_mean": 0.39821666666666666, "attack_rec_std": 0.08444312517244308}