{"n_classes": 7, "alpha": 0.01, "max_iter": 100, "lambda_": 1e-06, "tolerance": 1e-05, "sgdDP": true, "L": 5, "C": 3, "epsilon": 10000, "delta": 1e-05, "sigma": 0, "outDP_local": false, "outDP_local_epsilon": 1, "train_acc": 0.8178, "test_acc": 0.7787, "attack_acc_mean": 0.5214583333333334, "attack_acc_std": 0.0011645516543097368, "attack_pre_mean": 0.513634965211867, "attack_pre_std": 0.00146835177960664, "attack_rec_mean": 0.8121833333333335, "attack_rec_std": 0.034519434944519145}