{"n_classes": 7, "alpha": 0.001, "max_iter": 1, "lambda_": 1e-06, "tolerance": 1e-05, "sgdDP": false, "L": 1, "C": 1, "epsilon": 10000, "delta": 1e-05, "sigma": 0, "outDP_local": false, "outDP_local_epsilon": 1, "train_acc": 0.569, "test_acc": 0.5329, "attack_acc_mean": 0.5167083333333334, "attack_acc_std": 0.005750899688068126, "attack_pre_mean": 0.527207016356029, "attack_pre_std": 0.0027156227739441557, "attack_rec_mean": 0.31455, "attack_rec_std": 0.0982312874461764}