{"n_classes": 7, "alpha": 0.01, "max_iter": 50, "lambda_": 0.0001, "tolerance": 1e-05, "sgdDP": false, "L": 1, "C": 1, "epsilon": 1, "delta": 1e-05, "sigma": 0, "outDP_local": false, "outDP_local_epsilon": 1, "train_acc": 0.8576, "test_acc": 0.8139, "attack_acc_mean": 0.5226833333333333, "attack_acc_std": 0.0012253117517141755, "attack_pre_mean": 0.5136707396248054, "attack_pre_std": 0.00029170643987258305, "attack_rec_mean": 0.8517166666666665, "attack_rec_std": 0.029526113677368553}