{"n_classes": 7, "alpha": 0.01, "max_iter": 300, "lambda_": 1e-06, "tolerance": 1e-05, "sgdDP": false, "L": 1, "C": 1, "epsilon": 1, "delta": 1e-05, "sigma": 0, "outDP_local": false, "outDP_local_epsilon": 1, "train_acc": 0.8828, "test_acc": 0.845, "attack_acc_mean": 0.5196999999999999, "attack_acc_std": 0.0010323920443965817, "attack_pre_mean": 0.5114180662710907, "attack_pre_std": 0.000405277105658441, "attack_rec_mean": 0.8818166666666666, "attack_rec_std": 0.016734038829749224}