{"n_classes": 7, "alpha": 0.01, "max_iter": 100, "lambda_": 1e-07, "tolerance": 1e-05, "sgdDP": false, "L": 1, "C": 1, "epsilon": 1, "delta": 1e-05, "sigma": 0, "outDP_local": false, "outDP_local_epsilon": 1, "train_acc": 0.4269, "test_acc": 0.415, "attack_acc_mean": 0.5110333333333333, "attack_acc_std": 0.0016717422714707844, "attack_pre_mean": 0.5221764488719106, "attack_pre_std": 0.003476140289220736, "attack_rec_mean": 0.26935000000000003, "attack_rec_std": 0.06267723536766226}