{"n_classes": 7, "alpha": 0.001, "max_iter": 200, "lambda_": 1e-06, "tolerance": 1e-05, "sgdDP": true, "L": 50, "C": 2, "epsilon": 10000, "delta": 1e-05, "sigma": 0, "outDP_local": false, "outDP_local_epsilon": 1, "train_acc": 0.528, "test_acc": 0.4944, "attack_acc_mean": 0.514525, "attack_acc_std": 0.003790201181995485, "attack_pre_mean": 0.5207624394157045, "attack_pre_std": 0.0011092694664445572, "attack_rec_mean": 0.36001666666666665, "attack_rec_std": 0.08430902317598567}