{"n_classes": 7, "alpha": 0.01, "max_iter": 50, "lambda_": 1e-05, "tolerance": 1e-05, "sgdDP": false, "L": 1, "C": 1, "epsilon": 1, "delta": 1e-05, "sigma": 0, "outDP_local": false, "outDP_local_epsilon": 1, "train_acc": 0.8618, "test_acc": 0.8278, "attack_acc_mean": 0.5173249999999999, "attack_acc_std": 0.0005072392597844371, "attack_pre_mean": 0.5102986862191777, "attack_pre_std": 3.987180185087462e-05, "attack_rec_mean": 0.8584333333333333, "attack_rec_std": 0.02430100592339519}