{"n_classes": 7, "alpha": 0.01, "max_iter": 300, "lambda_": 1e-06, "tolerance": 1e-05, "sgdDP": true, "L": 30, "C": 1, "epsilon": 10000, "delta": 1e-05, "sigma": 0, "outDP_local": false, "outDP_local_epsilon": 1, "train_acc": 0.6721, "test_acc": 0.6261, "attack_acc_mean": 0.525475, "attack_acc_std": 0.000620315779798228, "attack_pre_mean": 0.5201298254520461, "attack_pre_std": 0.002735143177108818, "attack_rec_mean": 0.6660833333333334, "attack_rec_std": 0.05710240557298986}