{"n_classes": 7, "alpha": 0.001, "max_iter": 300, "lambda_": 1e-06, "tolerance": 1e-05, "sgdDP": false, "L": 1, "C": 1, "epsilon": 1, "delta": 1e-05, "sigma": 0, "outDP_local": false, "outDP_local_epsilon": 1, "train_acc": 0.8993, "test_acc": 0.8564, "attack_acc_mean": 0.5230833333333333, "attack_acc_std": 0.0011563832505801167, "attack_pre_mean": 0.5132531438041416, "attack_pre_std": 0.00010858691376545257, "attack_rec_mean": 0.8936499999999999, "attack_rec_std": 0.03835086917746021}