{"n_classes": 7, "alpha": 0.01, "max_iter": 300, "lambda_": 0.0001, "tolerance": 1e-05, "sgdDP": true, "L": 30, "C": 6, "epsilon": 10000, "delta": 1e-05, "sigma": 0, "outDP_local": false, "outDP_local_epsilon": 1, "train_acc": 0.8601, "test_acc": 0.8146, "attack_acc_mean": 0.5238916666666666, "attack_acc_std": 0.00016687486995418162, "attack_pre_mean": 0.5145151199497972, "attack_pre_std": 0.0010799158317958061, "attack_rec_mean": 0.85115, "attack_rec_std": 0.05757938722610142}