{"n_classes": 7, "alpha": 0.01, "max_iter": 100, "lambda_": 1e-06, "tolerance": 1e-05, "sgdDP": true, "L": 10, "C": 1, "epsilon": 10000, "delta": 1e-05, "sigma": 0, "outDP_local": false, "outDP_local_epsilon": 1, "train_acc": 0.6702, "test_acc": 0.6272, "attack_acc_mean": 0.525525, "attack_acc_std": 0.00028686524130095803, "attack_pre_mean": 0.5201575924316981, "attack_pre_std": 0.0018689257423796833, "attack_rec_mean": 0.6639166666666667, "attack_rec_std": 0.05698384030192731}