{"n_classes": 7, "alpha": 0.01, "max_iter": 300, "lambda_": 0.0001, "tolerance": 1e-05, "sgdDP": true, "L": 20, "C": 4, "epsilon": 10000, "delta": 1e-05, "sigma": 0, "outDP_local": false, "outDP_local_epsilon": 1, "train_acc": 0.8487, "test_acc": 0.8085, "attack_acc_mean": 0.5222416666666666, "attack_acc_std": 0.0004919490714381682, "attack_pre_mean": 0.5135434137568807, "attack_pre_std": 0.0005303685801786016, "attack_rec_mean": 0.8452000000000001, "attack_rec_std": 0.04740699667067441}