{"n_classes": 7, "alpha": 0.001, "max_iter": 200, "lambda_": 1e-06, "tolerance": 1e-05, "sgdDP": true, "L": 50, "C": 3, "epsilon": 10000, "delta": 1e-05, "sigma": 0, "outDP_local": false, "outDP_local_epsilon": 1, "train_acc": 0.5545, "test_acc": 0.5134, "attack_acc_mean": 0.5190416666666667, "attack_acc_std": 0.002779600790681183, "attack_pre_mean": 0.5240147941994242, "attack_pre_std": 0.003313695562840174, "attack_rec_mean": 0.4280666666666666, "attack_rec_std": 0.09416869024374407}