{"n_classes": 7, "alpha": 0.01, "max_iter": 200, "lambda_": 0.01, "tolerance": 1e-05, "sgdDP": false, "L": 1, "C": 1, "epsilon": 1, "delta": 1e-05, "sigma": 0, "outDP_local": false, "outDP_local_epsilon": 1, "train_acc": 0.598, "test_acc": 0.5687, "attack_acc_mean": 0.5133500000000001, "attack_acc_std": 0.0008976822006330403, "attack_pre_mean": 0.513948124978946, "attack_pre_std": 0.002252608596975449, "attack_rec_mean": 0.5058833333333334, "attack_rec_std": 0.08746876426600653}