{"n_classes": 7, "alpha": 0.01, "max_iter": 300, "lambda_": 0.0001, "tolerance": 1e-05, "sgdDP": true, "L": 5, "C": 9, "epsilon": 10000, "delta": 1e-05, "sigma": 0, "outDP_local": false, "outDP_local_epsilon": 1, "train_acc": 0.7972, "test_acc": 0.7561, "attack_acc_mean": 0.5210666666666667, "attack_acc_std": 0.0013309353436169926, "attack_pre_mean": 0.5136674350838258, "attack_pre_std": 0.0005434158080569082, "attack_rec_mean": 0.7909833333333333, "attack_rec_std": 0.020837259630020696}