{"n_classes": 7, "alpha": 0.01, "max_iter": 300, "lambda_": 1e-06, "tolerance": 1e-05, "sgdDP": true, "L": 5, "C": 2, "epsilon": 10000, "delta": 1e-05, "sigma": 0, "outDP_local": false, "outDP_local_epsilon": 1, "train_acc": 0.8505, "test_acc": 0.8075, "attack_acc_mean": 0.5231, "attack_acc_std": 0.00021213203435594088, "attack_pre_mean": 0.514043289445087, "attack_pre_std": 0.0005627343584483546, "attack_rec_mean": 0.8465166666666667, "attack_rec_std": 0.023802900150098425}