{"n_classes": 7, "alpha": 0.01, "max_iter": 200, "lambda_": 1e-06, "tolerance": 1e-05, "sgdDP": true, "L": 5, "C": 1.5, "epsilon": 10000, "delta": 1e-05, "sigma": 0, "outDP_local": false, "outDP_local_epsilon": 1, "train_acc": 0.819, "test_acc": 0.779, "attack_acc_mean": 0.5229333333333334, "attack_acc_std": 0.000549747416749031, "attack_pre_mean": 0.5144121123131612, "attack_pre_std": 0.0009637392760459563, "attack_rec_mean": 0.8206333333333334, "attack_rec_std": 0.030649777958231424}