{"n_classes": 7, "alpha": 0.01, "max_iter": 50, "lambda_": 1e-06, "tolerance": 1e-05, "sgdDP": false, "L": 1, "C": 1, "epsilon": 1, "delta": 1e-05, "sigma": 0, "outDP_local": false, "outDP_local_epsilon": 1, "train_acc": 0.8614, "test_acc": 0.8245, "attack_acc_mean": 0.5203, "attack_acc_std": 0.0006278269400612175, "attack_pre_mean": 0.5121112869682292, "attack_pre_std": 2.715533251898312e-05, "attack_rec_mean": 0.8583666666666668, "attack_rec_std": 0.026641300435393353}