{"n_classes": 7, "alpha": 0.001, "max_iter": 300, "lambda_": 1e-06, "tolerance": 1e-05, "sgdDP": true, "L": 20, "C": 1, "epsilon": 10000, "delta": 1e-05, "sigma": 0, "outDP_local": false, "outDP_local_epsilon": 1, "train_acc": 0.5529, "test_acc": 0.5152, "attack_acc_mean": 0.52075, "attack_acc_std": 0.0025555495169010726, "attack_pre_mean": 0.5240040293157743, "attack_pre_std": 0.002353224788433442, "attack_rec_mean": 0.46096666666666675, "attack_rec_std": 0.08437706376076907}