{"n_classes": 7, "alpha": 0.01, "max_iter": 300, "lambda_": 1e-06, "tolerance": 1e-05, "sgdDP": true, "L": 20, "C": 9, "epsilon": 10000, "delta": 1e-05, "sigma": 0, "outDP_local": false, "outDP_local_epsilon": 1, "train_acc": 0.8747, "test_acc": 0.8307, "attack_acc_mean": 0.5238416666666666, "attack_acc_std": 0.000406629096625195, "attack_pre_mean": 0.5142147233363831, "attack_pre_std": 0.000577219375592788, "attack_rec_mean": 0.8641666666666666, "attack_rec_std": 0.04309809224960606}