{"n_classes": 7, "alpha": 0.001, "max_iter": 100, "lambda_": 0.01, "tolerance": 1e-05, "sgdDP": false, "L": 1, "C": 1, "epsilon": 1, "delta": 1e-05, "sigma": 0, "outDP_local": false, "outDP_local_epsilon": 1, "train_acc": 0.7265, "test_acc": 0.6874, "attack_acc_mean": 0.5233333333333333, "attack_acc_std": 0.005181752170410632, "attack_pre_mean": 0.5215218799757387, "attack_pre_std": 0.00438474511912485, "attack_rec_mean": 0.60095, "attack_rec_std": 0.17962650834439775}