{"n_classes": 7, "alpha": 0.001, "max_iter": 300, "lambda_": 0.0001, "tolerance": 1e-05, "sgdDP": false, "L": 1, "C": 1, "epsilon": 1, "delta": 1e-05, "sigma": 0, "outDP_local": false, "outDP_local_epsilon": 1, "train_acc": 0.8943, "test_acc": 0.8545, "attack_acc_mean": 0.5219916666666667, "attack_acc_std": 0.0009778448524973323, "attack_pre_mean": 0.5126897461656176, "attack_pre_std": 0.00014427501896658467, "attack_rec_mean": 0.8887999999999999, "attack_rec_std": 0.0440509175084167}