{"n_classes": 7, "alpha": 0.001, "max_iter": 200, "lambda_": 1e-06, "tolerance": 1e-05, "sgdDP": true, "L": 10, "C": 2, "epsilon": 10000, "delta": 1e-05, "sigma": 0, "outDP_local": false, "outDP_local_epsilon": 1, "train_acc": 0.6208, "test_acc": 0.5766, "attack_acc_mean": 0.5259833333333334, "attack_acc_std": 0.0011186549463033223, "attack_pre_mean": 0.5236529493025676, "attack_pre_std": 0.0032349235952794575, "attack_rec_mean": 0.5862333333333333, "attack_rec_std": 0.0814984389761887}