{"n_classes": 7, "alpha": 0.001, "max_iter": 50, "lambda_": 1e-06, "tolerance": 1e-05, "sgdDP": false, "L": 1, "C": 1, "epsilon": 1, "delta": 1e-05, "sigma": 0, "outDP_local": false, "outDP_local_epsilon": 1, "train_acc": 0.8543, "test_acc": 0.811, "attack_acc_mean": 0.5243333333333333, "attack_acc_std": 0.0011374923687167686, "attack_pre_mean": 0.515199540290345, "attack_pre_std": 0.0010399362829165632, "attack_rec_mean": 0.8304166666666668, "attack_rec_std": 0.08341609390412752}