{"n_classes": 7, "alpha": 0.01, "max_iter": 300, "lambda_": 0.0001, "tolerance": 1e-05, "sgdDP": true, "L": 20, "C": 1.5, "epsilon": 10000, "delta": 1e-05, "sigma": 0, "outDP_local": false, "outDP_local_epsilon": 1, "train_acc": 0.7531, "test_acc": 0.7136, "attack_acc_mean": 0.5251083333333333, "attack_acc_std": 0.001341148968442955, "attack_pre_mean": 0.5173766961996504, "attack_pre_std": 0.002439693221647234, "attack_rec_mean": 0.7547499999999999, "attack_rec_std": 0.0497546563985054}