{"n_classes": 7, "alpha": 0.001, "max_iter": 50, "lambda_": 1e-07, "tolerance": 1e-05, "sgdDP": false, "L": 1, "C": 1, "epsilon": 1, "delta": 1e-05, "sigma": 0, "outDP_local": false, "outDP_local_epsilon": 1, "train_acc": 0.8597, "test_acc": 0.8175, "attack_acc_mean": 0.5232, "attack_acc_std": 0.0019943670675178996, "attack_pre_mean": 0.5143505945519521, "attack_pre_std": 0.00035167747514525745, "attack_rec_mean": 0.8335500000000001, "attack_rec_std": 0.08696232421763653}