{"n_classes": 100, "alpha": 0.01, "max_iter": 10, "lambda_": 0.0001, "tolerance": 1e-05, "sgdDP": true, "L": 1, "C": 1, "epsilon": 10000, "delta": 1e-05, "sigma": 0, "outDP_local": false, "outDP_local_epsilon": 1, "train_acc": 0.3119, "test_acc": 0.2903, "attack_acc_mean": 0.5114863636363636, "attack_acc_std": 0.00048574727299610334, "attack_pre_mean": 0.5120327896081128, "attack_pre_std": 0.000530845545051664, "attack_rec_mean": 0.4888272727272728, "attack_rec_std": 0.0031226710329724542}