{"n_classes": 7, "alpha": 0.001, "max_iter": 300, "lambda_": 1e-06, "tolerance": 1e-05, "sgdDP": true, "L": 1, "C": 5, "epsilon": 10000, "delta": 1e-05, "sigma": 0, "outDP_local": false, "outDP_local_epsilon": 1, "train_acc": 0.7684, "test_acc": 0.7296, "attack_acc_mean": 0.5193416666666666, "attack_acc_std": 0.0003779513490149518, "attack_pre_mean": 0.5131017658183245, "attack_pre_std": 0.00015298074730718032, "attack_rec_mean": 0.7577333333333334, "attack_rec_std": 0.022824888949468193}