{"n_classes": 7, "alpha": 0.01, "max_iter": 300, "lambda_": 0.0001, "tolerance": 1e-05, "sgdDP": true, "L": 10, "C": 9, "epsilon": 10000, "delta": 1e-05, "sigma": 0, "outDP_local": false, "outDP_local_epsilon": 1, "train_acc": 0.848, "test_acc": 0.8063, "attack_acc_mean": 0.5208666666666666, "attack_acc_std": 0.0017742760652039217, "attack_pre_mean": 0.5127505075205835, "attack_pre_std": 0.0005920474526489448, "attack_rec_mean": 0.8375333333333334, "attack_rec_std": 0.03633334862385001}