{"n_classes": 7, "alpha": 0.001, "max_iter": 300, "lambda_": 0.001, "tolerance": 1e-05, "sgdDP": false, "L": 1, "C": 1, "epsilon": 1, "delta": 1e-05, "sigma": 0, "outDP_local": false, "outDP_local_epsilon": 1, "train_acc": 0.8554, "test_acc": 0.816, "attack_acc_mean": 0.5218666666666667, "attack_acc_std": 0.002022100118413765, "attack_pre_mean": 0.5135026406647252, "attack_pre_std": 0.00028852486106564453, "attack_rec_mean": 0.83345, "attack_rec_std": 0.09058728295590576}