{"n_classes": 7, "alpha": 0.01, "max_iter": 100, "lambda_": 0.1, "tolerance": 1e-05, "sgdDP": false, "L": 1, "C": 1, "epsilon": 1, "delta": 1e-05, "sigma": 0, "outDP_local": false, "outDP_local_epsilon": 1, "train_acc": 0.4479, "test_acc": 0.4329, "attack_acc_mean": 0.5068333333333334, "attack_acc_std": 0.0022082547155817217, "attack_pre_mean": 0.5119619224613742, "attack_pre_std": 0.001953822965316299, "attack_rec_mean": 0.28155, "attack_rec_std": 0.06920666514144429}