{"n_classes": 7, "alpha": 0.001, "max_iter": 200, "lambda_": 1e-06, "tolerance": 1e-05, "sgdDP": true, "L": 5, "C": 1, "epsilon": 10000, "delta": 1e-05, "sigma": 0, "outDP_local": false, "outDP_local_epsilon": 1, "train_acc": 0.6033, "test_acc": 0.5562, "attack_acc_mean": 0.5249833333333334, "attack_acc_std": 0.001133088208785568, "attack_pre_mean": 0.5231166291192223, "attack_pre_std": 0.002241930306428004, "attack_rec_mean": 0.5717666666666666, "attack_rec_std": 0.06720316626138649}