{"n_classes": 7, "alpha": 0.001, "max_iter": 300, "lambda_": 0.1, "tolerance": 1e-05, "sgdDP": false, "L": 1, "C": 1, "epsilon": 1, "delta": 1e-05, "sigma": 0, "outDP_local": false, "outDP_local_epsilon": 1, "train_acc": 0.5652, "test_acc": 0.5429, "attack_acc_mean": 0.5092333333333333, "attack_acc_std": 0.003488871195991967, "attack_pre_mean": 0.5230862493415729, "attack_pre_std": 0.0043403449621424615, "attack_rec_mean": 0.19796666666666665, "attack_rec_std": 0.06380273418035382}