{"n_classes": 7, "alpha": 0.001, "max_iter": 100, "lambda_": 1e-06, "tolerance": 1e-05, "sgdDP": false, "L": 1, "C": 1, "epsilon": 1, "delta": 1e-05, "sigma": 0, "outDP_local": false, "outDP_local_epsilon": 1, "train_acc": 0.8812, "test_acc": 0.8383, "attack_acc_mean": 0.5241666666666667, "attack_acc_std": 0.0018440595314565004, "attack_pre_mean": 0.5143227109828398, "attack_pre_std": 0.00010088547883181256, "attack_rec_mean": 0.8675, "attack_rec_std": 0.06225396908363892}