{"n_classes": 7, "alpha": 0.01, "max_iter": 100, "lambda_": 1e-06, "tolerance": 1e-05, "sgdDP": true, "L": 100, "C": 2, "epsilon": 10000, "delta": 1e-05, "sigma": 0, "outDP_local": false, "outDP_local_epsilon": 1, "train_acc": 0.5761, "test_acc": 0.5334, "attack_acc_mean": 0.5226166666666666, "attack_acc_std": 0.0019586701837953457, "attack_pre_mean": 0.5242188131648233, "attack_pre_std": 0.003204002294477251, "attack_rec_mean": 0.5005999999999999, "attack_rec_std": 0.08564309662780765}