{"n_classes": 7, "alpha": 0.01, "max_iter": 300, "lambda_": 1e-06, "tolerance": 1e-05, "sgdDP": true, "L": 5, "C": 7, "epsilon": 10000, "delta": 1e-05, "sigma": 0, "outDP_local": false, "outDP_local_epsilon": 1, "train_acc": 0.8182, "test_acc": 0.7862, "attack_acc_mean": 0.5157166666666666, "attack_acc_std": 0.00036704525909241807, "attack_pre_mean": 0.5098908162649166, "attack_pre_std": 0.0004614353586848039, "attack_rec_mean": 0.8110333333333335, "attack_rec_std": 0.017145326541720386}