{"n_classes": 7, "alpha": 0.001, "max_iter": 200, "lambda_": 1e-06, "tolerance": 1e-05, "sgdDP": true, "L": 100, "C": 1, "epsilon": 10000, "delta": 1e-05, "sigma": 0, "outDP_local": false, "outDP_local_epsilon": 1, "train_acc": 0.472, "test_acc": 0.4516, "attack_acc_mean": 0.5024083333333335, "attack_acc_std": 0.0013242660440997318, "attack_pre_mean": 0.5078877674753325, "attack_pre_std": 0.005198889257470662, "attack_rec_mean": 0.13711666666666664, "attack_rec_std": 0.028584693845172142}