{"n_classes": 7, "alpha": 0.01, "max_iter": 300, "lambda_": 0.0001, "tolerance": 1e-05, "sgdDP": true, "L": 30, "C": 10, "epsilon": 10000, "delta": 1e-05, "sigma": 0, "outDP_local": false, "outDP_local_epsilon": 1, "train_acc": 0.8716, "test_acc": 0.828, "attack_acc_mean": 0.5253, "attack_acc_std": 0.0011146748404803897, "attack_pre_mean": 0.5151595447658365, "attack_pre_std": 0.00047428309455604885, "attack_rec_mean": 0.8615166666666667, "attack_rec_std": 0.05930849901620809}