{"n_classes": 7, "alpha": 0.01, "max_iter": 300, "lambda_": 0.0001, "tolerance": 1e-05, "sgdDP": true, "L": 10, "C": 3, "epsilon": 10000, "delta": 1e-05, "sigma": 0, "outDP_local": false, "outDP_local_epsilon": 1, "train_acc": 0.8473, "test_acc": 0.8075, "attack_acc_mean": 0.5210583333333333, "attack_acc_std": 0.000945787443820707, "attack_pre_mean": 0.512829843539564, "attack_pre_std": 0.0012282464793797, "attack_rec_mean": 0.8451833333333333, "attack_rec_std": 0.035145005176964915}