{"n_classes": 7, "alpha": 0.01, "max_iter": 300, "lambda_": 0.0001, "tolerance": 1e-05, "sgdDP": true, "L": 10, "C": 1.5, "epsilon": 10000, "delta": 1e-05, "sigma": 0, "outDP_local": false, "outDP_local_epsilon": 1, "train_acc": 0.8029, "test_acc": 0.7643, "attack_acc_mean": 0.5243833333333333, "attack_acc_std": 0.000143372087784028, "attack_pre_mean": 0.515606206418689, "attack_pre_std": 0.0007953736671883598, "attack_rec_mean": 0.8075999999999999, "attack_rec_std": 0.03967043399476912}