{"n_classes": 7, "alpha": 0.01, "max_iter": 10, "lambda_": 1e-06, "tolerance": 1e-05, "sgdDP": false, "L": 1, "C": 1, "epsilon": 1, "delta": 1e-05, "sigma": 0, "outDP_local": false, "outDP_local_epsilon": 1, "train_acc": 0.812, "test_acc": 0.7742, "attack_acc_mean": 0.5192333333333333, "attack_acc_std": 0.001179571485281395, "attack_pre_mean": 0.5124246609734586, "attack_pre_std": 7.494360070284266e-05, "attack_rec_mean": 0.793, "attack_rec_std": 0.04490423142644799}