{"n_classes": 7, "alpha": 0.01, "max_iter": 300, "lambda_": 1e-06, "tolerance": 1e-05, "sgdDP": true, "L": 20, "C": 2, "epsilon": 10000, "delta": 1e-05, "sigma": 0, "outDP_local": false, "outDP_local_epsilon": 1, "train_acc": 0.7915, "test_acc": 0.7536, "attack_acc_mean": 0.5237083333333333, "attack_acc_std": 8.858454843947872e-05, "attack_pre_mean": 0.5154596487661051, "attack_pre_std": 0.0011145353704358817, "attack_rec_mean": 0.7938999999999999, "attack_rec_std": 0.047271379642795826}