{"n_classes": 7, "alpha": 0.001, "max_iter": 200, "lambda_": 1e-06, "tolerance": 1e-05, "sgdDP": true, "L": 5, "C": 1.5, "epsilon": 10000, "delta": 1e-05, "sigma": 0, "outDP_local": false, "outDP_local_epsilon": 1, "train_acc": 0.6419, "test_acc": 0.5942, "attack_acc_mean": 0.5264666666666666, "attack_acc_std": 0.00022669117514559706, "attack_pre_mean": 0.5225593506939709, "attack_pre_std": 0.0035231549051858895, "attack_rec_mean": 0.6239833333333333, "attack_rec_std": 0.06975842641255288}