{"n_classes": 7, "alpha": 0.01, "max_iter": 200, "lambda_": 1e-06, "tolerance": 1e-05, "sgdDP": true, "L": 1, "C": 3, "epsilon": 10000, "delta": 1e-05, "sigma": 0, "outDP_local": false, "outDP_local_epsilon": 1, "train_acc": 0.6981, "test_acc": 0.6732, "attack_acc_mean": 0.5124583333333333, "attack_acc_std": 0.0006534629973371888, "attack_pre_mean": 0.5090909870150829, "attack_pre_std": 0.0004704552885318983, "attack_rec_mean": 0.6976333333333334, "attack_rec_std": 0.0011869662543176791}