{"n_classes": 7, "alpha": 0.001, "max_iter": 200, "lambda_": 1e-06, "tolerance": 1e-05, "sgdDP": true, "L": 100, "C": 3, "epsilon": 10000, "delta": 1e-05, "sigma": 0, "outDP_local": false, "outDP_local_epsilon": 1, "train_acc": 0.5199, "test_acc": 0.4875, "attack_acc_mean": 0.5141833333333333, "attack_acc_std": 0.004445472103412896, "attack_pre_mean": 0.523353947765386, "attack_pre_std": 0.0030717911665891994, "attack_rec_mean": 0.30815, "attack_rec_std": 0.07833183154588774}