{"n_classes": 7, "alpha": 0.01, "max_iter": 300, "lambda_": 0.0001, "tolerance": 1e-05, "sgdDP": true, "L": 5, "C": 2, "epsilon": 10000, "delta": 1e-05, "sigma": 0, "outDP_local": false, "outDP_local_epsilon": 1, "train_acc": 0.8393, "test_acc": 0.7966, "attack_acc_mean": 0.5239916666666667, "attack_acc_std": 7.312470322825961e-05, "attack_pre_mean": 0.5148183347058076, "attack_pre_std": 0.000584049071604922, "attack_rec_mean": 0.8346833333333333, "attack_rec_std": 0.029646046204436043}