{"n_classes": 7, "alpha": 0.001, "max_iter": 300, "lambda_": 1e-06, "tolerance": 1e-05, "sgdDP": true, "L": 1, "C": 4, "epsilon": 10000, "delta": 1e-05, "sigma": 0, "outDP_local": false, "outDP_local_epsilon": 1, "train_acc": 0.7801, "test_acc": 0.7506, "attack_acc_mean": 0.5159666666666668, "attack_acc_std": 0.00022852182001334298, "attack_pre_mean": 0.5105766289683838, "attack_pre_std": 0.0005142414927809318, "attack_rec_mean": 0.7719499999999999, "attack_rec_std": 0.024038354768993672}