{"n_classes": 7, "alpha": 0.01, "max_iter": 100, "lambda_": 1e-06, "tolerance": 1e-05, "sgdDP": true, "L": 50, "C": 2, "epsilon": 10000, "delta": 1e-05, "sigma": 0, "outDP_local": false, "outDP_local_epsilon": 1, "train_acc": 0.6195, "test_acc": 0.5734, "attack_acc_mean": 0.52455, "attack_acc_std": 0.00024999999999998727, "attack_pre_mean": 0.5225230067145001, "attack_pre_std": 0.003921198440795245, "attack_rec_mean": 0.5831833333333333, "attack_rec_std": 0.07856859883071751}