{"n_classes": 7, "alpha": 0.001, "max_iter": 300, "lambda_": 1e-06, "tolerance": 1e-05, "sgdDP": true, "L": 1, "C": 1, "epsilon": 10000, "delta": 1e-05, "sigma": 0, "outDP_local": false, "outDP_local_epsilon": 1, "train_acc": 0.7548, "test_acc": 0.7234, "attack_acc_mean": 0.5216166666666666, "attack_acc_std": 0.0016499158227685944, "attack_pre_mean": 0.5147653784345804, "attack_pre_std": 0.002050780473322133, "attack_rec_mean": 0.7588, "attack_rec_std": 0.03564463493991765}