{"n_classes": 7, "alpha": 0.001, "max_iter": 50, "lambda_": 0.01, "tolerance": 1e-05, "sgdDP": false, "L": 1, "C": 1, "epsilon": 1, "delta": 1e-05, "sigma": 0, "outDP_local": false, "outDP_local_epsilon": 1, "train_acc": 0.7214, "test_acc": 0.6895, "attack_acc_mean": 0.521725, "attack_acc_std": 0.003773896085833134, "attack_pre_mean": 0.5208371959846257, "attack_pre_std": 0.006181835612091887, "attack_rec_mean": 0.5934, "attack_rec_std": 0.17361028195357556}