{"n_classes": 7, "alpha": 0.01, "max_iter": 200, "lambda_": 1e-06, "tolerance": 1e-05, "sgdDP": true, "L": 100, "C": 2, "epsilon": 10000, "delta": 1e-05, "sigma": 0, "outDP_local": false, "outDP_local_epsilon": 1, "train_acc": 0.6182, "test_acc": 0.5713, "attack_acc_mean": 0.5262833333333333, "attack_acc_std": 0.0008658650138573665, "attack_pre_mean": 0.5240261213945845, "attack_pre_std": 0.0035333531659915477, "attack_rec_mean": 0.5849166666666666, "attack_rec_std": 0.080149140495842}