{"n_classes": 7, "alpha": 0.01, "max_iter": 300, "lambda_": 1e-06, "tolerance": 1e-05, "sgdDP": true, "L": 10, "C": 6, "epsilon": 10000, "delta": 1e-05, "sigma": 0, "outDP_local": false, "outDP_local_epsilon": 1, "train_acc": 0.8645, "test_acc": 0.8242, "attack_acc_mean": 0.5213166666666665, "attack_acc_std": 0.00011785113019774495, "attack_pre_mean": 0.5127671846260595, "attack_pre_std": 0.000419434942242187, "attack_rec_mean": 0.8571, "attack_rec_std": 0.029474226028854432}