{"n_classes": 7, "alpha": 0.001, "max_iter": 300, "lambda_": 1e-06, "tolerance": 1e-05, "sgdDP": true, "L": 10, "C": 5, "epsilon": 10000, "delta": 1e-05, "sigma": 0, "outDP_local": false, "outDP_local_epsilon": 1, "train_acc": 0.7762, "test_acc": 0.731, "attack_acc_mean": 0.52665, "attack_acc_std": 0.0005180090089306917, "attack_pre_mean": 0.51859673851624, "attack_pre_std": 0.0025437726384948275, "attack_rec_mean": 0.7554833333333334, "attack_rec_std": 0.09059831522838725}