{"n_classes": 7, "alpha": 0.01, "max_iter": 300, "lambda_": 1e-06, "tolerance": 1e-05, "sgdDP": true, "L": 5, "C": 10, "epsilon": 10000, "delta": 1e-05, "sigma": 0, "outDP_local": false, "outDP_local_epsilon": 1, "train_acc": 0.799, "test_acc": 0.764, "attack_acc_mean": 0.5168, "attack_acc_std": 0.001231191834497494, "attack_pre_mean": 0.5108117866222481, "attack_pre_std": 0.0006137746751092889, "attack_rec_mean": 0.7929166666666667, "attack_rec_std": 0.015572884197290563}