{"n_classes": 7, "alpha": 0.01, "max_iter": 10, "lambda_": 0.1, "tolerance": 1e-05, "sgdDP": false, "L": 1, "C": 1, "epsilon": 1, "delta": 1e-05, "sigma": 0, "outDP_local": false, "outDP_local_epsilon": 1, "train_acc": 0.4511, "test_acc": 0.439, "attack_acc_mean": 0.5080416666666666, "attack_acc_std": 0.00030196118219985737, "attack_pre_mean": 0.5159765226487628, "attack_pre_std": 0.0070498966357283475, "attack_rec_mean": 0.2920833333333333, "attack_rec_std": 0.07364892885997881}