{"n_classes": 7, "alpha": 0.001, "max_iter": 200, "lambda_": 1e-06, "tolerance": 1e-05, "sgdDP": true, "L": 1, "C": 2, "epsilon": 10000, "delta": 1e-05, "sigma": 0, "outDP_local": false, "outDP_local_epsilon": 1, "train_acc": 0.7726, "test_acc": 0.7334, "attack_acc_mean": 0.520725, "attack_acc_std": 0.0007290118883347079, "attack_pre_mean": 0.5139515965891127, "attack_pre_std": 0.0012655235726151686, "attack_rec_mean": 0.7667166666666668, "attack_rec_std": 0.035072040937983}