{"n_classes": 7, "alpha": 0.01, "max_iter": 300, "lambda_": 0.0001, "tolerance": 1e-05, "sgdDP": true, "L": 10, "C": 10, "epsilon": 10000, "delta": 1e-05, "sigma": 0, "outDP_local": false, "outDP_local_epsilon": 1, "train_acc": 0.8374, "test_acc": 0.7985, "attack_acc_mean": 0.5202583333333334, "attack_acc_std": 0.0016604258155331626, "attack_pre_mean": 0.5124996645382169, "attack_pre_std": 0.0005662347729885354, "attack_rec_mean": 0.8291500000000002, "attack_rec_std": 0.03414633948170725}