{"n_classes": 7, "alpha": 0.01, "max_iter": 100, "lambda_": 1e-06, "tolerance": 1e-05, "sgdDP": true, "L": 10, "C": 2, "epsilon": 10000, "delta": 1e-05, "sigma": 0, "outDP_local": false, "outDP_local_epsilon": 1, "train_acc": 0.7554, "test_acc": 0.7107, "attack_acc_mean": 0.524875, "attack_acc_std": 0.0014261691110570849, "attack_pre_mean": 0.5172740204453996, "attack_pre_std": 0.0026480855531235987, "attack_rec_mean": 0.7533666666666666, "attack_rec_std": 0.05391952851755617}