{"n_classes": 7, "alpha": 0.01, "max_iter": 300, "lambda_": 0.0001, "tolerance": 1e-05, "sgdDP": true, "L": 20, "C": 8, "epsilon": 10000, "delta": 1e-05, "sigma": 0, "outDP_local": false, "outDP_local_epsilon": 1, "train_acc": 0.8724, "test_acc": 0.8259, "attack_acc_mean": 0.52365, "attack_acc_std": 0.0002857738033247212, "attack_pre_mean": 0.5141996313044667, "attack_pre_std": 0.0008045148102246045, "attack_rec_mean": 0.8591166666666666, "attack_rec_std": 0.04844754609082097}