{"n_classes": 7, "alpha": 0.001, "max_iter": 300, "lambda_": 1e-06, "tolerance": 1e-05, "sgdDP": true, "L": 10, "C": 3, "epsilon": 10000, "delta": 1e-05, "sigma": 0, "outDP_local": false, "outDP_local_epsilon": 1, "train_acc": 0.7041, "test_acc": 0.6616, "attack_acc_mean": 0.5276916666666667, "attack_acc_std": 0.0004305197117696441, "attack_pre_mean": 0.5213274296048586, "attack_pre_std": 0.0037390382440490168, "attack_rec_mean": 0.6911999999999999, "attack_rec_std": 0.08125989170556407}