{"n_classes": 7, "alpha": 0.001, "max_iter": 200, "lambda_": 1e-06, "tolerance": 1e-05, "sgdDP": true, "L": 5, "C": 2, "epsilon": 10000, "delta": 1e-05, "sigma": 0, "outDP_local": false, "outDP_local_epsilon": 1, "train_acc": 0.6772, "test_acc": 0.6301, "attack_acc_mean": 0.5273499999999999, "attack_acc_std": 0.0005634713834792244, "attack_pre_mean": 0.5218729011395927, "attack_pre_std": 0.0025545937092655117, "attack_rec_mean": 0.6609333333333333, "attack_rec_std": 0.07233023034818997}