{"n_classes": 7, "alpha": 0.01, "max_iter": 200, "lambda_": 1e-06, "tolerance": 1e-05, "sgdDP": true, "L": 10, "C": 1.5, "epsilon": 10000, "delta": 1e-05, "sigma": 0, "outDP_local": false, "outDP_local_epsilon": 1, "train_acc": 0.7801, "test_acc": 0.7385, "attack_acc_mean": 0.5254583333333332, "attack_acc_std": 0.00015656911856711556, "attack_pre_mean": 0.5168552326345318, "attack_pre_std": 0.0011627477284965112, "attack_rec_mean": 0.7836666666666666, "attack_rec_std": 0.04349968071402618}