{"n_classes": 7, "alpha": 0.01, "max_iter": 300, "lambda_": 1e-06, "tolerance": 1e-05, "sgdDP": true, "L": 5, "C": 9, "epsilon": 10000, "delta": 1e-05, "sigma": 0, "outDP_local": false, "outDP_local_epsilon": 1, "train_acc": 0.8068, "test_acc": 0.7686, "attack_acc_mean": 0.5185750000000001, "attack_acc_std": 0.00041907636535599995, "attack_pre_mean": 0.5118600627671129, "attack_pre_std": 4.4851496590810215e-05, "attack_rec_mean": 0.8016333333333335, "attack_rec_std": 0.016387461331423138}