{"n_classes": 7, "alpha": 0.001, "max_iter": 200, "lambda_": 1e-06, "tolerance": 1e-05, "sgdDP": true, "L": 1, "C": 1, "epsilon": 10000, "delta": 1e-05, "sigma": 0, "outDP_local": false, "outDP_local_epsilon": 1, "train_acc": 0.7252, "test_acc": 0.6796, "attack_acc_mean": 0.5253166666666667, "attack_acc_std": 0.00041599946581161775, "attack_pre_mean": 0.5182739011923484, "attack_pre_std": 0.0009214762791316751, "attack_rec_mean": 0.72015, "attack_rec_std": 0.042778216808713895}