{"n_classes": 7, "alpha": 0.001, "max_iter": 300, "lambda_": 1e-07, "tolerance": 1e-05, "sgdDP": false, "L": 1, "C": 1, "epsilon": 1, "delta": 1e-05, "sigma": 0, "outDP_local": false, "outDP_local_epsilon": 1, "train_acc": 0.8984, "test_acc": 0.8574, "attack_acc_mean": 0.522725, "attack_acc_std": 0.001176417584590319, "attack_pre_mean": 0.5130196953809026, "attack_pre_std": 0.00014856381709990778, "attack_rec_mean": 0.89505, "attack_rec_std": 0.037544939738931506}