{"n_classes": 7, "alpha": 0.01, "max_iter": 100, "lambda_": 1e-06, "tolerance": 1e-05, "sgdDP": true, "L": 10, "C": 1.5, "epsilon": 10000, "delta": 1e-05, "sigma": 0, "outDP_local": false, "outDP_local_epsilon": 1, "train_acc": 0.7188, "test_acc": 0.6758, "attack_acc_mean": 0.5273666666666667, "attack_acc_std": 0.00033249895572100426, "attack_pre_mean": 0.5199660460576011, "attack_pre_std": 0.002139434009633771, "attack_rec_mean": 0.7186166666666667, "attack_rec_std": 0.05492638760701049}