{"n_classes": 7, "alpha": 0.001, "max_iter": 100, "lambda_": 1e-05, "tolerance": 1e-05, "sgdDP": false, "L": 1, "C": 1, "epsilon": 1, "delta": 1e-05, "sigma": 0, "outDP_local": false, "outDP_local_epsilon": 1, "train_acc": 0.8757, "test_acc": 0.8351, "attack_acc_mean": 0.5214333333333333, "attack_acc_std": 0.0006141841924229528, "attack_pre_mean": 0.5127468328369689, "attack_pre_std": 0.0006568801427427143, "attack_rec_mean": 0.8651833333333333, "attack_rec_std": 0.060277757552479945}