{"n_classes": 7, "alpha": 0.01, "max_iter": 300, "lambda_": 0.0001, "tolerance": 1e-05, "sgdDP": true, "L": 30, "C": 8, "epsilon": 10000, "delta": 1e-05, "sigma": 0, "outDP_local": false, "outDP_local_epsilon": 1, "train_acc": 0.8674, "test_acc": 0.8243, "attack_acc_mean": 0.5246166666666666, "attack_acc_std": 0.001194664062497154, "attack_pre_mean": 0.5148606178748881, "attack_pre_std": 0.0003983540681805515, "attack_rec_mean": 0.8544499999999999, "attack_rec_std": 0.060576088516839724}