{"n_classes": 7, "alpha": 0.01, "max_iter": 100, "lambda_": 1e-06, "tolerance": 1e-05, "sgdDP": true, "L": 1, "C": 3, "epsilon": 10000, "delta": 1e-05, "sigma": 0, "outDP_local": false, "outDP_local_epsilon": 1, "train_acc": 0.6708, "test_acc": 0.6369, "attack_acc_mean": 0.5164000000000001, "attack_acc_std": 0.0008103497187429154, "attack_pre_mean": 0.5125758562488884, "attack_pre_std": 0.0005574086982790891, "attack_rec_mean": 0.6682833333333332, "attack_rec_std": 0.004425839531157408}