{"n_classes": 7, "alpha": 0.001, "max_iter": 10, "lambda_": 0.001, "tolerance": 1e-05, "sgdDP": false, "L": 1, "C": 1, "epsilon": 1, "delta": 1e-05, "sigma": 0, "outDP_local": false, "outDP_local_epsilon": 1, "train_acc": 0.748, "test_acc": 0.7066, "attack_acc_mean": 0.5247, "attack_acc_std": 0.002853360591770112, "attack_pre_mean": 0.5200515744412014, "attack_pre_std": 0.0047306220450088, "attack_rec_mean": 0.6778833333333333, "attack_rec_std": 0.1609458337108758}