{"n_classes": 7, "alpha": 0.001, "max_iter": 200, "lambda_": 1e-06, "tolerance": 1e-05, "sgdDP": true, "L": 50, "C": 1.5, "epsilon": 10000, "delta": 1e-05, "sigma": 0, "outDP_local": false, "outDP_local_epsilon": 1, "train_acc": 0.5119, "test_acc": 0.4835, "attack_acc_mean": 0.5139333333333335, "attack_acc_std": 0.004445472103412889, "attack_pre_mean": 0.5225331303010448, "attack_pre_std": 0.0038344751732615006, "attack_rec_mean": 0.31138333333333335, "attack_rec_std": 0.07347093340604538}