{"n_classes": 7, "alpha": 0.01, "max_iter": 300, "lambda_": 0.0001, "tolerance": 1e-05, "sgdDP": true, "L": 10, "C": 7, "epsilon": 10000, "delta": 1e-05, "sigma": 0, "outDP_local": false, "outDP_local_epsilon": 1, "train_acc": 0.8586, "test_acc": 0.8129, "attack_acc_mean": 0.523275, "attack_acc_std": 0.0006381940666181917, "attack_pre_mean": 0.5141398935400676, "attack_pre_std": 0.0002570571410699495, "attack_rec_mean": 0.8468833333333333, "attack_rec_std": 0.03523849299968557}