{"n_classes": 7, "alpha": 0.01, "max_iter": 300, "lambda_": 1e-06, "tolerance": 1e-05, "sgdDP": true, "L": 10, "C": 1, "epsilon": 10000, "delta": 1e-05, "sigma": 0, "outDP_local": false, "outDP_local_epsilon": 1, "train_acc": 0.769, "test_acc": 0.727, "attack_acc_mean": 0.5267416666666666, "attack_acc_std": 0.00036333715594319513, "attack_pre_mean": 0.517943516305289, "attack_pre_std": 0.0013072790977569598, "attack_rec_mean": 0.7747666666666667, "attack_rec_std": 0.03893959709886869}