{"n_classes": 7, "alpha": 0.01, "max_iter": 300, "lambda_": 0.0001, "tolerance": 1e-05, "sgdDP": true, "L": 5, "C": 6, "epsilon": 10000, "delta": 1e-05, "sigma": 0, "outDP_local": false, "outDP_local_epsilon": 1, "train_acc": 0.8135, "test_acc": 0.7751, "attack_acc_mean": 0.520225, "attack_acc_std": 0.0011528045512285727, "attack_pre_mean": 0.5128519244898712, "attack_pre_std": 0.00037365917535613053, "attack_rec_mean": 0.8064, "attack_rec_std": 0.024419322949937258}