{"n_classes": 7, "alpha": 0.001, "max_iter": 50, "lambda_": 1e-05, "tolerance": 1e-05, "sgdDP": false, "L": 1, "C": 1, "epsilon": 1, "delta": 1e-05, "sigma": 0, "outDP_local": false, "outDP_local_epsilon": 1, "train_acc": 0.8543, "test_acc": 0.8148, "attack_acc_mean": 0.5216500000000001, "attack_acc_std": 0.0014352700094407392, "attack_pre_mean": 0.5134284233095369, "attack_pre_std": 0.0006820341344656213, "attack_rec_mean": 0.83215, "attack_rec_std": 0.08790484912676887}