{"n_classes": 7, "alpha": 0.01, "max_iter": 10, "lambda_": 0.0001, "tolerance": 1e-05, "sgdDP": false, "L": 1, "C": 1, "epsilon": 1, "delta": 1e-05, "sigma": 0, "outDP_local": false, "outDP_local_epsilon": 1, "train_acc": 0.8092, "test_acc": 0.7764, "attack_acc_mean": 0.5155166666666667, "attack_acc_std": 0.001105164643340029, "attack_pre_mean": 0.510026162898891, "attack_pre_std": 0.00010334924058362998, "attack_rec_mean": 0.7888666666666667, "attack_rec_std": 0.04962847524915064}