{"n_classes": 7, "alpha": 0.01, "max_iter": 300, "lambda_": 1e-06, "tolerance": 1e-05, "sgdDP": true, "L": 10, "C": 4, "epsilon": 10000, "delta": 1e-05, "sigma": 0, "outDP_local": false, "outDP_local_epsilon": 1, "train_acc": 0.8659, "test_acc": 0.8251, "attack_acc_mean": 0.5220083333333333, "attack_acc_std": 0.0007190367785369995, "attack_pre_mean": 0.5131445889229621, "attack_pre_std": 0.0009566307915591087, "attack_rec_mean": 0.86135, "attack_rec_std": 0.029272327660551108}