{"n_classes": 7, "alpha": 0.01, "max_iter": 300, "lambda_": 0.0001, "tolerance": 1e-05, "sgdDP": true, "L": 20, "C": 3, "epsilon": 10000, "delta": 1e-05, "sigma": 0, "outDP_local": false, "outDP_local_epsilon": 1, "train_acc": 0.8279, "test_acc": 0.7849, "attack_acc_mean": 0.5247666666666667, "attack_acc_std": 7.453559925001375e-05, "attack_pre_mean": 0.5154726381567957, "attack_pre_std": 0.0010522147987864347, "attack_rec_mean": 0.8283833333333334, "attack_rec_std": 0.04824895220508822}