{"n_classes": 7, "alpha": 0.001, "max_iter": 300, "lambda_": 1e-06, "tolerance": 1e-05, "sgdDP": true, "L": 10, "C": 4, "epsilon": 10000, "delta": 1e-05, "sigma": 0, "outDP_local": false, "outDP_local_epsilon": 1, "train_acc": 0.7443, "test_acc": 0.7058, "attack_acc_mean": 0.5262333333333333, "attack_acc_std": 0.0007045487129282797, "attack_pre_mean": 0.5190699437784992, "attack_pre_std": 0.003677557819004283, "attack_rec_mean": 0.7309, "attack_rec_std": 0.08667142935631479}