{"n_classes": 7, "alpha": 0.01, "max_iter": 100, "lambda_": 1e-06, "tolerance": 1e-05, "sgdDP": true, "L": 5, "C": 2, "epsilon": 10000, "delta": 1e-05, "sigma": 0, "outDP_local": false, "outDP_local_epsilon": 1, "train_acc": 0.7994, "test_acc": 0.7582, "attack_acc_mean": 0.5231083333333334, "attack_acc_std": 0.0012640598175016318, "attack_pre_mean": 0.5150268519221526, "attack_pre_std": 0.0017628691697487277, "attack_rec_mean": 0.79675, "attack_rec_std": 0.03924346017703674}