{"n_classes": 7, "alpha": 0.01, "max_iter": 300, "lambda_": 1e-06, "tolerance": 1e-05, "sgdDP": true, "L": 10, "C": 3, "epsilon": 10000, "delta": 1e-05, "sigma": 0, "outDP_local": false, "outDP_local_epsilon": 1, "train_acc": 0.8537, "test_acc": 0.8148, "attack_acc_mean": 0.5215500000000001, "attack_acc_std": 0.0015663120165960904, "attack_pre_mean": 0.5129969566497212, "attack_pre_std": 0.0015363162851551983, "attack_rec_mean": 0.8543166666666667, "attack_rec_std": 0.02997479033380476}