{"n_classes": 7, "alpha": 0.001, "max_iter": 200, "lambda_": 0.1, "tolerance": 1e-05, "sgdDP": false, "L": 1, "C": 1, "epsilon": 1, "delta": 1e-05, "sigma": 0, "outDP_local": false, "outDP_local_epsilon": 1, "train_acc": 0.5583, "test_acc": 0.5199, "attack_acc_mean": 0.5099916666666666, "attack_acc_std": 0.0036877518746370164, "attack_pre_mean": 0.5243290298740028, "attack_pre_std": 0.004521462923262024, "attack_rec_mean": 0.20431666666666662, "attack_rec_std": 0.06311012641054964}