{"n_classes": 7, "alpha": 0.001, "max_iter": 300, "lambda_": 0.01, "tolerance": 1e-05, "sgdDP": false, "L": 1, "C": 1, "epsilon": 1, "delta": 1e-05, "sigma": 0, "outDP_local": false, "outDP_local_epsilon": 1, "train_acc": 0.7239, "test_acc": 0.6888, "attack_acc_mean": 0.5189500000000001, "attack_acc_std": 0.003940706366461058, "attack_pre_mean": 0.5176124190987571, "attack_pre_std": 0.004405127623372504, "attack_rec_mean": 0.6013666666666667, "attack_rec_std": 0.18173469368529743}