{"n_classes": 7, "alpha": 0.01, "max_iter": 300, "lambda_": 1e-06, "tolerance": 1e-05, "sgdDP": true, "L": 30, "C": 8, "epsilon": 10000, "delta": 1e-05, "sigma": 0, "outDP_local": false, "outDP_local_epsilon": 1, "train_acc": 0.8704, "test_acc": 0.8259, "attack_acc_mean": 0.5255, "attack_acc_std": 0.001069267662156366, "attack_pre_mean": 0.51533423966983, "attack_pre_std": 0.0004509103724489815, "attack_rec_mean": 0.8585333333333333, "attack_rec_std": 0.05609693000116455}