{"n_classes": 7, "alpha": 0.01, "max_iter": 100, "lambda_": 1e-06, "tolerance": 1e-05, "sgdDP": true, "L": 100, "C": 3, "epsilon": 10000, "delta": 1e-05, "sigma": 0, "outDP_local": false, "outDP_local_epsilon": 1, "train_acc": 0.6088, "test_acc": 0.5637, "attack_acc_mean": 0.5248499999999999, "attack_acc_std": 0.0024396037929685973, "attack_pre_mean": 0.5238074821975837, "attack_pre_std": 0.002520645614302029, "attack_rec_mean": 0.5563, "attack_rec_std": 0.09275320299950114}