{"n_classes": 7, "alpha": 0.01, "max_iter": 200, "lambda_": 1e-06, "tolerance": 1e-05, "sgdDP": true, "L": 5, "C": 2, "epsilon": 10000, "delta": 1e-05, "sigma": 0, "outDP_local": false, "outDP_local_epsilon": 1, "train_acc": 0.8318, "test_acc": 0.7978, "attack_acc_mean": 0.5196083333333333, "attack_acc_std": 0.0013392835978819021, "attack_pre_mean": 0.512133267533339, "attack_pre_std": 0.0013393533481154663, "attack_rec_mean": 0.8308166666666666, "attack_rec_std": 0.02737921454112389}