{"n_classes": 7, "alpha": 0.01, "max_iter": 100, "lambda_": 1e-06, "tolerance": 1e-05, "sgdDP": true, "L": 50, "C": 1, "epsilon": 10000, "delta": 1e-05, "sigma": 0, "outDP_local": false, "outDP_local_epsilon": 1, "train_acc": 0.5646, "test_acc": 0.526, "attack_acc_mean": 0.5224333333333333, "attack_acc_std": 0.0017191729277637006, "attack_pre_mean": 0.5239757856833744, "attack_pre_std": 0.002974765048501289, "attack_rec_mean": 0.49990000000000007, "attack_rec_std": 0.07942690560089406}