{"n_classes": 7, "alpha": 0.01, "max_iter": 10, "lambda_": 0.01, "tolerance": 1e-05, "sgdDP": false, "L": 1, "C": 1, "epsilon": 1, "delta": 1e-05, "sigma": 0, "outDP_local": false, "outDP_local_epsilon": 1, "train_acc": 0.5853, "test_acc": 0.5695, "attack_acc_mean": 0.507, "attack_acc_std": 0.0017900186218770746, "attack_pre_mean": 0.5069371253422398, "attack_pre_std": 0.0010019981647586523, "attack_rec_mean": 0.5003, "attack_rec_std": 0.0796950646736254}