{"n_classes": 7, "alpha": 0.01, "max_iter": 100, "lambda_": 1e-06, "tolerance": 1e-05, "sgdDP": true, "L": 100, "C": 1.5, "epsilon": 10000, "delta": 1e-05, "sigma": 0, "outDP_local": false, "outDP_local_epsilon": 1, "train_acc": 0.5565, "test_acc": 0.5188, "attack_acc_mean": 0.5221166666666667, "attack_acc_std": 0.0030748532033614503, "attack_pre_mean": 0.5254291293248091, "attack_pre_std": 0.002239964176557532, "attack_rec_mean": 0.4645166666666667, "attack_rec_std": 0.08882483542843683}