{"n_classes": 7, "alpha": 0.01, "max_iter": 300, "lambda_": 0.0001, "tolerance": 1e-05, "sgdDP": true, "L": 10, "C": 8, "epsilon": 10000, "delta": 1e-05, "sigma": 0, "outDP_local": false, "outDP_local_epsilon": 1, "train_acc": 0.8532, "test_acc": 0.8245, "attack_acc_mean": 0.5164166666666666, "attack_acc_std": 0.0006890008869531527, "attack_pre_mean": 0.5099304090262714, "attack_pre_std": 0.0008807778153140272, "attack_rec_mean": 0.8459833333333332, "attack_rec_std": 0.032954939774722025}