{"n_classes": 7, "alpha": 0.01, "max_iter": 300, "lambda_": 0.0001, "tolerance": 1e-05, "sgdDP": true, "L": 20, "C": 1, "epsilon": 10000, "delta": 1e-05, "sigma": 0, "outDP_local": false, "outDP_local_epsilon": 1, "train_acc": 0.7033, "test_acc": 0.6608, "attack_acc_mean": 0.5272166666666668, "attack_acc_std": 4.714045207909797e-05, "attack_pre_mean": 0.520243016873552, "attack_pre_std": 0.0018407477425282104, "attack_rec_mean": 0.70425, "attack_rec_std": 0.052616149295313004}