{"n_classes": 7, "alpha": 0.01, "max_iter": 300, "lambda_": 0.0001, "tolerance": 1e-05, "sgdDP": true, "L": 10, "C": 2, "epsilon": 10000, "delta": 1e-05, "sigma": 0, "outDP_local": false, "outDP_local_epsilon": 1, "train_acc": 0.8265, "test_acc": 0.7854, "attack_acc_mean": 0.5232583333333333, "attack_acc_std": 0.00017420454133637141, "attack_pre_mean": 0.5145195518104856, "attack_pre_std": 0.0006176532661299491, "attack_rec_mean": 0.8257499999999999, "attack_rec_std": 0.03691985689751971}