{"n_classes": 7, "alpha": 0.001, "max_iter": 300, "lambda_": 1e-06, "tolerance": 1e-05, "sgdDP": true, "L": 20, "C": 2, "epsilon": 10000, "delta": 1e-05, "sigma": 0, "outDP_local": false, "outDP_local_epsilon": 1, "train_acc": 0.5994, "test_acc": 0.555, "attack_acc_mean": 0.5262166666666667, "attack_acc_std": 0.002154581681492319, "attack_pre_mean": 0.5252836115096201, "attack_pre_std": 0.0025510467887526794, "attack_rec_mean": 0.55285, "attack_rec_std": 0.08325084083659455}