{"n_classes": 7, "alpha": 0.01, "max_iter": 200, "lambda_": 1e-06, "tolerance": 1e-05, "sgdDP": true, "L": 1, "C": 2, "epsilon": 10000, "delta": 1e-05, "sigma": 0, "outDP_local": false, "outDP_local_epsilon": 1, "train_acc": 0.718, "test_acc": 0.6964, "attack_acc_mean": 0.5123249999999999, "attack_acc_std": 0.0002136000936329559, "attack_pre_mean": 0.5087361637025011, "attack_pre_std": 0.00021604521155662142, "attack_rec_mean": 0.7178499999999999, "attack_rec_std": 0.004807546151624556}