{"n_classes": 7, "alpha": 0.01, "max_iter": 300, "lambda_": 1e-06, "tolerance": 1e-05, "sgdDP": true, "L": 30, "C": 10, "epsilon": 10000, "delta": 1e-05, "sigma": 0, "outDP_local": false, "outDP_local_epsilon": 1, "train_acc": 0.8735, "test_acc": 0.8276, "attack_acc_mean": 0.525025, "attack_acc_std": 0.0011725151029588939, "attack_pre_mean": 0.5149562606492911, "attack_pre_std": 0.0003802449669383912, "attack_rec_mean": 0.8629666666666665, "attack_rec_std": 0.05718419556330422}