{"n_classes": 7, "alpha": 0.01, "max_iter": 300, "lambda_": 1e-06, "tolerance": 1e-05, "sgdDP": true, "L": 10, "C": 5, "epsilon": 10000, "delta": 1e-05, "sigma": 0, "outDP_local": false, "outDP_local_epsilon": 1, "train_acc": 0.8715, "test_acc": 0.8253, "attack_acc_mean": 0.524675, "attack_acc_std": 0.0005218157401484265, "attack_pre_mean": 0.5146936245984736, "attack_pre_std": 0.0009259217487346575, "attack_rec_mean": 0.8663833333333333, "attack_rec_std": 0.03259465276527562}