{"n_classes": 7, "alpha": 0.01, "max_iter": 300, "lambda_": 1e-06, "tolerance": 1e-05, "sgdDP": true, "L": 10, "C": 1.5, "epsilon": 10000, "delta": 1e-05, "sigma": 0, "outDP_local": false, "outDP_local_epsilon": 1, "train_acc": 0.8128, "test_acc": 0.773, "attack_acc_mean": 0.5238583333333334, "attack_acc_std": 0.0001238839062276717, "attack_pre_mean": 0.5150811871547484, "attack_pre_std": 0.0006952065438588925, "attack_rec_mean": 0.8165333333333334, "attack_rec_std": 0.03659875529152445}