{"n_classes": 7, "alpha": 0.01, "max_iter": 300, "lambda_": 1e-06, "tolerance": 1e-05, "sgdDP": true, "L": 5, "C": 3, "epsilon": 10000, "delta": 1e-05, "sigma": 0, "outDP_local": false, "outDP_local_epsilon": 1, "train_acc": 0.8558, "test_acc": 0.8073, "attack_acc_mean": 0.5233916666666666, "attack_acc_std": 6.718548123581384e-05, "attack_pre_mean": 0.5141884808619165, "attack_pre_std": 0.0003826265245021253, "attack_rec_mean": 0.8483166666666667, "attack_rec_std": 0.022594572848855167}