{"n_classes": 7, "alpha": 0.001, "max_iter": 300, "lambda_": 1e-06, "tolerance": 1e-05, "sgdDP": true, "L": 5, "C": 1, "epsilon": 10000, "delta": 1e-05, "sigma": 0, "outDP_local": false, "outDP_local_epsilon": 1, "train_acc": 0.6337, "test_acc": 0.5848, "attack_acc_mean": 0.5263083333333333, "attack_acc_std": 6.718548123581385e-05, "attack_pre_mean": 0.5227021611949185, "attack_pre_std": 0.003045266162601187, "attack_rec_mean": 0.6142166666666666, "attack_rec_std": 0.0632443256128344}