{"n_classes": 7, "alpha": 0.001, "max_iter": 300, "lambda_": 1e-06, "tolerance": 1e-05, "sgdDP": true, "L": 1, "C": 1.5, "epsilon": 10000, "delta": 1e-05, "sigma": 0, "outDP_local": false, "outDP_local_epsilon": 1, "train_acc": 0.7838, "test_acc": 0.7415, "attack_acc_mean": 0.5245083333333334, "attack_acc_std": 0.0008652632868414113, "attack_pre_mean": 0.5161726867550852, "attack_pre_std": 0.00018300362841147221, "attack_rec_mean": 0.7825333333333333, "attack_rec_std": 0.033914139955023015}