{"n_classes": 7, "alpha": 0.01, "max_iter": 300, "lambda_": 1e-07, "tolerance": 1e-05, "sgdDP": false, "L": 1, "C": 1, "epsilon": 1, "delta": 1e-05, "sigma": 0, "outDP_local": false, "outDP_local_epsilon": 1, "train_acc": 0.5117, "test_acc": 0.4906, "attack_acc_mean": 0.5123083333333334, "attack_acc_std": 0.001470378824959369, "attack_pre_mean": 0.5157394248834408, "attack_pre_std": 0.0018166124227108618, "attack_rec_mean": 0.41206666666666664, "attack_rec_std": 0.07789177677321842}