{"n_classes": 7, "alpha": 0.01, "max_iter": 300, "lambda_": 0.0001, "tolerance": 1e-05, "sgdDP": true, "L": 10, "C": 6, "epsilon": 10000, "delta": 1e-05, "sigma": 0, "outDP_local": false, "outDP_local_epsilon": 1, "train_acc": 0.8609, "test_acc": 0.8191, "attack_acc_mean": 0.5216166666666666, "attack_acc_std": 0.0005535240635138753, "attack_pre_mean": 0.5130519477730772, "attack_pre_std": 0.0009242445006699998, "attack_rec_mean": 0.8520833333333333, "attack_rec_std": 0.03286550454334894}