{"n_classes": 7, "alpha": 0.01, "max_iter": 100, "lambda_": 1e-06, "tolerance": 1e-05, "sgdDP": true, "L": 1, "C": 1, "epsilon": 10000, "delta": 1e-05, "sigma": 0, "outDP_local": false, "outDP_local_epsilon": 1, "train_acc": 0.7317, "test_acc": 0.6943, "attack_acc_mean": 0.5180916666666667, "attack_acc_std": 0.0004513098221350252, "attack_pre_mean": 0.5127443527590984, "attack_pre_std": 0.0005999196239938834, "attack_rec_mean": 0.7285666666666667, "attack_rec_std": 0.01407310279299564}