{"n_classes": 7, "alpha": 0.01, "max_iter": 300, "lambda_": 0.0001, "tolerance": 1e-05, "sgdDP": true, "L": 5, "C": 10, "epsilon": 10000, "delta": 1e-05, "sigma": 0, "outDP_local": false, "outDP_local_epsilon": 1, "train_acc": 0.7839, "test_acc": 0.7514, "attack_acc_mean": 0.5156166666666667, "attack_acc_std": 0.00019930434571837336, "attack_pre_mean": 0.5102556953581805, "attack_pre_std": 0.00013183879054656084, "attack_rec_mean": 0.7772, "attack_rec_std": 0.01816149773559438}