{"n_classes": 7, "alpha": 0.001, "max_iter": 200, "lambda_": 1e-06, "tolerance": 1e-05, "sgdDP": true, "L": 100, "C": 1.5, "epsilon": 10000, "delta": 1e-05, "sigma": 0, "outDP_local": false, "outDP_local_epsilon": 1, "train_acc": 0.484, "test_acc": 0.4624, "attack_acc_mean": 0.5042749999999999, "attack_acc_std": 0.0014721724310238506, "attack_pre_mean": 0.5115686461214406, "attack_pre_std": 0.0030198554896244665, "attack_rec_mean": 0.1805166666666667, "attack_rec_std": 0.03435585426418942}