{"n_classes": 7, "alpha": 0.01, "max_iter": 300, "lambda_": 0.1, "tolerance": 1e-05, "sgdDP": false, "L": 1, "C": 1, "epsilon": 1, "delta": 1e-05, "sigma": 0, "outDP_local": false, "outDP_local_epsilon": 1, "train_acc": 0.4526, "test_acc": 0.4443, "attack_acc_mean": 0.5027583333333333, "attack_acc_std": 0.0003019611821998916, "attack_pre_mean": 0.5058436668000544, "attack_pre_std": 0.0021546757333058167, "attack_rec_mean": 0.26463333333333333, "attack_rec_std": 0.07103261379269542}