{"n_classes": 7, "alpha": 0.001, "max_iter": 300, "lambda_": 1e-06, "tolerance": 1e-05, "sgdDP": true, "L": 5, "C": 4, "epsilon": 10000, "delta": 1e-05, "sigma": 0, "outDP_local": false, "outDP_local_epsilon": 1, "train_acc": 0.7934, "test_acc": 0.7558, "attack_acc_mean": 0.5230166666666666, "attack_acc_std": 0.0018304522816931265, "attack_pre_mean": 0.515316804680622, "attack_pre_std": 0.002953616113602834, "attack_rec_mean": 0.7869333333333333, "attack_rec_std": 0.0633412363490185}