{"n_classes": 7, "alpha": 0.001, "max_iter": 200, "lambda_": 0.01, "tolerance": 1e-05, "sgdDP": false, "L": 1, "C": 1, "epsilon": 1, "delta": 1e-05, "sigma": 0, "outDP_local": false, "outDP_local_epsilon": 1, "train_acc": 0.732, "test_acc": 0.6938, "attack_acc_mean": 0.5230333333333334, "attack_acc_std": 0.004757771420411979, "attack_pre_mean": 0.5214977818793203, "attack_pre_std": 0.0051440956730818685, "attack_rec_mean": 0.6004166666666667, "attack_rec_std": 0.1789386805274055}