{"n_classes": 7, "alpha": 0.01, "max_iter": 300, "lambda_": 1e-06, "tolerance": 1e-05, "sgdDP": true, "L": 10, "C": 2, "epsilon": 10000, "delta": 1e-05, "sigma": 0, "outDP_local": false, "outDP_local_epsilon": 1, "train_acc": 0.8349, "test_acc": 0.7963, "attack_acc_mean": 0.5222916666666667, "attack_acc_std": 0.0006924694136847167, "attack_pre_mean": 0.5137008974149914, "attack_pre_std": 0.00017042451076374328, "attack_rec_mean": 0.8362166666666666, "attack_rec_std": 0.0349365814329654}