{"n_classes": 7, "alpha": 0.01, "max_iter": 200, "lambda_": 1e-06, "tolerance": 1e-05, "sgdDP": true, "L": 10, "C": 3, "epsilon": 10000, "delta": 1e-05, "sigma": 0, "outDP_local": false, "outDP_local_epsilon": 1, "train_acc": 0.841, "test_acc": 0.8005, "attack_acc_mean": 0.5218999999999999, "attack_acc_std": 0.00022173557826086018, "attack_pre_mean": 0.5134434274288274, "attack_pre_std": 0.0007807275840266898, "attack_rec_mean": 0.83865, "attack_rec_std": 0.038617731247014855}