{"n_classes": 7, "alpha": 0.001, "max_iter": 100, "lambda_": 0.0001, "tolerance": 1e-05, "sgdDP": false, "L": 1, "C": 1, "epsilon": 1, "delta": 1e-05, "sigma": 0, "outDP_local": false, "outDP_local_epsilon": 1, "train_acc": 0.8762, "test_acc": 0.838, "attack_acc_mean": 0.5210666666666667, "attack_acc_std": 0.0008193832368854489, "attack_pre_mean": 0.5125601088990676, "attack_pre_std": 0.0005337338315991544, "attack_rec_mean": 0.8623666666666666, "attack_rec_std": 0.06393907690571982}