{"n_classes": 7, "alpha": 0.01, "max_iter": 200, "lambda_": 1e-05, "tolerance": 1e-05, "sgdDP": false, "L": 1, "C": 1, "epsilon": 1, "delta": 1e-05, "sigma": 0, "outDP_local": false, "outDP_local_epsilon": 1, "train_acc": 0.8818, "test_acc": 0.8416, "attack_acc_mean": 0.5195, "attack_acc_std": 0.001991230775173975, "attack_pre_mean": 0.5113205887289124, "attack_pre_std": 0.0009582977688064389, "attack_rec_mean": 0.87925, "attack_rec_std": 0.019879365348689247}