{"n_classes": 7, "alpha": 0.01, "max_iter": 200, "lambda_": 1e-06, "tolerance": 1e-05, "sgdDP": true, "L": 50, "C": 1, "epsilon": 10000, "delta": 1e-05, "sigma": 0, "outDP_local": false, "outDP_local_epsilon": 1, "train_acc": 0.6017, "test_acc": 0.5597, "attack_acc_mean": 0.5238166666666667, "attack_acc_std": 0.0004818944098267218, "attack_pre_mean": 0.5222350725233653, "attack_pre_std": 0.004000468132793388, "attack_rec_mean": 0.5713666666666667, "attack_rec_std": 0.06617503725390379}