{"n_classes": 7, "alpha": 0.01, "max_iter": 200, "lambda_": 1e-06, "tolerance": 1e-05, "sgdDP": true, "L": 5, "C": 3, "epsilon": 10000, "delta": 1e-05, "sigma": 0, "outDP_local": false, "outDP_local_epsilon": 1, "train_acc": 0.8413, "test_acc": 0.8008, "attack_acc_mean": 0.5217999999999999, "attack_acc_std": 0.0008544003745317825, "attack_pre_mean": 0.5133934929959835, "attack_pre_std": 0.0010214414836418426, "attack_rec_mean": 0.8376666666666667, "attack_rec_std": 0.025925641532831733}