{"n_classes": 7, "alpha": 0.01, "max_iter": 300, "lambda_": 0.0001, "tolerance": 1e-05, "sgdDP": true, "L": 30, "C": 3, "epsilon": 10000, "delta": 1e-05, "sigma": 0, "outDP_local": false, "outDP_local_epsilon": 1, "train_acc": 0.8038, "test_acc": 0.7628, "attack_acc_mean": 0.5248166666666666, "attack_acc_std": 0.0006730940168769631, "attack_pre_mean": 0.5160934164350955, "attack_pre_std": 0.0017857142243955055, "attack_rec_mean": 0.8019, "attack_rec_std": 0.05402428466285631}