{"n_classes": 7, "alpha": 0.01, "max_iter": 100, "lambda_": 1e-06, "tolerance": 1e-05, "sgdDP": true, "L": 5, "C": 1, "epsilon": 10000, "delta": 1e-05, "sigma": 0, "outDP_local": false, "outDP_local_epsilon": 1, "train_acc": 0.7274, "test_acc": 0.6842, "attack_acc_mean": 0.5263, "attack_acc_std": 0.0013659550993108578, "attack_pre_mean": 0.5188814523562503, "attack_pre_std": 0.002462948089605692, "attack_rec_mean": 0.7286166666666666, "attack_rec_std": 0.04361159695412321}