{"n_classes": 7, "alpha": 0.01, "max_iter": 300, "lambda_": 1e-06, "tolerance": 1e-05, "sgdDP": true, "L": 10, "C": 10, "epsilon": 10000, "delta": 1e-05, "sigma": 0, "outDP_local": false, "outDP_local_epsilon": 1, "train_acc": 0.8438, "test_acc": 0.8002, "attack_acc_mean": 0.5196916666666667, "attack_acc_std": 0.002368793058828825, "attack_pre_mean": 0.5120244203559562, "attack_pre_std": 0.0010949086706525024, "attack_rec_mean": 0.8358833333333333, "attack_rec_std": 0.03125606163432765}