{"n_classes": 7, "alpha": 0.01, "max_iter": 200, "lambda_": 0.001, "tolerance": 1e-05, "sgdDP": false, "L": 1, "C": 1, "epsilon": 1, "delta": 1e-05, "sigma": 0, "outDP_local": false, "outDP_local_epsilon": 1, "train_acc": 0.7728, "test_acc": 0.7372, "attack_acc_mean": 0.5185416666666667, "attack_acc_std": 0.0013163765503161609, "attack_pre_mean": 0.5128524352736997, "attack_pre_std": 0.0001912399894841438, "attack_rec_mean": 0.7407500000000001, "attack_rec_std": 0.06147126022242701}