{"n_classes": 7, "alpha": 0.01, "max_iter": 300, "lambda_": 0.0001, "tolerance": 1e-05, "sgdDP": true, "L": 5, "C": 8, "epsilon": 10000, "delta": 1e-05, "sigma": 0, "outDP_local": false, "outDP_local_epsilon": 1, "train_acc": 0.7954, "test_acc": 0.7576, "attack_acc_mean": 0.518275, "attack_acc_std": 0.00014930394055972455, "attack_pre_mean": 0.5119129884427955, "attack_pre_std": 0.0004232370615910036, "attack_rec_mean": 0.786, "attack_rec_std": 0.019723336431750074}