{"n_classes": 7, "alpha": 0.01, "max_iter": 300, "lambda_": 1e-06, "tolerance": 1e-05, "sgdDP": true, "L": 30, "C": 7, "epsilon": 10000, "delta": 1e-05, "sigma": 0, "outDP_local": false, "outDP_local_epsilon": 1, "train_acc": 0.8631, "test_acc": 0.8266, "attack_acc_mean": 0.5235333333333333, "attack_acc_std": 0.00015456030825826466, "attack_pre_mean": 0.5142218765729084, "attack_pre_std": 0.0010862830038195633, "attack_rec_mean": 0.8549666666666668, "attack_rec_std": 0.053338655984400477}