{"n_classes": 7, "alpha": 0.01, "max_iter": 300, "lambda_": 0.01, "tolerance": 1e-05, "sgdDP": false, "L": 1, "C": 1, "epsilon": 1, "delta": 1e-05, "sigma": 0, "outDP_local": false, "outDP_local_epsilon": 1, "train_acc": 0.5826, "test_acc": 0.5535, "attack_acc_mean": 0.5187333333333334, "attack_acc_std": 0.0019160868688263778, "attack_pre_mean": 0.5193731963440329, "attack_pre_std": 0.0014925100227426722, "attack_rec_mean": 0.5081166666666667, "attack_rec_std": 0.07849450971600214}