{"n_classes": 7, "alpha": 0.01, "max_iter": 300, "lambda_": 0.0001, "tolerance": 1e-05, "sgdDP": false, "L": 1, "C": 1, "epsilon": 1, "delta": 1e-05, "sigma": 0, "outDP_local": false, "outDP_local_epsilon": 1, "train_acc": 0.8679, "test_acc": 0.831, "attack_acc_mean": 0.5200833333333333, "attack_acc_std": 0.0005320296566503948, "attack_pre_mean": 0.5119044524578463, "attack_pre_std": 7.636401016729005e-05, "attack_rec_mean": 0.8637666666666667, "attack_rec_std": 0.02753831674029639}