{"n_classes": 7, "alpha": 0.01, "max_iter": 300, "lambda_": 0.0001, "tolerance": 1e-05, "sgdDP": true, "L": 5, "C": 1, "epsilon": 10000, "delta": 1e-05, "sigma": 0, "outDP_local": false, "outDP_local_epsilon": 1, "train_acc": 0.7997, "test_acc": 0.7623, "attack_acc_mean": 0.5231666666666667, "attack_acc_std": 0.0001771690968788913, "attack_pre_mean": 0.5148638723065035, "attack_pre_std": 0.0005505516506570234, "attack_rec_mean": 0.8036499999999999, "attack_rec_std": 0.03235721197301565}