{"n_classes": 7, "alpha": 0.01, "max_iter": 300, "lambda_": 1e-06, "tolerance": 1e-05, "sgdDP": true, "L": 30, "C": 1.5, "epsilon": 10000, "delta": 1e-05, "sigma": 0, "outDP_local": false, "outDP_local_epsilon": 1, "train_acc": 0.7189, "test_acc": 0.6768, "attack_acc_mean": 0.526325, "attack_acc_std": 0.0014209005360451225, "attack_pre_mean": 0.5192111471473456, "attack_pre_std": 0.0030140323471063686, "attack_rec_mean": 0.7202833333333333, "attack_rec_std": 0.05473193512221383}