{"n_classes": 7, "alpha": 0.001, "max_iter": 50, "lambda_": 0.0001, "tolerance": 1e-05, "sgdDP": false, "L": 1, "C": 1, "epsilon": 1, "delta": 1e-05, "sigma": 0, "outDP_local": false, "outDP_local_epsilon": 1, "train_acc": 0.8524, "test_acc": 0.8154, "attack_acc_mean": 0.523375, "attack_acc_std": 0.001691338227558305, "attack_pre_mean": 0.514499185824887, "attack_pre_std": 0.0006486637248271707, "attack_rec_mean": 0.8333499999999999, "attack_rec_std": 0.08906613179729618}