{"n_classes": 7, "alpha": 0.01, "max_iter": 200, "lambda_": 1e-06, "tolerance": 1e-05, "sgdDP": true, "L": 100, "C": 1, "epsilon": 10000, "delta": 1e-05, "sigma": 0, "outDP_local": false, "outDP_local_epsilon": 1, "train_acc": 0.5637, "test_acc": 0.5254, "attack_acc_mean": 0.5228500000000001, "attack_acc_std": 0.002281994741448802, "attack_pre_mean": 0.524302655149879, "attack_pre_std": 0.002173857694397689, "attack_rec_mean": 0.4998666666666667, "attack_rec_std": 0.07950148146767805}