{"n_classes": 7, "alpha": 0.01, "max_iter": 300, "lambda_": 1e-06, "tolerance": 1e-05, "sgdDP": true, "L": 30, "C": 2, "epsilon": 10000, "delta": 1e-05, "sigma": 0, "outDP_local": false, "outDP_local_epsilon": 1, "train_acc": 0.7565, "test_acc": 0.7185, "attack_acc_mean": 0.525575, "attack_acc_std": 0.0010011451776174589, "attack_pre_mean": 0.5176360921088666, "attack_pre_std": 0.0023344670102108784, "attack_rec_mean": 0.758, "attack_rec_std": 0.054563968575119845}