{"n_classes": 7, "alpha": 0.01, "max_iter": 300, "lambda_": 0.0001, "tolerance": 1e-05, "sgdDP": true, "L": 30, "C": 9, "epsilon": 10000, "delta": 1e-05, "sigma": 0, "outDP_local": false, "outDP_local_epsilon": 1, "train_acc": 0.8732, "test_acc": 0.8291, "attack_acc_mean": 0.52265, "attack_acc_std": 0.0005196152422706879, "attack_pre_mean": 0.5135707228294151, "attack_pre_std": 0.0007700467842976156, "attack_rec_mean": 0.8605833333333331, "attack_rec_std": 0.060815524790595654}