{"n_classes": 7, "alpha": 0.001, "max_iter": 200, "lambda_": 1e-06, "tolerance": 1e-05, "sgdDP": true, "L": 10, "C": 1.5, "epsilon": 10000, "delta": 1e-05, "sigma": 0, "outDP_local": false, "outDP_local_epsilon": 1, "train_acc": 0.5871, "test_acc": 0.5438, "attack_acc_mean": 0.5254, "attack_acc_std": 0.0021486429825977875, "attack_pre_mean": 0.5246236019990892, "attack_pre_std": 0.0019142432373161161, "attack_rec_mean": 0.5469, "attack_rec_std": 0.07598271733317608}