{"n_classes": 7, "alpha": 0.01, "max_iter": 10, "lambda_": 1e-05, "tolerance": 1e-05, "sgdDP": false, "L": 1, "C": 1, "epsilon": 1, "delta": 1e-05, "sigma": 0, "outDP_local": false, "outDP_local_epsilon": 1, "train_acc": 0.8121, "test_acc": 0.7775, "attack_acc_mean": 0.5181416666666667, "attack_acc_std": 0.00037795134901495015, "attack_pre_mean": 0.5117235450455963, "attack_pre_std": 0.000960843699737466, "attack_rec_mean": 0.7953, "attack_rec_std": 0.041592908049329747}