{"n_classes": 7, "alpha": 0.01, "max_iter": 300, "lambda_": 1e-06, "tolerance": 1e-05, "sgdDP": true, "L": 30, "C": 9, "epsilon": 10000, "delta": 1e-05, "sigma": 0, "outDP_local": false, "outDP_local_epsilon": 1, "train_acc": 0.8713, "test_acc": 0.8299, "attack_acc_mean": 0.5221, "attack_acc_std": 0.00023804761428473546, "attack_pre_mean": 0.5132322693354472, "attack_pre_std": 0.000954121536885489, "attack_rec_mean": 0.8613166666666667, "attack_rec_std": 0.05792542379838253}