{"n_classes": 7, "alpha": 0.01, "max_iter": 200, "lambda_": 1e-06, "tolerance": 1e-05, "sgdDP": true, "L": 10, "C": 2, "epsilon": 10000, "delta": 1e-05, "sigma": 0, "outDP_local": false, "outDP_local_epsilon": 1, "train_acc": 0.8103, "test_acc": 0.7718, "attack_acc_mean": 0.5243500000000001, "attack_acc_std": 0.00016832508230605456, "attack_pre_mean": 0.5154880145550346, "attack_pre_std": 0.0010168202657474092, "attack_rec_mean": 0.8131833333333335, "attack_rec_std": 0.041630254089490705}