{"n_classes": 7, "alpha": 0.01, "max_iter": 200, "lambda_": 1e-06, "tolerance": 1e-05, "sgdDP": true, "L": 1, "C": 1.5, "epsilon": 10000, "delta": 1e-05, "sigma": 0, "outDP_local": false, "outDP_local_epsilon": 1, "train_acc": 0.7352, "test_acc": 0.6943, "attack_acc_mean": 0.5206000000000001, "attack_acc_std": 0.0004932882862316529, "attack_pre_mean": 0.5144560841083717, "attack_pre_std": 0.00019142342286852646, "attack_rec_mean": 0.733, "attack_rec_std": 0.008363810933619504}