{"n_classes": 7, "alpha": 0.001, "max_iter": 10, "lambda_": 0.01, "tolerance": 1e-05, "sgdDP": false, "L": 1, "C": 1, "epsilon": 1, "delta": 1e-05, "sigma": 0, "outDP_local": false, "outDP_local_epsilon": 1, "train_acc": 0.7115, "test_acc": 0.677, "attack_acc_mean": 0.5193916666666668, "attack_acc_std": 0.003932918410318484, "attack_pre_mean": 0.5191696216897073, "attack_pre_std": 0.0051520763489438315, "attack_rec_mean": 0.5706833333333333, "attack_rec_std": 0.17324621608822768}