{"n_classes": 7, "alpha": 0.01, "max_iter": 100, "lambda_": 1e-06, "tolerance": 1e-05, "sgdDP": true, "L": 5, "C": 1.5, "epsilon": 10000, "delta": 1e-05, "sigma": 0, "outDP_local": false, "outDP_local_epsilon": 1, "train_acc": 0.7745, "test_acc": 0.7296, "attack_acc_mean": 0.5257999999999999, "attack_acc_std": 0.0009729679679551104, "attack_pre_mean": 0.5173500505931838, "attack_pre_std": 0.0018315860187805518, "attack_rec_mean": 0.77385, "attack_rec_std": 0.042060858685163974}