{"n_classes": 7, "alpha": 0.001, "max_iter": 300, "lambda_": 1e-06, "tolerance": 1e-05, "sgdDP": true, "L": 10, "C": 2, "epsilon": 10000, "delta": 1e-05, "sigma": 0, "outDP_local": false, "outDP_local_epsilon": 1, "train_acc": 0.6506, "test_acc": 0.6044, "attack_acc_mean": 0.5258249999999999, "attack_acc_std": 0.001198870996674224, "attack_pre_mean": 0.521955189739083, "attack_pre_std": 0.004845462191665172, "attack_rec_mean": 0.6307666666666667, "attack_rec_std": 0.07498421315331796}