{"n_classes": 7, "alpha": 0.01, "max_iter": 200, "lambda_": 1e-07, "tolerance": 1e-05, "sgdDP": false, "L": 1, "C": 1, "epsilon": 1, "delta": 1e-05, "sigma": 0, "outDP_local": false, "outDP_local_epsilon": 1, "train_acc": 0.4194, "test_acc": 0.3996, "attack_acc_mean": 0.5067750000000001, "attack_acc_std": 0.0016007159856347714, "attack_pre_mean": 0.5142572334933483, "attack_pre_std": 0.00058784411867347, "attack_rec_mean": 0.2433833333333333, "attack_rec_std": 0.05419702995142405}