{"n_classes": 7, "alpha": 0.01, "max_iter": 300, "lambda_": 1e-06, "tolerance": 1e-05, "sgdDP": true, "L": 20, "C": 4, "epsilon": 10000, "delta": 1e-05, "sigma": 0, "outDP_local": false, "outDP_local_epsilon": 1, "train_acc": 0.852, "test_acc": 0.8147, "attack_acc_mean": 0.5223166666666667, "attack_acc_std": 0.00025927248643503885, "attack_pre_mean": 0.5135075196487943, "attack_pre_std": 0.0006368655107790639, "attack_rec_mean": 0.8504999999999999, "attack_rec_std": 0.044857478009060356}