{"n_classes": 7, "alpha": 0.001, "max_iter": 100, "lambda_": 1e-07, "tolerance": 1e-05, "sgdDP": false, "L": 1, "C": 1, "epsilon": 1, "delta": 1e-05, "sigma": 0, "outDP_local": false, "outDP_local_epsilon": 1, "train_acc": 0.8796, "test_acc": 0.8358, "attack_acc_mean": 0.5255083333333334, "attack_acc_std": 0.0023548560937395237, "attack_pre_mean": 0.5151245871613833, "attack_pre_std": 0.00039368637004937214, "attack_rec_mean": 0.8672833333333334, "attack_rec_std": 0.061352843364337155}