{"n_classes": 7, "alpha": 0.01, "max_iter": 300, "lambda_": 1e-06, "tolerance": 1e-05, "sgdDP": true, "L": 10, "C": 9, "epsilon": 10000, "delta": 1e-05, "sigma": 0, "outDP_local": false, "outDP_local_epsilon": 1, "train_acc": 0.8508, "test_acc": 0.8115, "attack_acc_mean": 0.5189833333333332, "attack_acc_std": 0.00020949675149958583, "attack_pre_mean": 0.5115536520856291, "attack_pre_std": 0.0005836771081058173, "attack_rec_mean": 0.84205, "attack_rec_std": 0.03039132277476582}