{"n_classes": 7, "alpha": 0.001, "max_iter": 300, "lambda_": 1e-06, "tolerance": 1e-05, "sgdDP": true, "L": 5, "C": 2, "epsilon": 10000, "delta": 1e-05, "sigma": 0, "outDP_local": false, "outDP_local_epsilon": 1, "train_acc": 0.71, "test_acc": 0.6699, "attack_acc_mean": 0.5268416666666668, "attack_acc_std": 0.001575440855408054, "attack_pre_mean": 0.5201870461101831, "attack_pre_std": 0.0037218780523047223, "attack_rec_mean": 0.7035666666666667, "attack_rec_std": 0.06299816575813053}