{"n_classes": 7, "alpha": 0.01, "max_iter": 300, "lambda_": 1e-06, "tolerance": 1e-05, "sgdDP": true, "L": 5, "C": 4, "epsilon": 10000, "delta": 1e-05, "sigma": 0, "outDP_local": false, "outDP_local_epsilon": 1, "train_acc": 0.8392, "test_acc": 0.7989, "attack_acc_mean": 0.5201416666666666, "attack_acc_std": 0.0005593274731516407, "attack_pre_mean": 0.5123375419766419, "attack_pre_std": 4.9979918789329514e-05, "attack_rec_mean": 0.8363833333333334, "attack_rec_std": 0.02177478791834469}