{"n_classes": 7, "alpha": 0.01, "max_iter": 100, "lambda_": 1e-05, "tolerance": 1e-05, "sgdDP": false, "L": 1, "C": 1, "epsilon": 1, "delta": 1e-05, "sigma": 0, "outDP_local": false, "outDP_local_epsilon": 1, "train_acc": 0.8768, "test_acc": 0.8365, "attack_acc_mean": 0.520825, "attack_acc_std": 0.00014930394055975862, "attack_pre_mean": 0.5122016592952751, "attack_pre_std": 0.0003659341126576974, "attack_rec_mean": 0.8747833333333332, "attack_rec_std": 0.019894674049995262}