{"n_classes": 7, "alpha": 0.01, "max_iter": 200, "lambda_": 1e-06, "tolerance": 1e-05, "sgdDP": true, "L": 50, "C": 1.5, "epsilon": 10000, "delta": 1e-05, "sigma": 0, "outDP_local": false, "outDP_local_epsilon": 1, "train_acc": 0.6412, "test_acc": 0.5954, "attack_acc_mean": 0.526175, "attack_acc_std": 0.00020564937798752845, "attack_pre_mean": 0.5222643317269086, "attack_pre_std": 0.0031296124836296935, "attack_rec_mean": 0.62385, "attack_rec_std": 0.07028021888601847}