{"n_classes": 7, "alpha": 0.01, "max_iter": 100, "lambda_": 0.0001, "tolerance": 1e-05, "sgdDP": false, "L": 1, "C": 1, "epsilon": 1, "delta": 1e-05, "sigma": 0, "outDP_local": false, "outDP_local_epsilon": 1, "train_acc": 0.8581, "test_acc": 0.8253, "attack_acc_mean": 0.5174500000000001, "attack_acc_std": 0.0016137430609197445, "attack_pre_mean": 0.510435361048088, "attack_pre_std": 0.0006711705341803625, "attack_rec_mean": 0.8518333333333333, "attack_rec_std": 0.02837320723656191}