{"n_classes": 7, "alpha": 0.001, "max_iter": 50, "lambda_": 0.001, "tolerance": 1e-05, "sgdDP": false, "L": 1, "C": 1, "epsilon": 1, "delta": 1e-05, "sigma": 0, "outDP_local": false, "outDP_local_epsilon": 1, "train_acc": 0.8367, "test_acc": 0.8015, "attack_acc_mean": 0.5215333333333333, "attack_acc_std": 0.002502776236280201, "attack_pre_mean": 0.5137710784874553, "attack_pre_std": 0.0004163383242565542, "attack_rec_mean": 0.8064999999999999, "attack_rec_std": 0.11033107751973906}