{"n_classes": 7, "alpha": 0.001, "max_iter": 50, "lambda_": 0.1, "tolerance": 1e-05, "sgdDP": false, "L": 1, "C": 1, "epsilon": 1, "delta": 1e-05, "sigma": 0, "outDP_local": false, "outDP_local_epsilon": 1, "train_acc": 0.5709, "test_acc": 0.5374, "attack_acc_mean": 0.512625, "attack_acc_std": 0.00510993721422617, "attack_pre_mean": 0.532464259209542, "attack_pre_std": 0.008420882062395735, "attack_rec_mean": 0.19143333333333334, "attack_rec_std": 0.0654037885413036}