{"n_classes": 7, "alpha": 0.01, "max_iter": 300, "lambda_": 1e-06, "tolerance": 1e-05, "sgdDP": true, "L": 5, "C": 6, "epsilon": 10000, "delta": 1e-05, "sigma": 0, "outDP_local": false, "outDP_local_epsilon": 1, "train_acc": 0.824, "test_acc": 0.7838, "attack_acc_mean": 0.5201166666666667, "attack_acc_std": 0.0009507307131300884, "attack_pre_mean": 0.5125792833183093, "attack_pre_std": 0.0003131875051578492, "attack_rec_mean": 0.8192499999999999, "attack_rec_std": 0.01983681342017074}