{"n_classes": 7, "alpha": 0.01, "max_iter": 300, "lambda_": 0.0001, "tolerance": 1e-05, "sgdDP": true, "L": 5, "C": 5, "epsilon": 10000, "delta": 1e-05, "sigma": 0, "outDP_local": false, "outDP_local_epsilon": 1, "train_acc": 0.8261, "test_acc": 0.7859, "attack_acc_mean": 0.5215583333333335, "attack_acc_std": 0.0011931808561804608, "attack_pre_mean": 0.5134810856316213, "attack_pre_std": 0.0003495607191234104, "attack_rec_mean": 0.8204999999999999, "attack_rec_std": 0.025986342566817682}