{"n_classes": 7, "alpha": 0.01, "max_iter": 200, "lambda_": 1e-06, "tolerance": 1e-05, "sgdDP": true, "L": 10, "C": 1, "epsilon": 10000, "delta": 1e-05, "sigma": 0, "outDP_local": false, "outDP_local_epsilon": 1, "train_acc": 0.734, "test_acc": 0.6916, "attack_acc_mean": 0.5247166666666666, "attack_acc_std": 0.001760129414433909, "attack_pre_mean": 0.5175708303445058, "attack_pre_std": 0.0026403638786918855, "attack_rec_mean": 0.7347666666666667, "attack_rec_std": 0.04287449384216938}