{"n_classes": 7, "alpha": 0.01, "max_iter": 300, "lambda_": 1e-06, "tolerance": 1e-05, "sgdDP": true, "L": 30, "C": 6, "epsilon": 10000, "delta": 1e-05, "sigma": 0, "outDP_local": false, "outDP_local_epsilon": 1, "train_acc": 0.8624, "test_acc": 0.8164, "attack_acc_mean": 0.5245, "attack_acc_std": 0.00040722639076237266, "attack_pre_mean": 0.5148033421853375, "attack_pre_std": 0.0008256911997349676, "attack_rec_mean": 0.8550500000000002, "attack_rec_std": 0.05485267389410776}