{"n_classes": 7, "alpha": 0.01, "max_iter": 300, "lambda_": 0.0001, "tolerance": 1e-05, "sgdDP": true, "L": 20, "C": 7, "epsilon": 10000, "delta": 1e-05, "sigma": 0, "outDP_local": false, "outDP_local_epsilon": 1, "train_acc": 0.8675, "test_acc": 0.832, "attack_acc_mean": 0.5213666666666666, "attack_acc_std": 0.0010922708251873998, "attack_pre_mean": 0.5128216286549356, "attack_pre_std": 0.0015568746103235994, "attack_rec_mean": 0.8605166666666667, "attack_rec_std": 0.04773148564859701}