{"n_classes": 7, "alpha": 0.01, "max_iter": 200, "lambda_": 1e-06, "tolerance": 1e-05, "sgdDP": true, "L": 5, "C": 1, "epsilon": 10000, "delta": 1e-05, "sigma": 0, "outDP_local": false, "outDP_local_epsilon": 1, "train_acc": 0.7856, "test_acc": 0.7451, "attack_acc_mean": 0.5241166666666667, "attack_acc_std": 0.0008244526804021121, "attack_pre_mean": 0.5158061667619355, "attack_pre_std": 0.0013489087969253339, "attack_rec_mean": 0.7899166666666666, "attack_rec_std": 0.03332698689584095}