{"n_classes": 7, "alpha": 0.001, "max_iter": 300, "lambda_": 1e-06, "tolerance": 1e-05, "sgdDP": true, "L": 1, "C": 2, "epsilon": 10000, "delta": 1e-05, "sigma": 0, "outDP_local": false, "outDP_local_epsilon": 1, "train_acc": 0.7898, "test_acc": 0.7627, "attack_acc_mean": 0.5151083333333334, "attack_acc_std": 0.0012732558876972077, "attack_pre_mean": 0.5098787404493613, "attack_pre_std": 0.0013082807211858742, "attack_rec_mean": 0.7837999999999999, "attack_rec_std": 0.028981258311766487}