{"n_classes": 7, "alpha": 0.001, "max_iter": 200, "lambda_": 1e-06, "tolerance": 1e-05, "sgdDP": true, "L": 5, "C": 3, "epsilon": 10000, "delta": 1e-05, "sigma": 0, "outDP_local": false, "outDP_local_epsilon": 1, "train_acc": 0.7265, "test_acc": 0.6864, "attack_acc_mean": 0.5243916666666667, "attack_acc_std": 0.0011450679261753647, "attack_pre_mean": 0.5180198418788562, "attack_pre_std": 0.003451768907415135, "attack_rec_mean": 0.71555, "attack_rec_std": 0.07381451415541526}