{"n_classes": 7, "alpha": 0.01, "max_iter": 200, "lambda_": 1e-06, "tolerance": 1e-05, "sgdDP": true, "L": 50, "C": 3, "epsilon": 10000, "delta": 1e-05, "sigma": 0, "outDP_local": false, "outDP_local_epsilon": 1, "train_acc": 0.7262, "test_acc": 0.6863, "attack_acc_mean": 0.5274833333333333, "attack_acc_std": 0.000143372087784028, "attack_pre_mean": 0.5200818479373521, "attack_pre_std": 0.002653292721146151, "attack_rec_mean": 0.7217166666666667, "attack_rec_std": 0.07540882832194706}