{"n_classes": 7, "alpha": 0.001, "max_iter": 200, "lambda_": 1e-06, "tolerance": 1e-05, "sgdDP": false, "L": 1, "C": 1, "epsilon": 1, "delta": 1e-05, "sigma": 0, "outDP_local": false, "outDP_local_epsilon": 1, "train_acc": 0.8921, "test_acc": 0.8513, "attack_acc_mean": 0.5215500000000001, "attack_acc_std": 0.0002708012801545363, "attack_pre_mean": 0.5124936475947787, "attack_pre_std": 0.0005271030243620654, "attack_rec_mean": 0.8857833333333334, "attack_rec_std": 0.043106744123035876}