{"n_classes": 7, "alpha": 0.01, "max_iter": 100, "lambda_": 1e-06, "tolerance": 1e-05, "sgdDP": true, "L": 10, "C": 3, "epsilon": 10000, "delta": 1e-05, "sigma": 0, "outDP_local": false, "outDP_local_epsilon": 1, "train_acc": 0.7953, "test_acc": 0.7538, "attack_acc_mean": 0.5235833333333333, "attack_acc_std": 9.428090415824175e-05, "attack_pre_mean": 0.515426119424511, "attack_pre_std": 0.0011122834088080791, "attack_rec_mean": 0.7916333333333334, "attack_rec_std": 0.05077495007930144}