{"n_classes": 7, "alpha": 0.01, "max_iter": 300, "lambda_": 1e-06, "tolerance": 1e-05, "sgdDP": true, "L": 20, "C": 8, "epsilon": 10000, "delta": 1e-05, "sigma": 0, "outDP_local": false, "outDP_local_epsilon": 1, "train_acc": 0.8776, "test_acc": 0.8308, "attack_acc_mean": 0.5232916666666667, "attack_acc_std": 0.00046135368452222104, "attack_pre_mean": 0.5138898222973177, "attack_pre_std": 0.0005536194197667571, "attack_rec_mean": 0.8634333333333334, "attack_rec_std": 0.04429438138434967}