{"n_classes": 7, "alpha": 0.001, "max_iter": 10, "lambda_": 1e-07, "tolerance": 1e-05, "sgdDP": false, "L": 1, "C": 1, "epsilon": 1, "delta": 1e-05, "sigma": 0, "outDP_local": false, "outDP_local_epsilon": 1, "train_acc": 0.7539, "test_acc": 0.7155, "attack_acc_mean": 0.5272166666666666, "attack_acc_std": 0.004325762617414691, "attack_pre_mean": 0.5212668103440294, "attack_pre_std": 0.003038129238969945, "attack_rec_mean": 0.6894166666666667, "attack_rec_std": 0.16060431103249445}