{"n_classes": 7, "alpha": 0.01, "max_iter": 300, "lambda_": 0.0001, "tolerance": 1e-05, "sgdDP": true, "L": 20, "C": 10, "epsilon": 10000, "delta": 1e-05, "sigma": 0, "outDP_local": false, "outDP_local_epsilon": 1, "train_acc": 0.8695, "test_acc": 0.8277, "attack_acc_mean": 0.5231750000000001, "attack_acc_std": 0.001400520736488163, "attack_pre_mean": 0.5138843336016184, "attack_pre_std": 6.198394254286127e-05, "attack_rec_mean": 0.8577166666666667, "attack_rec_std": 0.051216124305621655}