{"n_classes": 7, "alpha": 0.01, "max_iter": 300, "lambda_": 1e-06, "tolerance": 1e-05, "sgdDP": true, "L": 5, "C": 1.5, "epsilon": 10000, "delta": 1e-05, "sigma": 0, "outDP_local": false, "outDP_local_epsilon": 1, "train_acc": 0.8414, "test_acc": 0.8009, "attack_acc_mean": 0.5205666666666667, "attack_acc_std": 0.0012232697531161566, "attack_pre_mean": 0.512564024601481, "attack_pre_std": 0.0012116815585682089, "attack_rec_mean": 0.8415500000000001, "attack_rec_std": 0.024800184811139336}