{"n_classes": 7, "alpha": 0.01, "max_iter": 300, "lambda_": 0.0001, "tolerance": 1e-05, "sgdDP": true, "L": 30, "C": 4, "epsilon": 10000, "delta": 1e-05, "sigma": 0, "outDP_local": false, "outDP_local_epsilon": 1, "train_acc": 0.8315, "test_acc": 0.793, "attack_acc_mean": 0.5237416666666667, "attack_acc_std": 0.0003768473018198328, "attack_pre_mean": 0.5148651848547124, "attack_pre_std": 0.0014267372542971885, "attack_rec_mean": 0.8276666666666666, "attack_rec_std": 0.05561923128638947}