{"n_classes": 7, "alpha": 0.01, "max_iter": 300, "lambda_": 0.0001, "tolerance": 1e-05, "sgdDP": true, "L": 10, "C": 1, "epsilon": 10000, "delta": 1e-05, "sigma": 0, "outDP_local": false, "outDP_local_epsilon": 1, "train_acc": 0.7614, "test_acc": 0.7216, "attack_acc_mean": 0.5247166666666666, "attack_acc_std": 0.0008024268744807065, "attack_pre_mean": 0.5167682766116541, "attack_pre_std": 0.001693330400903011, "attack_rec_mean": 0.7661166666666667, "attack_rec_std": 0.04285150392797071}