{"n_classes": 7, "alpha": 0.01, "max_iter": 300, "lambda_": 1e-06, "tolerance": 1e-05, "sgdDP": true, "L": 20, "C": 1, "epsilon": 10000, "delta": 1e-05, "sigma": 0, "outDP_local": false, "outDP_local_epsilon": 1, "train_acc": 0.7066, "test_acc": 0.6635, "attack_acc_mean": 0.5271333333333333, "attack_acc_std": 0.00033623735003052315, "attack_pre_mean": 0.5200486749736651, "attack_pre_std": 0.0015735592132632215, "attack_rec_mean": 0.7078166666666666, "attack_rec_std": 0.0514819844433198}