{"n_classes": 7, "alpha": 0.001, "max_iter": 10, "lambda_": 1e-05, "tolerance": 1e-05, "sgdDP": false, "L": 1, "C": 1, "epsilon": 1, "delta": 1e-05, "sigma": 0, "outDP_local": false, "outDP_local_epsilon": 1, "train_acc": 0.7523, "test_acc": 0.7087, "attack_acc_mean": 0.52665, "attack_acc_std": 0.004630154785029685, "attack_pre_mean": 0.5209142762989118, "attack_pre_std": 0.002435723498911866, "attack_rec_mean": 0.6817833333333333, "attack_rec_std": 0.1593370475508512}