{"n_classes": 7, "alpha": 0.01, "max_iter": 300, "lambda_": 1e-06, "tolerance": 1e-05, "sgdDP": true, "L": 30, "C": 5, "epsilon": 10000, "delta": 1e-05, "sigma": 0, "outDP_local": false, "outDP_local_epsilon": 1, "train_acc": 0.8546, "test_acc": 0.8094, "attack_acc_mean": 0.5244833333333334, "attack_acc_std": 0.0005405758246742494, "attack_pre_mean": 0.5149573895179193, "attack_pre_std": 0.000754019078476178, "attack_rec_mean": 0.8456333333333333, "attack_rec_std": 0.054575869718727854}