{"n_classes": 7, "alpha": 0.01, "max_iter": 300, "lambda_": 0.0001, "tolerance": 1e-05, "sgdDP": true, "L": 5, "C": 1.5, "epsilon": 10000, "delta": 1e-05, "sigma": 0, "outDP_local": false, "outDP_local_epsilon": 1, "train_acc": 0.8262, "test_acc": 0.7848, "attack_acc_mean": 0.5220166666666667, "attack_acc_std": 0.0004450343307606148, "attack_pre_mean": 0.5137531487181478, "attack_pre_std": 0.0008266605960609877, "attack_rec_mean": 0.8241833333333334, "attack_rec_std": 0.028615346504202187}