{"n_classes": 7, "alpha": 0.01, "max_iter": 300, "lambda_": 0.0001, "tolerance": 1e-05, "sgdDP": true, "L": 30, "C": 1.5, "epsilon": 10000, "delta": 1e-05, "sigma": 0, "outDP_local": false, "outDP_local_epsilon": 1, "train_acc": 0.7172, "test_acc": 0.6739, "attack_acc_mean": 0.5266166666666666, "attack_acc_std": 0.0009190877119307964, "attack_pre_mean": 0.5195271682945429, "attack_pre_std": 0.0026727661592505845, "attack_rec_mean": 0.71595, "attack_rec_std": 0.056149881270281116}