{"n_classes": 7, "alpha": 0.01, "max_iter": 300, "lambda_": 1e-06, "tolerance": 1e-05, "sgdDP": true, "L": 20, "C": 7, "epsilon": 10000, "delta": 1e-05, "sigma": 0, "outDP_local": false, "outDP_local_epsilon": 1, "train_acc": 0.8717, "test_acc": 0.834, "attack_acc_mean": 0.5220083333333334, "attack_acc_std": 0.0011928315984338236, "attack_pre_mean": 0.513142524706711, "attack_pre_std": 0.0015669594894658584, "attack_rec_mean": 0.8647333333333332, "attack_rec_std": 0.044425918361044855}