{"n_classes": 7, "alpha": 0.01, "max_iter": 200, "lambda_": 1e-06, "tolerance": 1e-05, "sgdDP": false, "L": 1, "C": 1, "epsilon": 1, "delta": 1e-05, "sigma": 0, "outDP_local": false, "outDP_local_epsilon": 1, "train_acc": 0.8851, "test_acc": 0.841, "attack_acc_mean": 0.5216666666666668, "attack_acc_std": 0.0008132581932503832, "attack_pre_mean": 0.5125781952274749, "attack_pre_std": 0.00025709543617401026, "attack_rec_mean": 0.8826333333333333, "attack_rec_std": 0.016116313336354413}