{"n_classes": 7, "alpha": 0.001, "max_iter": 200, "lambda_": 1e-06, "tolerance": 1e-05, "sgdDP": true, "L": 100, "C": 2, "epsilon": 10000, "delta": 1e-05, "sigma": 0, "outDP_local": false, "outDP_local_epsilon": 1, "train_acc": 0.4971, "test_acc": 0.4734, "attack_acc_mean": 0.5080833333333333, "attack_acc_std": 0.00328540543752043, "attack_pre_mean": 0.516852329215569, "attack_pre_std": 0.006086395650826445, "attack_rec_mean": 0.23053333333333337, "attack_rec_std": 0.05149034429439713}