{"n_classes": 7, "alpha": 0.01, "max_iter": 300, "lambda_": 1e-06, "tolerance": 1e-05, "sgdDP": true, "L": 30, "C": 3, "epsilon": 10000, "delta": 1e-05, "sigma": 0, "outDP_local": false, "outDP_local_epsilon": 1, "train_acc": 0.808, "test_acc": 0.7657, "attack_acc_mean": 0.5254083333333334, "attack_acc_std": 0.00021098314835284616, "attack_pre_mean": 0.5163172269678823, "attack_pre_std": 0.0011655067909110662, "attack_rec_mean": 0.8078166666666666, "attack_rec_std": 0.053993685330375005}