{"n_classes": 7, "alpha": 0.001, "max_iter": 200, "lambda_": 1e-06, "tolerance": 1e-05, "sgdDP": true, "L": 50, "C": 1, "epsilon": 10000, "delta": 1e-05, "sigma": 0, "outDP_local": false, "outDP_local_epsilon": 1, "train_acc": 0.4899, "test_acc": 0.4668, "attack_acc_mean": 0.5080166666666667, "attack_acc_std": 0.0029023936481615948, "attack_pre_mean": 0.5167261066707892, "attack_pre_std": 0.004729563340164852, "attack_rec_mean": 0.23483333333333334, "attack_rec_std": 0.04845257704418024}