{"n_classes": 7, "alpha": 0.01, "max_iter": 100, "lambda_": 1e-06, "tolerance": 1e-05, "sgdDP": true, "L": 1, "C": 2, "epsilon": 10000, "delta": 1e-05, "sigma": 0, "outDP_local": false, "outDP_local_epsilon": 1, "train_acc": 0.6912, "test_acc": 0.6667, "attack_acc_mean": 0.5124833333333333, "attack_acc_std": 0.00011426091000669848, "attack_pre_mean": 0.5092252871511302, "attack_pre_std": 7.1436896072385e-05, "attack_rec_mean": 0.6890999999999999, "attack_rec_std": 0.007605042187040551}