{"n_classes": 7, "alpha": 0.01, "max_iter": 300, "lambda_": 0.0001, "tolerance": 1e-05, "sgdDP": true, "L": 10, "C": 4, "epsilon": 10000, "delta": 1e-05, "sigma": 0, "outDP_local": false, "outDP_local_epsilon": 1, "train_acc": 0.8622, "test_acc": 0.8213, "attack_acc_mean": 0.5224749999999999, "attack_acc_std": 0.0005618051263561246, "attack_pre_mean": 0.513485010887564, "attack_pre_std": 0.000981517821861861, "attack_rec_mean": 0.8584, "attack_rec_std": 0.03515257221503617}