{"n_classes": 7, "alpha": 0.01, "max_iter": 300, "lambda_": 1e-06, "tolerance": 1e-05, "sgdDP": true, "L": 30, "C": 4, "epsilon": 10000, "delta": 1e-05, "sigma": 0, "outDP_local": false, "outDP_local_epsilon": 1, "train_acc": 0.8344, "test_acc": 0.796, "attack_acc_mean": 0.5234166666666668, "attack_acc_std": 0.0007646713164636281, "attack_pre_mean": 0.5145910067853366, "attack_pre_std": 0.001600716201612357, "attack_rec_mean": 0.8316, "attack_rec_std": 0.05169974210122652}