{"n_classes": 7, "alpha": 0.001, "max_iter": 300, "lambda_": 1e-06, "tolerance": 1e-05, "sgdDP": true, "L": 20, "C": 4, "epsilon": 10000, "delta": 1e-05, "sigma": 0, "outDP_local": false, "outDP_local_epsilon": 1, "train_acc": 0.6807, "test_acc": 0.6406, "attack_acc_mean": 0.52505, "attack_acc_std": 0.0004112987559750974, "attack_pre_mean": 0.5206953446570289, "attack_pre_std": 0.004257306455486114, "attack_rec_mean": 0.6510833333333333, "attack_rec_std": 0.1016465020986403}