{"n_classes": 7, "alpha": 0.01, "max_iter": 100, "lambda_": 0.001, "tolerance": 1e-05, "sgdDP": false, "L": 1, "C": 1, "epsilon": 1, "delta": 1e-05, "sigma": 0, "outDP_local": false, "outDP_local_epsilon": 1, "train_acc": 0.7848, "test_acc": 0.7421, "attack_acc_mean": 0.5199083333333334, "attack_acc_std": 0.0015727938693788175, "attack_pre_mean": 0.5136801702357084, "attack_pre_std": 0.00013615506903397515, "attack_rec_mean": 0.7481, "attack_rec_std": 0.0644042959229688}