{"n_classes": 7, "alpha": 0.001, "max_iter": 1, "lambda_": 1e-06, "tolerance": 1e-05, "sgdDP": true, "L": 1, "C": 1, "epsilon": 10000, "delta": 1e-05, "sigma": 0, "outDP_local": false, "outDP_local_epsilon": 1, "train_acc": 0.4383, "test_acc": 0.4241, "attack_acc_mean": 0.5004916666666667, "attack_acc_std": 0.00015920810978788756, "attack_pre_mean": 0.5045848095075053, "attack_pre_std": 0.004847572575693045, "attack_rec_mean": 0.07993333333333334, "attack_rec_std": 0.024479764886307404}