{"n_classes": 7, "alpha": 0.01, "max_iter": 100, "lambda_": 1e-06, "tolerance": 1e-05, "sgdDP": true, "L": 50, "C": 3, "epsilon": 10000, "delta": 1e-05, "sigma": 0, "outDP_local": false, "outDP_local_epsilon": 1, "train_acc": 0.6657, "test_acc": 0.6188, "attack_acc_mean": 0.527775, "attack_acc_std": 0.00016520189668001834, "attack_pre_mean": 0.5232224766402832, "attack_pre_std": 0.004558223681299547, "attack_rec_mean": 0.6430166666666667, "attack_rec_std": 0.08766248564174352}