{"n_classes": 7, "alpha": 0.01, "max_iter": 300, "lambda_": 1e-06, "tolerance": 1e-05, "sgdDP": true, "L": 5, "C": 1, "epsilon": 10000, "delta": 1e-05, "sigma": 0, "outDP_local": false, "outDP_local_epsilon": 1, "train_acc": 0.8179, "test_acc": 0.7787, "attack_acc_mean": 0.52345, "attack_acc_std": 0.0004499999999999916, "attack_pre_mean": 0.5147002423542301, "attack_pre_std": 0.0008866205748341721, "attack_rec_mean": 0.82285, "attack_rec_std": 0.029316022354109836}