{"n_classes": 7, "alpha": 0.001, "max_iter": 200, "lambda_": 1e-06, "tolerance": 1e-05, "sgdDP": true, "L": 1, "C": 3, "epsilon": 10000, "delta": 1e-05, "sigma": 0, "outDP_local": false, "outDP_local_epsilon": 1, "train_acc": 0.7768, "test_acc": 0.7394, "attack_acc_mean": 0.5205916666666667, "attack_acc_std": 0.0015664228533686338, "attack_pre_mean": 0.5137117281175353, "attack_pre_std": 0.0005082861111032703, "attack_rec_mean": 0.7703166666666666, "attack_rec_std": 0.03319148568868561}