{"n_classes": 7, "alpha": 0.001, "max_iter": 300, "lambda_": 1e-06, "tolerance": 1e-05, "sgdDP": true, "L": 5, "C": 3, "epsilon": 10000, "delta": 1e-05, "sigma": 0, "outDP_local": false, "outDP_local_epsilon": 1, "train_acc": 0.7605, "test_acc": 0.722, "attack_acc_mean": 0.5248666666666667, "attack_acc_std": 0.0005785518319236671, "attack_pre_mean": 0.5172398183999346, "attack_pre_std": 0.002314160758999435, "attack_rec_mean": 0.7548666666666666, "attack_rec_std": 0.06501142634610897}