{"n_classes": 7, "alpha": 0.001, "max_iter": 100, "lambda_": 0.001, "tolerance": 1e-05, "sgdDP": false, "L": 1, "C": 1, "epsilon": 1, "delta": 1e-05, "sigma": 0, "outDP_local": false, "outDP_local_epsilon": 1, "train_acc": 0.8503, "test_acc": 0.8125, "attack_acc_mean": 0.5222916666666667, "attack_acc_std": 8.374896350933152e-05, "attack_pre_mean": 0.5141108217714874, "attack_pre_std": 0.0019839414771937367, "attack_rec_mean": 0.8251, "attack_rec_std": 0.09204120454086492}