{"n_classes": 7, "alpha": 0.01, "max_iter": 200, "lambda_": 1e-06, "tolerance": 1e-05, "sgdDP": true, "L": 50, "C": 2, "epsilon": 10000, "delta": 1e-05, "sigma": 0, "outDP_local": false, "outDP_local_epsilon": 1, "train_acc": 0.6753, "test_acc": 0.6319, "attack_acc_mean": 0.5268, "attack_acc_std": 0.00040824829046385886, "attack_pre_mean": 0.521429006196074, "attack_pre_std": 0.0034751216163698994, "attack_rec_mean": 0.6639833333333334, "attack_rec_std": 0.07280023847641039}