{"n_classes": 7, "alpha": 0.01, "max_iter": 300, "lambda_": 0.0001, "tolerance": 1e-05, "sgdDP": true, "L": 20, "C": 9, "epsilon": 10000, "delta": 1e-05, "sigma": 0, "outDP_local": false, "outDP_local_epsilon": 1, "train_acc": 0.8712, "test_acc": 0.8313, "attack_acc_mean": 0.5216083333333333, "attack_acc_std": 0.00024734703466095746, "attack_pre_mean": 0.5129394109603255, "attack_pre_std": 0.0008919403853775689, "attack_rec_mean": 0.8597666666666667, "attack_rec_std": 0.046408428353287526}