{"n_classes": 7, "alpha": 0.01, "max_iter": 10, "lambda_": 1e-07, "tolerance": 1e-05, "sgdDP": false, "L": 1, "C": 1, "epsilon": 1, "delta": 1e-05, "sigma": 0, "outDP_local": false, "outDP_local_epsilon": 1, "train_acc": 0.4639, "test_acc": 0.4431, "attack_acc_mean": 0.5070583333333333, "attack_acc_std": 0.0005841066302958435, "attack_pre_mean": 0.5118445146661911, "attack_pre_std": 0.0028303777607412597, "attack_rec_mean": 0.3207666666666667, "attack_rec_std": 0.06724623079069604}