{"n_classes": 7, "alpha": 0.01, "max_iter": 300, "lambda_": 0.0001, "tolerance": 1e-05, "sgdDP": true, "L": 5, "C": 3, "epsilon": 10000, "delta": 1e-05, "sigma": 0, "outDP_local": false, "outDP_local_epsilon": 1, "train_acc": 0.8433, "test_acc": 0.7987, "attack_acc_mean": 0.5226166666666666, "attack_acc_std": 0.0005459446451386612, "attack_pre_mean": 0.5139697056758407, "attack_pre_std": 0.0008448217524583986, "attack_rec_mean": 0.8337499999999999, "attack_rec_std": 0.026996218871044406}