{"n_classes": 7, "alpha": 0.01, "max_iter": 300, "lambda_": 1e-05, "tolerance": 1e-05, "sgdDP": false, "L": 1, "C": 1, "epsilon": 1, "delta": 1e-05, "sigma": 0, "outDP_local": false, "outDP_local_epsilon": 1, "train_acc": 0.8866, "test_acc": 0.8403, "attack_acc_mean": 0.5234583333333332, "attack_acc_std": 0.0018157681264106694, "attack_pre_mean": 0.5136270162245327, "attack_pre_std": 0.0008256850900222811, "attack_rec_mean": 0.8832, "attack_rec_std": 0.0181138068886692}