{"n_classes": 7, "alpha": 0.001, "max_iter": 200, "lambda_": 1e-06, "tolerance": 1e-05, "sgdDP": true, "L": 10, "C": 1, "epsilon": 10000, "delta": 1e-05, "sigma": 0, "outDP_local": false, "outDP_local_epsilon": 1, "train_acc": 0.5635, "test_acc": 0.5235, "attack_acc_mean": 0.5224083333333333, "attack_acc_std": 0.0021735946928737493, "attack_pre_mean": 0.5238209762521474, "attack_pre_std": 0.0023318320182951512, "attack_rec_mean": 0.50045, "attack_rec_std": 0.08079073276063291}