{"n_classes": 7, "alpha": 0.001, "max_iter": 100, "lambda_": 0.1, "tolerance": 1e-05, "sgdDP": false, "L": 1, "C": 1, "epsilon": 1, "delta": 1e-05, "sigma": 0, "outDP_local": false, "outDP_local_epsilon": 1, "train_acc": 0.5712, "test_acc": 0.5331, "attack_acc_mean": 0.51265, "attack_acc_std": 0.005215202137341688, "attack_pre_mean": 0.531851240594927, "attack_pre_std": 0.009458906018579823, "attack_rec_mean": 0.19345, "attack_rec_std": 0.0652724993137743}