{"n_classes": 7, "alpha": 0.001, "max_iter": 300, "lambda_": 1e-06, "tolerance": 1e-05, "sgdDP": true, "L": 20, "C": 5, "epsilon": 10000, "delta": 1e-05, "sigma": 0, "outDP_local": false, "outDP_local_epsilon": 1, "train_acc": 0.7141, "test_acc": 0.6737, "attack_acc_mean": 0.5259583333333334, "attack_acc_std": 0.0007073522617637038, "attack_pre_mean": 0.5203968391931089, "attack_pre_std": 0.004179824554684908, "attack_rec_mean": 0.6850999999999999, "attack_rec_std": 0.11202871655666387}