{"n_classes": 7, "alpha": 0.001, "max_iter": 10, "lambda_": 0.1, "tolerance": 1e-05, "sgdDP": false, "L": 1, "C": 1, "epsilon": 1, "delta": 1e-05, "sigma": 0, "outDP_local": false, "outDP_local_epsilon": 1, "train_acc": 0.5473, "test_acc": 0.5163, "attack_acc_mean": 0.5133916666666667, "attack_acc_std": 0.004963064969239176, "attack_pre_mean": 0.530380693260123, "attack_pre_std": 0.0051347022869365384, "attack_rec_mean": 0.22258333333333336, "attack_rec_std": 0.07132756401903047}