{"n_classes": 7, "alpha": 0.01, "max_iter": 300, "lambda_": 0.001, "tolerance": 1e-05, "sgdDP": false, "L": 1, "C": 1, "epsilon": 1, "delta": 1e-05, "sigma": 0, "outDP_local": false, "outDP_local_epsilon": 1, "train_acc": 0.7799, "test_acc": 0.7536, "attack_acc_mean": 0.5184083333333334, "attack_acc_std": 0.0002963903207296499, "attack_pre_mean": 0.5125572982668422, "attack_pre_std": 0.0014061481064189599, "attack_rec_mean": 0.7581000000000001, "attack_rec_std": 0.05983830991374451}