{"n_classes": 7, "alpha": 0.01, "max_iter": 300, "lambda_": 0.0001, "tolerance": 1e-05, "sgdDP": true, "L": 20, "C": 1.5, "epsilon": 10000, "delta": 1e-05, "sigma": 0, "outDP_local": false, "outDP_local_epsilon": 1, "train_acc": 0.685, "test_acc": 0.473, "attack_acc_mean": 0.6166666666666667, "attack_acc_std": 0.003659083066683354, "attack_pre_mean": 0.6078858593845718, "attack_pre_std": 0.007851176352748068, "attack_rec_mean": 0.661, "attack_rec_std": 0.05366563145999496}