{"n_classes": 7, "alpha": 0.01, "max_iter": 300, "lambda_": 1e-06, "tolerance": 1e-05, "sgdDP": true, "L": 20, "C": 1.5, "epsilon": 10000, "delta": 1e-05, "sigma": 0, "outDP_local": false, "outDP_local_epsilon": 1, "train_acc": 0.692, "test_acc": 0.477, "attack_acc_mean": 0.6133333333333334, "attack_acc_std": 0.002867441755680878, "attack_pre_mean": 0.6053115834030883, "attack_pre_std": 0.007915330747614911, "attack_rec_mean": 0.655, "attack_rec_std": 0.05053711507397311}