{"n_classes": 7, "alpha": 0.01, "max_iter": 300, "lambda_": 1e-06, "tolerance": 1e-05, "sgdDP": true, "L": 20, "C": 10, "epsilon": 10000, "delta": 1e-05, "sigma": 0, "outDP_local": false, "outDP_local_epsilon": 1, "train_acc": 0.866, "test_acc": 0.593, "attack_acc_mean": 0.6336666666666666, "attack_acc_std": 0.003448026810929519, "attack_pre_mean": 0.5981370351572036, "attack_pre_std": 0.00897900254304717, "attack_rec_mean": 0.8209999999999998, "attack_rec_std": 0.07244998274671981}