{"n_classes": 7, "alpha": 0.01, "max_iter": 300, "lambda_": 0.0001, "tolerance": 1e-05, "sgdDP": true, "L": 20, "C": 10, "epsilon": 10000, "delta": 1e-05, "sigma": 0, "outDP_local": false, "outDP_local_epsilon": 1, "train_acc": 0.87, "test_acc": 0.599, "attack_acc_mean": 0.6373333333333333, "attack_acc_std": 0.006039223643997812, "attack_pre_mean": 0.6002919949722899, "attack_pre_std": 0.007505424171751087, "attack_rec_mean": 0.8273333333333334, "attack_rec_std": 0.0775170232199927}