{"n_classes": 7, "alpha": 0.01, "max_iter": 300, "lambda_": 1e-06, "tolerance": 1e-05, "sgdDP": true, "L": 20, "C": 1, "epsilon": 10000, "delta": 1e-05, "sigma": 0, "outDP_local": false, "outDP_local_epsilon": 1, "train_acc": 0.656, "test_acc": 0.458, "attack_acc_mean": 0.6040833333333334, "attack_acc_std": 0.005876625070754669, "attack_pre_mean": 0.6041008499031116, "attack_pre_std": 0.006049612012966222, "attack_rec_mean": 0.607, "attack_rec_std": 0.057691709398607134}