{"n_classes": 7, "alpha": 0.01, "max_iter": 300, "lambda_": 0.0001, "tolerance": 1e-05, "sgdDP": true, "L": 20, "C": 1, "epsilon": 10000, "delta": 1e-05, "sigma": 0, "outDP_local": false, "outDP_local_epsilon": 1, "train_acc": 0.652, "test_acc": 0.452, "attack_acc_mean": 0.6042500000000001, "attack_acc_std": 0.005039427877580302, "attack_pre_mean": 0.6046337141787989, "attack_pre_std": 0.006262389964717866, "attack_rec_mean": 0.6053333333333334, "attack_rec_std": 0.05381656085464978}