{"n_classes": 7, "alpha": 0.01, "max_iter": 300, "lambda_": 1e-06, "tolerance": 1e-05, "sgdDP": true, "L": 20, "C": 2, "epsilon": 10000, "delta": 1e-05, "sigma": 0, "outDP_local": false, "outDP_local_epsilon": 1, "train_acc": 0.712, "test_acc": 0.493, "attack_acc_mean": 0.619, "attack_acc_std": 0.0018484227510682277, "attack_pre_mean": 0.6051696619914181, "attack_pre_std": 0.01187037801694791, "attack_rec_mean": 0.69, "attack_rec_std": 0.044721359549995794}