{"n_classes": 7, "alpha": 0.01, "max_iter": 300, "lambda_": 0.0001, "tolerance": 1e-05, "sgdDP": true, "L": 20, "C": 2, "epsilon": 10000, "delta": 1e-05, "sigma": 0, "outDP_local": false, "outDP_local_epsilon": 1, "train_acc": 0.719, "test_acc": 0.503, "attack_acc_mean": 0.62075, "attack_acc_std": 0.0006291528696059147, "attack_pre_mean": 0.605450183817969, "attack_pre_std": 0.010933864119749214, "attack_rec_mean": 0.6986666666666667, "attack_rec_std": 0.0521749194749951}