{"n_classes": 7, "alpha": 0.01, "max_iter": 300, "lambda_": 1e-06, "tolerance": 1e-05, "sgdDP": true, "L": 20, "C": 3, "epsilon": 10000, "delta": 1e-05, "sigma": 0, "outDP_local": false, "outDP_local_epsilon": 1, "train_acc": 0.768, "test_acc": 0.521, "attack_acc_mean": 0.6315833333333334, "attack_acc_std": 0.002008661798865665, "attack_pre_mean": 0.6080808264514029, "attack_pre_std": 0.013606831672853887, "attack_rec_mean": 0.7473333333333333, "attack_rec_std": 0.05381656085464979}