{"n_classes": 7, "alpha": 0.01, "max_iter": 300, "lambda_": 0.0001, "tolerance": 1e-05, "sgdDP": true, "L": 20, "C": 3, "epsilon": 10000, "delta": 1e-05, "sigma": 0, "outDP_local": false, "outDP_local_epsilon": 1, "train_acc": 0.766, "test_acc": 0.527, "attack_acc_mean": 0.6269166666666667, "attack_acc_std": 0.0022806553639006756, "attack_pre_mean": 0.6035853962110685, "attack_pre_std": 0.01342545166715442, "attack_rec_mean": 0.7468333333333333, "attack_rec_std": 0.054038309456244916}