{"n_classes": 7, "alpha": 0.01, "max_iter": 300, "lambda_": 0.0001, "tolerance": 1e-05, "sgdDP": true, "L": 20, "C": 4, "epsilon": 10000, "delta": 1e-05, "sigma": 0, "outDP_local": false, "outDP_local_epsilon": 1, "train_acc": 0.802, "test_acc": 0.554, "attack_acc_mean": 0.63025, "attack_acc_std": 0.00024999999999997247, "attack_pre_mean": 0.6031624764999765, "attack_pre_std": 0.011253662481973561, "attack_rec_mean": 0.7678333333333334, "attack_rec_std": 0.05762064637687511}