{"n_classes": 7, "alpha": 0.01, "max_iter": 300, "lambda_": 1e-06, "tolerance": 1e-05, "sgdDP": true, "L": 20, "C": 4, "epsilon": 10000, "delta": 1e-05, "sigma": 0, "outDP_local": false, "outDP_local_epsilon": 1, "train_acc": 0.803, "test_acc": 0.552, "attack_acc_mean": 0.6330833333333333, "attack_acc_std": 0.002206367049145626, "attack_pre_mean": 0.6047041846635534, "attack_pre_std": 0.013327947178044822, "attack_rec_mean": 0.7759999999999999, "attack_rec_std": 0.05590766196745011}