{"n_classes": 7, "alpha": 0.01, "max_iter": 300, "lambda_": 1e-06, "tolerance": 1e-05, "sgdDP": true, "L": 20, "C": 5, "epsilon": 10000, "delta": 1e-05, "sigma": 0, "outDP_local": false, "outDP_local_epsilon": 1, "train_acc": 0.825, "test_acc": 0.558, "attack_acc_mean": 0.6361666666666665, "attack_acc_std": 0.0009860132971832578, "attack_pre_mean": 0.6039649312394945, "attack_pre_std": 0.010362392369673432, "attack_rec_mean": 0.797, "attack_rec_std": 0.060822145089871084}