{"n_classes": 7, "alpha": 0.01, "max_iter": 300, "lambda_": 0.0001, "tolerance": 1e-05, "sgdDP": true, "L": 20, "C": 5, "epsilon": 10000, "delta": 1e-05, "sigma": 0, "outDP_local": false, "outDP_local_epsilon": 1, "train_acc": 0.825, "test_acc": 0.566, "attack_acc_mean": 0.6366666666666666, "attack_acc_std": 0.0029814239699997224, "attack_pre_mean": 0.6040076335877863, "attack_pre_std": 0.008961341131201441, "attack_rec_mean": 0.7989999999999999, "attack_rec_std": 0.06484597134749388}