{"n_classes": 7, "alpha": 0.01, "max_iter": 300, "lambda_": 0.0001, "tolerance": 1e-05, "sgdDP": true, "L": 20, "C": 6, "epsilon": 10000, "delta": 1e-05, "sigma": 0, "outDP_local": false, "outDP_local_epsilon": 1, "train_acc": 0.845, "test_acc": 0.591, "attack_acc_mean": 0.6349166666666667, "attack_acc_std": 0.0006066758241066964, "attack_pre_mean": 0.6002742586943915, "attack_pre_std": 0.011645123530616445, "attack_rec_mean": 0.8153333333333332, "attack_rec_std": 0.06633668333249375}