{"n_classes": 7, "alpha": 0.01, "max_iter": 300, "lambda_": 1e-06, "tolerance": 1e-05, "sgdDP": true, "L": 20, "C": 6, "epsilon": 10000, "delta": 1e-05, "sigma": 0, "outDP_local": false, "outDP_local_epsilon": 1, "train_acc": 0.851, "test_acc": 0.591, "attack_acc_mean": 0.6318333333333332, "attack_acc_std": 0.0014907119849998612, "attack_pre_mean": 0.5980607772056689, "attack_pre_std": 0.0100044939226399, "attack_rec_mean": 0.8106666666666666, "attack_rec_std": 0.0664872585955802}