{"n_classes": 7, "alpha": 0.01, "max_iter": 300, "lambda_": 1e-06, "tolerance": 1e-05, "sgdDP": true, "L": 20, "C": 7, "epsilon": 10000, "delta": 1e-05, "sigma": 0, "outDP_local": false, "outDP_local_epsilon": 1, "train_acc": 0.865, "test_acc": 0.586, "attack_acc_mean": 0.6401666666666667, "attack_acc_std": 0.005906681715556446, "attack_pre_mean": 0.6026779586196008, "attack_pre_std": 0.008595123774852808, "attack_rec_mean": 0.8290000000000001, "attack_rec_std": 0.08094648437908425}