{"n_classes": 7, "alpha": 0.01, "max_iter": 300, "lambda_": 0.0001, "tolerance": 1e-05, "sgdDP": true, "L": 20, "C": 7, "epsilon": 10000, "delta": 1e-05, "sigma": 0, "outDP_local": false, "outDP_local_epsilon": 1, "train_acc": 0.87, "test_acc": 0.592, "attack_acc_mean": 0.6371666666666668, "attack_acc_std": 0.0012133516482134333, "attack_pre_mean": 0.6009594681330195, "attack_pre_std": 0.01154225382245346, "attack_rec_mean": 0.8245, "attack_rec_std": 0.07133197039196379}