{"n_classes": 7, "alpha": 0.01, "max_iter": 300, "lambda_": 1e-06, "tolerance": 1e-05, "sgdDP": true, "L": 20, "C": 8, "epsilon": 10000, "delta": 1e-05, "sigma": 0, "outDP_local": false, "outDP_local_epsilon": 1, "train_acc": 0.868, "test_acc": 0.59, "attack_acc_mean": 0.6400833333333333, "attack_acc_std": 0.004961658548868056, "attack_pre_mean": 0.6031287664104454, "attack_pre_std": 0.008929602692097123, "attack_rec_mean": 0.8255, "attack_rec_std": 0.07714434522374272}