{"n_classes": 7, "alpha": 0.01, "max_iter": 300, "lambda_": 0.0001, "tolerance": 1e-05, "sgdDP": true, "L": 20, "C": 8, "epsilon": 10000, "delta": 1e-05, "sigma": 0, "outDP_local": false, "outDP_local_epsilon": 1, "train_acc": 0.871, "test_acc": 0.602, "attack_acc_mean": 0.6410833333333333, "attack_acc_std": 0.007446568934005015, "attack_pre_mean": 0.6027008076562118, "attack_pre_std": 0.007473937557817051, "attack_rec_mean": 0.8334999999999999, "attack_rec_std": 0.08385254915624209}