{"n_classes": 7, "alpha": 0.01, "max_iter": 300, "lambda_": 0.0001, "tolerance": 1e-05, "sgdDP": true, "L": 20, "C": 9, "epsilon": 10000, "delta": 1e-05, "sigma": 0, "outDP_local": false, "outDP_local_epsilon": 1, "train_acc": 0.878, "test_acc": 0.591, "attack_acc_mean": 0.6458333333333334, "attack_acc_std": 0.0077602978178819, "attack_pre_mean": 0.6067732679100352, "attack_pre_std": 0.0061110888497393585, "attack_rec_mean": 0.8326666666666666, "attack_rec_std": 0.07632969423639938}