{"n_classes": 7, "alpha": 0.01, "max_iter": 300, "lambda_": 1e-06, "tolerance": 1e-05, "sgdDP": true, "L": 20, "C": 9, "epsilon": 10000, "delta": 1e-05, "sigma": 0, "outDP_local": false, "outDP_local_epsilon": 1, "train_acc": 0.878, "test_acc": 0.595, "attack_acc_mean": 0.6400833333333333, "attack_acc_std": 0.0061469278686366955, "attack_pre_mean": 0.6016779581723138, "attack_pre_std": 0.007005589850999155, "attack_rec_mean": 0.8336666666666667, "attack_rec_std": 0.07498370193285707}