{"n_classes": 100, "alpha": 0.01, "max_iter": 50, "lambda_": 0.0001, "tolerance": 1e-05, "DP": false, "L": 1, "C": 1, "epsilon": 100000, "delta": 1e-05, "train_acc": 0.918, "test_acc": 0.5466, "accuracy": 0.1924, "out_dp_train_acc": 0.2964, "out_dp_test_acc": 0.1924, "mi_attack": {"attack_acc_mean": 0.6675333333333334, "attack_acc_std": 0.005341868170926306, "attack_pre_mean": 0.6081831498201233, "attack_pre_std": 0.004404039616171223, "attack_rec_mean": 0.9421333333333334, "attack_rec_std": 0.0070144295721193605}, "out_dp_mi_attack": {"attack_acc_mean": 0.5466, "attack_acc_std": 0.0030480868316590465, "attack_pre_mean": 0.5636474532423853, "attack_pre_std": 0.009179501649920388, "attack_rec_mean": 0.4175, "attack_rec_std": 0.032197308376115334}}