{"n_classes": 100, "alpha": 0.01, "max_iter": 50, "lambda_": 0.0001, "tolerance": 1e-05, "DP": false, "L": 1, "C": 1, "epsilon": 100000, "delta": 1e-05, "train_acc": 0.9181, "test_acc": 0.5463, "accuracy": 0.1792, "out_dp_train_acc": 0.2899, "out_dp_test_acc": 0.1792, "mi_attack": {"attack_acc_mean": 0.6681583333333333, "attack_acc_std": 0.0054440653212670205, "attack_pre_mean": 0.6087090488947364, "attack_pre_std": 0.004549247181573312, "attack_rec_mean": 0.9419166666666667, "attack_rec_std": 0.007316970380940157}, "out_dp_mi_attack": {"attack_acc_mean": 0.551075, "attack_acc_std": 0.0023735960762803275, "attack_pre_mean": 0.5680385940171971, "attack_pre_std": 0.007574194050910681, "attack_rec_mean": 0.42929999999999996, "attack_rec_std": 0.024032339322948425}}