{"n_classes": 100, "alpha": 0.01, "max_iter": 50, "lambda_": 0.0001, "tolerance": 1e-05, "DP": false, "L": 1, "C": 1, "epsilon": 100000, "delta": 1e-05, "train_acc": 0.9183, "test_acc": 0.5458, "accuracy": 0.1665, "out_dp_train_acc": 0.2777, "out_dp_test_acc": 0.1665, "mi_attack": {"attack_acc_mean": 0.6668250000000001, "attack_acc_std": 0.005594100314915111, "attack_pre_mean": 0.6076795181712786, "attack_pre_std": 0.00464035651990285, "attack_rec_mean": 0.9418000000000001, "attack_rec_std": 0.007499111058429973}, "out_dp_mi_attack": {"attack_acc_mean": 0.553175, "attack_acc_std": 0.003272454481476156, "attack_pre_mean": 0.5794770423370357, "attack_pre_std": 0.014933161530658556, "attack_rec_mean": 0.39781666666666665, "attack_rec_std": 0.05254450230254561}}