{"n_classes": 100, "alpha": 0.01, "max_iter": 50, "lambda_": 0.0001, "tolerance": 1e-05, "DP": false, "L": 1, "C": 1, "epsilon": 100000, "delta": 1e-05, "train_acc": 0.917, "test_acc": 0.5467, "accuracy": 0.1583, "out_dp_train_acc": 0.2577, "out_dp_test_acc": 0.1583, "mi_attack": {"attack_acc_mean": 0.6675833333333333, "attack_acc_std": 0.005097194217301192, "attack_pre_mean": 0.6083135466992298, "attack_pre_std": 0.0042260494240156975, "attack_rec_mean": 0.9414666666666668, "attack_rec_std": 0.007654773383683909}, "out_dp_mi_attack": {"attack_acc_mean": 0.5484083333333333, "attack_acc_std": 0.003335592984096749, "attack_pre_mean": 0.5634760310813153, "attack_pre_std": 0.009745470423949886, "attack_rec_mean": 0.43670000000000003, "attack_rec_std": 0.04933149771359742}}