{"n_classes": 100, "alpha": 0.01, "max_iter": 50, "lambda_": 0.0001, "tolerance": 1e-05, "DP": false, "L": 1, "C": 1, "epsilon": 100000, "delta": 1e-05, "train_acc": 0.9185, "test_acc": 0.5468, "accuracy": 0.1869, "out_dp_train_acc": 0.3033, "out_dp_test_acc": 0.1869, "mi_attack": {"attack_acc_mean": 0.6665083333333333, "attack_acc_std": 0.0052565369356217286, "attack_pre_mean": 0.6074202626343835, "attack_pre_std": 0.004272147914130699, "attack_rec_mean": 0.9418166666666666, "attack_rec_std": 0.007802439077337}, "out_dp_mi_attack": {"attack_acc_mean": 0.5524333333333333, "attack_acc_std": 0.003667840721126742, "attack_pre_mean": 0.5662057219961099, "attack_pre_std": 0.008773263354818261, "attack_rec_mean": 0.4528999999999999, "attack_rec_std": 0.0346095844143401}}