{"n_classes": 100, "alpha": 0.001, "max_iter": 100, "lambda_": 1e-08, "tolerance": 1e-05, "DP": false, "L": 10, "C": 1, "epsilon": 0, "delta": 1e-05, "train_acc": 0.8699, "test_acc": 0.5581, "attack_acc_mean": 0.6801833333333334, "attack_acc_std": 0.010621152898291651, "attack_pre_mean": 0.6564606128074618, "attack_pre_std": 0.008041799434660202, "attack_rec_mean": 0.7560333333333333, "attack_rec_std": 0.027020033719857235}