{"n_classes": 100, "alpha": 0.001, "max_iter": 100, "lambda_": 1e-05, "tolerance": 1e-05, "DP": true, "L": 100, "C": 1, "epsilon": 5, "delta": 1e-05, "train_acc": 0.0441, "test_acc": 0.0401, "attack_acc_mean": 0.49994999999999995, "attack_acc_std": 0.0005244044240850815, "attack_pre_mean": 0.4553819020485687, "attack_pre_std": 0.042490531045158084, "attack_rec_mean": 0.005216666666666667, "attack_rec_std": 0.00665693039036929}