{"n_classes": 100, "alpha": 0.001, "max_iter": 100, "lambda_": 1e-08, "tolerance": 1e-05, "DP": false, "L": 10, "C": 1, "epsilon": 0, "delta": 1e-05, "train_acc": 0.8699, "test_acc": 0.5581, "attack_acc": 0.51075, "attack_pre": 0.7615571776155717, "attack_rec": 0.0313}