{"n_classes": 100, "alpha": 0.001, "max_iter": 100, "lambda_": 1e-05, "tolerance": 1e-05, "DP": true, "L": 1, "C": 1, "epsilon": 0.1, "delta": 1e-05, "train_acc": 0.0189, "test_acc": 0.0182, "attack_acc": 0.50045, "attack_pre": 0.5106382978723404, "attack_rec": 0.0216}