{"n_classes": 100, "alpha": 0.001, "max_iter": 100, "lambda_": 1e-05, "tolerance": 1e-05, "DP": true, "L": 10, "C": 1, "epsilon": 70, "delta": 1e-05, "train_acc": 0.1831, "test_acc": 0.1561, "attack_acc_mean": 0.49995833333333345, "attack_acc_std": 8.374896350933152e-05, "attack_pre_mean": 0.4543309305472199, "attack_pre_std": 0.03653418525181521, "attack_rec_mean": 0.005133333333333333, "attack_rec_std": 0.008399735445569434}