{"n_classes": 100, "alpha": 0.001, "max_iter": 100, "lambda_": 0.1, "tolerance": 1e-05, "DP": false, "L": 10, "C": 1, "epsilon": 0, "delta": 1e-05, "train_acc": 0.2128, "test_acc": 0.1736, "attack_acc_mean": 0.500325, "attack_acc_std": 0.00013768926368217435, "attack_pre_mean": 0.5470462043534866, "attack_pre_std": 0.018062607001095198, "attack_rec_mean": 0.00655, "attack_rec_std": 0.007943078748193298}