{"n_classes": 100, "alpha": 0.001, "max_iter": 100, "lambda_": 1e-05, "tolerance": 1e-05, "DP": true, "L": 1, "C": 1, "epsilon": 0.7, "delta": 1e-05, "train_acc": 0.0519, "test_acc": 0.0431, "attack_acc": 0.50345, "attack_pre": 0.545335085413929, "attack_rec": 0.0415}