{"n_classes": 100, "alpha": 0.001, "max_iter": 100, "lambda_": 1e-05, "tolerance": 1e-05, "DP": true, "L": 10, "C": 1, "epsilon": 0.4, "delta": 1e-05, "train_acc": 0.0642, "test_acc": 0.0592, "attack_acc_mean": 0.5009, "attack_acc_std": 0.0002081665999466259, "attack_pre_mean": 0.5397118148703542, "attack_pre_std": 0.015148943149034146, "attack_rec_mean": 0.01475, "attack_rec_std": 0.008920715591625297}