{"n_classes": 100, "alpha": 0.001, "max_iter": 100, "lambda_": 1e-07, "tolerance": 1e-05, "DP": false, "L": 10, "C": 1, "epsilon": 0, "delta": 1e-05, "train_acc": 0.8725, "test_acc": 0.5629, "attack_acc_mean": 0.6815583333333333, "attack_acc_std": 0.010807999223825948, "attack_pre_mean": 0.6570858109948474, "attack_pre_std": 0.007970674910820626, "attack_rec_mean": 0.7594500000000001, "attack_rec_std": 0.027514344743545454}