{"n_classes": 100, "alpha": 0.001, "max_iter": 100, "lambda_": 1e-05, "tolerance": 1e-05, "DP": true, "L": 10, "C": 1, "epsilon": 50, "delta": 1e-05, "train_acc": 0.1731, "test_acc": 0.1512, "attack_acc_mean": 0.49997500000000006, "attack_acc_std": 0.00010704360482219763, "attack_pre_mean": 0.45468478758897507, "attack_pre_std": 0.03699249516472888, "attack_rec_mean": 0.005149999999999999, "attack_rec_std": 0.008436379555235764}