{"n_classes": 100, "alpha": 0.001, "max_iter": 100, "lambda_": 1e-05, "tolerance": 1e-05, "DP": true, "L": 1, "C": 1, "epsilon": 0.7, "delta": 1e-05, "train_acc": 0.0519, "test_acc": 0.0431, "attack_acc_mean": 0.5044916666666667, "attack_acc_std": 0.0016369220778304978, "attack_pre_mean": 0.5086887770674381, "attack_pre_std": 0.004434440116408066, "attack_rec_mean": 0.28896666666666665, "attack_rec_std": 0.08087504078652585}