{"n_classes": 100, "alpha": 0.001, "max_iter": 100, "lambda_": 1e-05, "tolerance": 1e-05, "DP": true, "L": 10, "C": 1, "epsilon": 0.3, "delta": 1e-05, "train_acc": 0.0465, "test_acc": 0.0403, "attack_acc_mean": 0.5022166666666666, "attack_acc_std": 0.0005071708018234283, "attack_pre_mean": 0.5464602487253091, "attack_pre_std": 0.015591956336126027, "attack_rec_mean": 0.028816666666666668, "attack_rec_std": 0.01199714086309271}