{"n_classes": 100, "alpha": 0.001, "max_iter": 100, "lambda_": 1e-05, "tolerance": 1e-05, "DP": true, "L": 1, "C": 1, "epsilon": 10, "delta": 1e-05, "train_acc": 0.1092, "test_acc": 0.0934, "attack_acc_mean": 0.5061833333333333, "attack_acc_std": 0.002303017344461158, "attack_pre_mean": 0.5115040189907402, "attack_pre_std": 0.0051292213540536135, "attack_rec_mean": 0.2920833333333333, "attack_rec_std": 0.04944847205818284}