{"n_classes": 100, "alpha": 0.001, "max_iter": 100, "lambda_": 0.0001, "tolerance": 1e-05, "DP": false, "L": 10, "C": 1, "epsilon": 0, "delta": 1e-05, "train_acc": 0.8693, "test_acc": 0.5597, "attack_acc_mean": 0.6802833333333332, "attack_acc_std": 0.011179060286486025, "attack_pre_mean": 0.6569363050718292, "attack_pre_std": 0.007818735427552424, "attack_rec_mean": 0.7545666666666667, "attack_rec_std": 0.02879523494530919}