{"n_classes": 100, "alpha": 0.001, "max_iter": 100, "lambda_": 1e-05, "tolerance": 1e-05, "DP": false, "L": 1, "C": 1, "epsilon": 0, "delta": 1e-05, "train_acc": 0.9998, "test_acc": 0.5536, "attack_acc_mean": 0.6583666666666667, "attack_acc_std": 0.006193858965853926, "attack_pre_mean": 0.595238891364786, "attack_pre_std": 0.004772028862391942, "attack_rec_mean": 0.99025, "attack_rec_std": 0.007561690728049301}