{"n_classes": 100, "alpha": 0.001, "max_iter": 100, "lambda_": 1e-05, "tolerance": 1e-05, "DP": true, "L": 10, "C": 1, "epsilon": 0.1, "delta": 1e-05, "train_acc": 0.016, "test_acc": 0.016, "attack_acc_mean": 0.49876666666666664, "attack_acc_std": 0.001206118660092031, "attack_pre_mean": 0.49656503714870376, "attack_pre_std": 0.003360886647697218, "attack_rec_mean": 0.18358333333333335, "attack_rec_std": 0.050454712917185}