{"n_classes": 100, "alpha": 0.001, "max_iter": 100, "lambda_": 1e-05, "tolerance": 1e-05, "DP": true, "L": 1, "C": 1, "epsilon": 100, "delta": 1e-05, "train_acc": 0.1854, "test_acc": 0.135, "attack_acc_mean": 0.5227916666666667, "attack_acc_std": 0.0013736862410641108, "attack_pre_mean": 0.5396840623626461, "attack_pre_std": 0.006572203871035281, "attack_rec_mean": 0.31551666666666667, "attack_rec_std": 0.03257536987084294}