{"n_classes": 100, "alpha": 0.001, "max_iter": 100, "lambda_": 1e-05, "tolerance": 1e-05, "DP": true, "L": 10, "C": 1, "epsilon": 0.9, "delta": 1e-05, "train_acc": 0.1309, "test_acc": 0.111, "attack_acc_mean": 0.5002416666666667, "attack_acc_std": 0.00023348209543538816, "attack_pre_mean": 0.5453860845765516, "attack_pre_std": 0.057789027097274626, "attack_rec_mean": 0.006083333333333333, "attack_rec_std": 0.009014325019409693}