{"n_classes": 100, "alpha": 0.001, "max_iter": 100, "lambda_": 1e-05, "tolerance": 1e-05, "DP": true, "L": 10, "C": 1, "epsilon": 5, "delta": 1e-05, "train_acc": 0.1694, "test_acc": 0.1447, "attack_acc_mean": 0.4999416666666667, "attack_acc_std": 4.487637339278259e-05, "attack_pre_mean": 0.4578754578754578, "attack_pre_std": 0.03198580438932781, "attack_rec_mean": 0.004966666666666667, "attack_rec_std": 0.008183248472065086}