{"n_classes": 100, "alpha": 0.001, "max_iter": 200, "lambda_": 1e-05, "tolerance": 1e-05, "DP": false, "L": 1, "C": 1, "epsilon": 0, "delta": 1e-05, "train_acc": 1.0, "test_acc": 0.5396, "attack_acc_mean": 0.659825, "attack_acc_std": 0.007353499733686917, "attack_pre_mean": 0.5968162103199949, "attack_pre_std": 0.005829716966760466, "attack_rec_mean": 0.98595, "attack_rec_std": 0.009701846903210392}