{"n_classes": 100, "alpha": 0.001, "max_iter": 100, "lambda_": 1e-05, "tolerance": 1e-05, "DP": true, "L": 1000, "C": 1, "epsilon": 1, "delta": 1e-05, "train_acc": 0.0411, "test_acc": 0.0372, "attack_acc_mean": 0.5002166666666666, "attack_acc_std": 0.0006032320356951439, "attack_pre_mean": 0.46158512121056544, "attack_pre_std": 0.04827838097635872, "attack_rec_mean": 0.0053, "attack_rec_std": 0.006827151675479314}