{"n_classes": 100, "alpha": 0.001, "max_iter": 100, "lambda_": 1e-06, "tolerance": 1e-05, "DP": false, "L": 10, "C": 1, "epsilon": 0, "delta": 1e-05, "train_acc": 0.8698, "test_acc": 0.5609, "attack_acc_mean": 0.6813166666666667, "attack_acc_std": 0.01138188131295622, "attack_pre_mean": 0.656699501331632, "attack_pre_std": 0.00846154942718968, "attack_rec_mean": 0.7598666666666666, "attack_rec_std": 0.028653892502687222}