{"n_classes": 100, "alpha": 0.001, "max_iter": 100, "lambda_": 1e-05, "tolerance": 1e-05, "DP": true, "L": 1, "C": 1, "epsilon": 30, "delta": 1e-05, "train_acc": 0.1456, "test_acc": 0.109, "attack_acc_mean": 0.5168666666666667, "attack_acc_std": 0.001683415839562197, "attack_pre_mean": 0.5315493336870818, "attack_pre_std": 0.0074612120615042766, "attack_rec_mean": 0.29363333333333336, "attack_rec_std": 0.04047586386422847}