{"n_classes": 100, "alpha": 0.001, "max_iter": 100, "lambda_": 1e-05, "tolerance": 1e-05, "DP": true, "L": 10, "C": 1, "epsilon": 0.7, "delta": 1e-05, "train_acc": 0.109, "test_acc": 0.0924, "attack_acc_mean": 0.5004666666666667, "attack_acc_std": 0.00029953667926019663, "attack_pre_mean": 0.5802386045382649, "attack_pre_std": 0.043702513159654954, "attack_rec_mean": 0.006333333333333334, "attack_rec_std": 0.008096432684968253}