{"n_classes": 100, "alpha": 0.001, "max_iter": 100, "lambda_": 1e-05, "tolerance": 1e-05, "DP": true, "L": 1, "C": 1, "epsilon": 0.4, "delta": 1e-05, "train_acc": 0.0345, "test_acc": 0.0292, "attack_acc_mean": 0.5039666666666667, "attack_acc_std": 0.0009555394055482604, "attack_pre_mean": 0.5072343223807546, "attack_pre_std": 0.001655972179534654, "attack_rec_mean": 0.28936666666666666, "attack_rec_std": 0.08789969030409353}