{"n_classes": 100, "alpha": 0.001, "max_iter": 100, "lambda_": 1e-05, "tolerance": 1e-05, "DP": true, "L": 10, "C": 1, "epsilon": 1, "delta": 1e-05, "train_acc": 0.1333, "test_acc": 0.1173, "attack_acc_mean": 0.5000749999999999, "attack_acc_std": 0.0001376892636821374, "attack_pre_mean": 0.502993200179422, "attack_pre_std": 0.028152003113472265, "attack_rec_mean": 0.004966666666666666, "attack_rec_std": 0.0073047168931375354}