{"n_classes": 100, "alpha": 0.001, "max_iter": 100, "lambda_": 1e-05, "tolerance": 1e-05, "DP": true, "L": 1, "C": 1, "epsilon": 0.2, "delta": 1e-05, "train_acc": 0.0204, "test_acc": 0.0204, "attack_acc_mean": 0.5023333333333334, "attack_acc_std": 0.0028713624331007637, "attack_pre_mean": 0.5041416980202461, "attack_pre_std": 0.005675053289012074, "attack_rec_mean": 0.2838833333333333, "attack_rec_std": 0.09552386118429025}