{"n_classes": 100, "alpha": 0.001, "max_iter": 100, "lambda_": 0.0005, "tolerance": 1e-05, "DP": false, "L": 10, "C": 1, "epsilon": 0, "delta": 1e-05, "train_acc": 0.865, "test_acc": 0.5598, "attack_acc": 0.50875, "attack_pre": 0.7492877492877493, "attack_rec": 0.0263}