{"n_classes": 100, "alpha": 0.001, "max_iter": 100, "lambda_": 1e-05, "tolerance": 1e-05, "DP": true, "L": 100, "C": 1, "epsilon": 0.1, "delta": 1e-05, "train_acc": 0.0325, "test_acc": 0.0319, "attack_acc_mean": 0.500125, "attack_acc_std": 0.0005080600358225322, "attack_pre_mean": 0.51545678080833, "attack_pre_std": 0.041772421572743836, "attack_rec_mean": 0.0061, "attack_rec_std": 0.006383050472409986}