{"n_classes": 100, "alpha": 0.001, "max_iter": 100, "lambda_": 1e-05, "tolerance": 1e-05, "DP": true, "L": 10, "C": 1, "epsilon": 100, "delta": 1e-05, "train_acc": 0.1759, "test_acc": 0.151, "attack_acc_mean": 0.49995833333333345, "attack_acc_std": 8.374896350933152e-05, "attack_pre_mean": 0.45437099055244473, "attack_pre_std": 0.03659557809200485, "attack_rec_mean": 0.005083333333333333, "attack_rec_std": 0.008327147704279593}