{"n_classes": 100, "alpha": 0.001, "max_iter": 100, "lambda_": 1e-05, "tolerance": 1e-05, "DP": true, "L": 100, "C": 1, "epsilon": 100, "delta": 1e-05, "train_acc": 0.0429, "test_acc": 0.0388, "attack_acc_mean": 0.49997500000000006, "attack_acc_std": 0.00057282196186948, "attack_pre_mean": 0.4563158795042852, "attack_pre_std": 0.04440743857190233, "attack_rec_mean": 0.0052833333333333335, "attack_rec_std": 0.00672815394856238}