{"n_classes": 100, "alpha": 0.001, "max_iter": 100, "lambda_": 0.0005, "tolerance": 1e-05, "DP": false, "L": 10, "C": 1, "epsilon": 0, "delta": 1e-05, "train_acc": 0.865, "test_acc": 0.5598, "attack_acc_mean": 0.6814666666666667, "attack_acc_std": 0.011248543115542674, "attack_pre_mean": 0.6620811197692315, "attack_pre_std": 0.008440366365675989, "attack_rec_mean": 0.7412666666666667, "attack_rec_std": 0.028632363196603644}