{"n_classes": 100, "alpha": 0.001, "max_iter": 100, "lambda_": 1e-05, "tolerance": 1e-05, "DP": true, "L": 10, "C": 1, "epsilon": 30, "delta": 1e-05, "train_acc": 0.1786, "test_acc": 0.1505, "attack_acc_mean": 0.4999666666666667, "attack_acc_std": 9.860132971831609e-05, "attack_pre_mean": 0.4552475683925569, "attack_pre_std": 0.037975374606912526, "attack_rec_mean": 0.0050999999999999995, "attack_rec_std": 0.008326463835266446}