{"n_classes": 100, "alpha": 0.001, "max_iter": 100, "lambda_": 1e-05, "tolerance": 1e-05, "DP": true, "L": 1, "C": 1, "epsilon": 0.2, "delta": 1e-05, "train_acc": 0.0204, "test_acc": 0.0204, "attack_acc": 0.50005, "attack_pre": 0.5013333333333333, "attack_rec": 0.0188}