{"n_classes": 100, "alpha": 0.001, "max_iter": 100, "lambda_": 1e-05, "tolerance": 1e-05, "DP": true, "L": 100, "C": 1, "epsilon": 50, "delta": 1e-05, "train_acc": 0.042, "test_acc": 0.0378, "attack_acc_mean": 0.4999666666666667, "attack_acc_std": 0.0005565269285688019, "attack_pre_mean": 0.45598678640891155, "attack_pre_std": 0.0437302110329564, "attack_rec_mean": 0.005266666666666667, "attack_rec_std": 0.006710108460789256}