{"n_classes": 100, "alpha": 0.001, "max_iter": 100, "lambda_": 1e-05, "tolerance": 1e-05, "DP": true, "L": 10, "C": 1, "epsilon": 0.8, "delta": 1e-05, "train_acc": 0.1248, "test_acc": 0.1077, "attack_acc_mean": 0.5000583333333334, "attack_acc_std": 0.00029498116700713874, "attack_pre_mean": 0.4864078822412156, "attack_pre_std": 0.0407720332348451, "attack_rec_mean": 0.0059833333333333336, "attack_rec_std": 0.008374647587941968}