{"n_classes": 100, "alpha": 0.001, "max_iter": 100, "lambda_": 1e-05, "tolerance": 1e-05, "DP": true, "L": 10, "C": 1, "epsilon": 10, "delta": 1e-05, "train_acc": 0.1743, "test_acc": 0.1461, "attack_acc_mean": 0.49997500000000006, "attack_acc_std": 0.00011456439237388338, "attack_pre_mean": 0.4539923173108829, "attack_pre_std": 0.0359519287388108, "attack_rec_mean": 0.0050999999999999995, "attack_rec_std": 0.008363810933619514}