{"n_classes": 100, "alpha": 0.001, "max_iter": 100, "lambda_": 1e-05, "tolerance": 1e-05, "DP": true, "L": 1, "C": 1, "epsilon": 0.9, "delta": 1e-05, "train_acc": 0.0481, "test_acc": 0.0406, "attack_acc_mean": 0.50175, "attack_acc_std": 0.004034848200366412, "attack_pre_mean": 0.503776072080777, "attack_pre_std": 0.007005318264823612, "attack_rec_mean": 0.27665, "attack_rec_std": 0.07246101825579508}