{"n_classes": 100, "alpha": 0.001, "max_iter": 100, "lambda_": 1e-05, "tolerance": 1e-05, "DP": true, "L": 1, "C": 1, "epsilon": 0.3, "delta": 1e-05, "train_acc": 0.0278, "test_acc": 0.0287, "attack_acc_mean": 0.5018416666666666, "attack_acc_std": 0.0021032547528902967, "attack_pre_mean": 0.502813165736313, "attack_pre_std": 0.003080499605064194, "attack_rec_mean": 0.2752333333333334, "attack_rec_std": 0.09579432249471898}