{"n_classes": 100, "alpha": 0.001, "max_iter": 100, "lambda_": 1e-05, "tolerance": 1e-05, "DP": true, "L": 1, "C": 1, "epsilon": 0.8, "delta": 1e-05, "train_acc": 0.044, "test_acc": 0.0383, "attack_acc_mean": 0.502675, "attack_acc_std": 0.0013975424859373775, "attack_pre_mean": 0.5049312398326329, "attack_pre_std": 0.0027278189630337286, "attack_rec_mean": 0.28095000000000003, "attack_rec_std": 0.07073647691726431}