{"n_classes": 100, "alpha": 0.001, "max_iter": 100, "lambda_": 0.05, "tolerance": 1e-05, "DP": false, "L": 10, "C": 1, "epsilon": 0, "delta": 1e-05, "train_acc": 0.3979, "test_acc": 0.2854, "attack_acc_mean": 0.5010333333333333, "attack_acc_std": 0.0001885618083163919, "attack_pre_mean": 0.6377109306513955, "attack_pre_std": 0.059826819743608706, "attack_rec_mean": 0.008016666666666667, "attack_rec_std": 0.00770874323234483}