{"n_classes": 100, "alpha": 0.001, "max_iter": 100, "lambda_": 0.01, "tolerance": 1e-05, "DP": false, "L": 10, "C": 1, "epsilon": 0, "delta": 1e-05, "train_acc": 0.7656, "test_acc": 0.5015, "attack_acc": 0.50085, "attack_pre": 0.7073170731707317, "attack_rec": 0.0029}