{"n_classes": 100, "alpha": 0.001, "max_iter": 100, "lambda_": 1e-05, "tolerance": 1e-05, "DP": true, "L": 1, "C": 1, "epsilon": 1, "delta": 1e-05, "train_acc": 0.0535, "test_acc": 0.0518, "attack_acc_mean": 0.49931666666666663, "attack_acc_std": 0.0036389864278700405, "attack_pre_mean": 0.49919497151351305, "attack_pre_std": 0.006729889334835685, "attack_rec_mean": 0.2621833333333334, "attack_rec_std": 0.0808299329181681}