{"n_classes": 100, "alpha": 0.001, "max_iter": 100, "lambda_": 1e-05, "tolerance": 1e-05, "DP": true, "L": 100, "C": 1, "epsilon": 0.5, "delta": 1e-05, "train_acc": 0.0365, "test_acc": 0.0362, "attack_acc_mean": 0.4998833333333333, "attack_acc_std": 0.0004336537277086058, "attack_pre_mean": 0.4530706075533661, "attack_pre_std": 0.038216058195524455, "attack_rec_mean": 0.004916666666666667, "attack_rec_std": 0.006337827352930621}