{"n_classes": 100, "alpha": 0.001, "max_iter": 100, "lambda_": 1e-05, "tolerance": 1e-05, "DP": true, "L": 100, "C": 1, "epsilon": 1, "delta": 1e-05, "train_acc": 0.0403, "test_acc": 0.0373, "attack_acc_mean": 0.4999833333333334, "attack_acc_std": 0.0005892556509887875, "attack_pre_mean": 0.45678833050345524, "attack_pre_std": 0.04538286932467462, "attack_rec_mean": 0.005266666666666667, "attack_rec_std": 0.006710108460789256}