{"n_classes": 100, "alpha": 0.001, "max_iter": 100, "lambda_": 0.001, "tolerance": 1e-05, "DP": false, "L": 10, "C": 1, "epsilon": 0, "delta": 1e-05, "train_acc": 0.8644, "test_acc": 0.5601, "attack_acc_mean": 0.6785083333333334, "attack_acc_std": 0.011641607014879408, "attack_pre_mean": 0.6649656960575671, "attack_pre_std": 0.008948744302133242, "attack_rec_mean": 0.7194666666666666, "attack_rec_std": 0.027792604931687996}