{"n_classes": 100, "alpha": 0.001, "max_iter": 100, "lambda_": 1e-05, "tolerance": 1e-05, "DP": true, "L": 10, "C": 1, "epsilon": 0.5, "delta": 1e-05, "train_acc": 0.0754, "test_acc": 0.0648, "attack_acc_mean": 0.5012916666666667, "attack_acc_std": 0.0004755844357793605, "attack_pre_mean": 0.5999020856856688, "attack_pre_std": 0.05373265700309875, "attack_rec_mean": 0.010933333333333331, "attack_rec_std": 0.008664615141802638}