{"n_classes": 100, "alpha": 0.001, "max_iter": 100, "lambda_": 1e-05, "tolerance": 1e-05, "DP": true, "L": 1, "C": 1, "epsilon": 0.6, "delta": 1e-05, "train_acc": 0.0412, "test_acc": 0.0378, "attack_acc_mean": 0.5030416666666667, "attack_acc_std": 0.0010883537517227032, "attack_pre_mean": 0.5060601975453779, "attack_pre_std": 0.0030063822021466156, "attack_rec_mean": 0.27914999999999995, "attack_rec_std": 0.08374160156895337}