{"n_classes": 100, "alpha": 0.001, "max_iter": 100, "lambda_": 1e-05, "tolerance": 1e-05, "DP": true, "L": 1, "C": 1, "epsilon": 50, "delta": 1e-05, "train_acc": 0.1581, "test_acc": 0.1189, "attack_acc_mean": 0.5176083333333333, "attack_acc_std": 0.0022354001630332052, "attack_pre_mean": 0.5314770265152062, "attack_pre_std": 0.007042069321554898, "attack_rec_mean": 0.30478333333333335, "attack_rec_std": 0.03529831991595193}