{"n_classes": 100, "alpha": 0.001, "max_iter": 100, "lambda_": 1e-05, "tolerance": 1e-05, "DP": true, "L": 1, "C": 1, "epsilon": 70, "delta": 1e-05, "train_acc": 0.1655, "test_acc": 0.1294, "attack_acc_mean": 0.5177666666666667, "attack_acc_std": 0.002562008760501958, "attack_pre_mean": 0.5312473550212057, "attack_pre_std": 0.007411704737181409, "attack_rec_mean": 0.31048333333333333, "attack_rec_std": 0.03755149427415934}