{"n_classes": 100, "alpha": 0.001, "max_iter": 100, "lambda_": 1e-05, "tolerance": 1e-05, "DP": true, "L": 10, "C": 1, "epsilon": 0.6, "delta": 1e-05, "train_acc": 0.0892, "test_acc": 0.0791, "attack_acc_mean": 0.5004749999999999, "attack_acc_std": 0.0004767511580129349, "attack_pre_mean": 0.5976296941454825, "attack_pre_std": 0.0616666025448568, "attack_rec_mean": 0.0082, "attack_rec_std": 0.009279906608725472}