{"n_classes": 100, "alpha": 0.001, "max_iter": 100, "lambda_": 1e-05, "tolerance": 1e-05, "DP": true, "L": 1000, "C": 1, "epsilon": 0.1, "delta": 1e-05, "train_acc": 0.0307, "test_acc": 0.0298, "attack_acc_mean": 0.500225, "attack_acc_std": 0.0006216577300519555, "attack_pre_mean": 0.4617173782005923, "attack_pre_std": 0.048517877639117114, "attack_rec_mean": 0.005350000000000001, "attack_rec_std": 0.006916104394816492}