{"n_classes": 100, "alpha": 0.001, "max_iter": 100, "lambda_": 0.01, "tolerance": 1e-05, "DP": false, "L": 10, "C": 1, "epsilon": 0, "delta": 1e-05, "train_acc": 0.7656, "test_acc": 0.5015, "attack_acc_mean": 0.593125, "attack_acc_std": 0.004869355706867181, "attack_pre_mean": 0.7072165955228064, "attack_pre_std": 0.015222477806112801, "attack_rec_mean": 0.3186666666666667, "attack_rec_std": 0.016075619912014467}