{"n_classes": 100, "alpha": 0.001, "max_iter": 100, "lambda_": 1e-05, "tolerance": 1e-05, "DP": true, "L": 1, "C": 1, "epsilon": 5, "delta": 1e-05, "train_acc": 0.087, "test_acc": 0.0721, "attack_acc_mean": 0.5079083333333333, "attack_acc_std": 0.0016964218880402891, "attack_pre_mean": 0.515692757749696, "attack_pre_std": 0.00556778940788579, "attack_rec_mean": 0.27655, "attack_rec_std": 0.06109213670077898}