{"n_classes": 100, "alpha": 0.001, "max_iter": 100, "lambda_": 1e-05, "tolerance": 1e-05, "DP": true, "L": 1, "C": 1, "epsilon": 0.1, "delta": 1e-05, "train_acc": 0.0189, "test_acc": 0.0182, "attack_acc_mean": 0.4997583333333333, "attack_acc_std": 0.0017756258677497929, "attack_pre_mean": 0.49838606219858117, "attack_pre_std": 0.0039726299199420315, "attack_rec_mean": 0.27305, "attack_rec_std": 0.11075923964467554}