{"n_classes": 100, "alpha": 0.001, "max_iter": 1, "lambda_": 1e-05, "tolerance": 1e-05, "DP": false, "L": 1, "C": 1, "epsilon": 0, "delta": 1e-05, "train_acc": 0.2147, "test_acc": 0.179, "attack_acc_mean": 0.5004083333333333, "attack_acc_std": 0.00011334558757282234, "attack_pre_mean": 0.5619321677461212, "attack_pre_std": 0.028539129092549943, "attack_rec_mean": 0.006966666666666667, "attack_rec_std": 0.008365936223094752}