{"n_classes": 100, "alpha": 0.001, "max_iter": 100, "lambda_": 1e-05, "tolerance": 1e-05, "DP": true, "L": 1, "C": 1, "epsilon": 0.5, "delta": 1e-05, "train_acc": 0.0356, "test_acc": 0.0342, "attack_acc_mean": 0.5060333333333333, "attack_acc_std": 0.0018975129921967703, "attack_pre_mean": 0.511236520662539, "attack_pre_std": 0.0033458236635469803, "attack_rec_mean": 0.2854833333333333, "attack_rec_std": 0.09291981160596963}