{"n_classes": 100, "alpha": 0.001, "max_iter": 100, "lambda_": 1, "tolerance": 1e-05, "DP": false, "L": 10, "C": 1, "epsilon": 0, "delta": 1e-05, "train_acc": 0.037, "test_acc": 0.0332, "attack_acc_mean": 0.49995833333333345, "attack_acc_std": 0.00028638067129067797, "attack_pre_mean": 0.45646624241094286, "attack_pre_std": 0.04203849006633631, "attack_rec_mean": 0.004233333333333334, "attack_rec_std": 0.005542763049438631}