{"n_classes": 100, "alpha": 0.001, "max_iter": 100, "lambda_": 1e-05, "tolerance": 1e-05, "DP": true, "L": 100, "C": 1, "epsilon": 10, "delta": 1e-05, "train_acc": 0.0408, "test_acc": 0.0372, "attack_acc_mean": 0.4999833333333334, "attack_acc_std": 0.0005892556509887875, "attack_pre_mean": 0.4566421233087899, "attack_pre_std": 0.045080617254842796, "attack_rec_mean": 0.0053, "attack_rec_std": 0.006746357041643536}