{"n_classes": 100, "alpha": 0.001, "max_iter": 100, "lambda_": 1e-05, "tolerance": 1e-05, "DP": true, "L": 10, "C": 1, "epsilon": 0.2, "delta": 1e-05, "train_acc": 0.0324, "test_acc": 0.0289, "attack_acc_mean": 0.5014833333333333, "attack_acc_std": 0.0010830768927253128, "attack_pre_mean": 0.5117088487266456, "attack_pre_std": 0.009338258820685291, "attack_rec_mean": 0.07306666666666667, "attack_rec_std": 0.016976323381567505}