{"n_classes": 100, "alpha": 0.001, "max_iter": 100, "lambda_": 1e-05, "tolerance": 1e-05, "DP": true, "L": 1, "C": 1, "epsilon": 70, "delta": 1e-05, "train_acc": 0.1686, "test_acc": 0.1201, "attack_acc": 0.51215, "attack_pre": 0.6093609360936093, "attack_rec": 0.0677}