{"n_classes": 100, "alpha": 0.001, "max_iter": 100, "lambda_": 1e-05, "tolerance": 1e-05, "DP": false, "L": 1, "C": 1, "epsilon": 0, "delta": 1e-05, "train_acc": 0.9997, "test_acc": 0.5478, "attack_acc_mean": 0.6605249999999999, "attack_acc_std": 0.007856247513921654, "attack_pre_mean": 0.5968669772802258, "attack_pre_std": 0.006189062660746407, "attack_rec_mean": 0.9899166666666667, "attack_rec_std": 0.007883403805181866}