{"n_classes": 100, "alpha": 0.001, "max_iter": 100, "lambda_": 1e-05, "tolerance": 1e-05, "DP": true, "L": 1, "C": 1, "epsilon": 0.3, "delta": 1e-05, "train_acc": 0.0291, "test_acc": 0.0223, "attack_acc_mean": 0.502225, "attack_acc_std": 0.0033686978196329777, "attack_pre_mean": 0.5040111452646351, "attack_pre_std": 0.006702020619338762, "attack_rec_mean": 0.2809, "attack_rec_std": 0.09106629453315865}