{"n_classes": 100, "alpha": 0.001, "max_iter": 100, "lambda_": 1e-05, "tolerance": 1e-05, "DP": true, "L": 100, "C": 1, "epsilon": 0.1, "delta": 1e-05, "train_acc": 0.0311, "test_acc": 0.0307, "attack_acc_mean": 0.500225, "attack_acc_std": 0.0001909406539564723, "attack_pre_mean": 0.6280904155195398, "attack_pre_std": 0.08290731686257996, "attack_rec_mean": 0.0043, "attack_rec_std": 0.004962190376570949}