{"n_classes": 100, "alpha": 0.001, "max_iter": 100, "lambda_": 1e-05, "tolerance": 1e-05, "DP": true, "L": 10, "C": 1, "epsilon": 0.1, "delta": 1e-05, "train_acc": 0.0218, "test_acc": 0.0212, "attack_acc_mean": 0.4987083333333333, "attack_acc_std": 0.002150855772839167, "attack_pre_mean": 0.4953892989961531, "attack_pre_std": 0.007794947346069997, "attack_rec_mean": 0.16745, "attack_rec_std": 0.06287661860076976}