{"n_classes": 100, "alpha": 0.001, "max_iter": 100, "lambda_": 0.001, "tolerance": 1e-05, "DP": false, "L": 10, "C": 1, "epsilon": 0, "delta": 1e-05, "train_acc": 0.8612, "test_acc": 0.5542, "attack_acc_mean": 0.6843500000000001, "attack_acc_std": 0.012365139168916222, "attack_pre_mean": 0.6694986560603443, "attack_pre_std": 0.009921344131079472, "attack_rec_mean": 0.72815, "attack_rec_std": 0.028547431291332206}