{"n_classes": 100, "alpha": 0.001, "max_iter": 100, "lambda_": 1e-05, "tolerance": 1e-05, "DP": true, "L": 10, "C": 1, "epsilon": 10, "delta": 1e-05, "train_acc": 0.1664, "test_acc": 0.131, "attack_acc_mean": 0.50035, "attack_acc_std": 0.00016583123951779077, "attack_pre_mean": 0.6381936565564884, "attack_pre_std": 0.07698400388163194, "attack_rec_mean": 0.0053, "attack_rec_std": 0.00818127944354264}