{"n_classes": 100, "alpha": 0.001, "max_iter": 100, "lambda_": 1e-05, "tolerance": 1e-05, "DP": true, "L": 10, "C": 1, "epsilon": 0.9, "delta": 1e-05, "train_acc": 0.1241, "test_acc": 0.1039, "attack_acc_mean": 0.5, "attack_acc_std": 0.00019790570145062652, "attack_pre_mean": 0.5345640372693307, "attack_pre_std": 0.05181797827838629, "attack_rec_mean": 0.005350000000000001, "attack_rec_std": 0.007460060321471939}