{"n_classes": 100, "alpha": 0.001, "max_iter": 100, "lambda_": 0.01, "tolerance": 1e-05, "DP": false, "L": 10, "C": 1, "epsilon": 0, "delta": 1e-05, "train_acc": 0.7816, "test_acc": 0.5028, "attack_acc_mean": 0.60065, "attack_acc_std": 0.007383427388415227, "attack_pre_mean": 0.7243545558435805, "attack_pre_std": 0.01598459810510767, "attack_rec_mean": 0.3253333333333333, "attack_rec_std": 0.016800760564794546}