{"n_classes": 100, "alpha": 0.001, "max_iter": 100, "lambda_": 1e-05, "tolerance": 1e-05, "DP": true, "L": 1, "C": 1, "epsilon": 0.9, "delta": 1e-05, "train_acc": 0.0421, "test_acc": 0.0376, "attack_acc_mean": 0.5038666666666666, "attack_acc_std": 0.002152453380576581, "attack_pre_mean": 0.507607969762025, "attack_pre_std": 0.004711670126065016, "attack_rec_mean": 0.28200000000000003, "attack_rec_std": 0.08119012665753557}