{"n_classes": 100, "alpha": 0.001, "max_iter": 100, "lambda_": 1e-05, "tolerance": 1e-05, "DP": true, "L": 1000, "C": 1, "epsilon": 0.5, "delta": 1e-05, "train_acc": 0.0354, "test_acc": 0.0307, "attack_acc_mean": 0.5003000000000001, "attack_acc_std": 0.0002972092416687881, "attack_pre_mean": 0.6321860065232281, "attack_pre_std": 0.08552572378659055, "attack_rec_mean": 0.005466666666666666, "attack_rec_std": 0.006605216793481414}