{"n_classes": 100, "alpha": 0.001, "max_iter": 100, "lambda_": 1, "tolerance": 1e-05, "DP": false, "L": 10, "C": 1, "epsilon": 0, "delta": 1e-05, "train_acc": 0.0426, "test_acc": 0.0411, "attack_acc_mean": 0.5004416666666667, "attack_acc_std": 0.00028927591596184687, "attack_pre_mean": 0.6418060013476015, "attack_pre_std": 0.07211817472387479, "attack_rec_mean": 0.0046166666666666665, "attack_rec_std": 0.005443165949661608}