{"n_classes": 100, "alpha": 0.001, "max_iter": 100, "lambda_": 1e-05, "tolerance": 1e-05, "DP": true, "L": 100, "C": 1, "epsilon": 30, "delta": 1e-05, "train_acc": 0.0346, "test_acc": 0.0309, "attack_acc_mean": 0.5003583333333333, "attack_acc_std": 0.00041874481754669704, "attack_pre_mean": 0.6372976125631515, "attack_pre_std": 0.0797419456393639, "attack_rec_mean": 0.005333333333333333, "attack_rec_std": 0.0063858350189218704}