{"n_classes": 100, "alpha": 0.001, "max_iter": 100, "lambda_": 1e-05, "tolerance": 1e-05, "DP": true, "L": 100, "C": 1, "epsilon": 50, "delta": 1e-05, "train_acc": 0.0334, "test_acc": 0.029, "attack_acc_mean": 0.5003833333333333, "attack_acc_std": 0.0004199867722784659, "attack_pre_mean": 0.6379648879648879, "attack_pre_std": 0.07868951327454826, "attack_rec_mean": 0.005416666666666667, "attack_rec_std": 0.00649625960756564}