{"n_classes": 100, "alpha": 0.001, "max_iter": 100, "lambda_": 1e-05, "tolerance": 1e-05, "DP": true, "L": 10, "C": 1, "epsilon": 70, "delta": 1e-05, "train_acc": 0.1619, "test_acc": 0.1307, "attack_acc_mean": 0.5003, "attack_acc_std": 7.071067811864696e-05, "attack_pre_mean": 0.6368520652408121, "attack_pre_std": 0.07907701221901367, "attack_rec_mean": 0.005466666666666666, "attack_rec_std": 0.008510516370284995}