{"n_classes": 100, "alpha": 0.001, "max_iter": 1, "lambda_": 1e-05, "tolerance": 1e-05, "DP": false, "L": 1, "C": 1, "epsilon": 0, "delta": 1e-05, "train_acc": 0.2206, "test_acc": 0.1741, "attack_acc_mean": 0.5004333333333333, "attack_acc_std": 0.0003023059524536251, "attack_pre_mean": 0.6347599485803711, "attack_pre_std": 0.07141783038677943, "attack_rec_mean": 0.005183333333333334, "attack_rec_std": 0.007809484973771032}