{"n_classes": 100, "alpha": 0.001, "max_iter": 100, "lambda_": 0.0005, "tolerance": 1e-05, "DP": false, "L": 10, "C": 1, "epsilon": 0, "delta": 1e-05, "train_acc": 0.8662, "test_acc": 0.5597, "attack_acc_mean": 0.6850166666666667, "attack_acc_std": 0.01121950187050308, "attack_pre_mean": 0.6636064728737213, "attack_pre_std": 0.008385017776782862, "attack_rec_mean": 0.7504833333333334, "attack_rec_std": 0.02931213722826925}