{"n_classes": 100, "alpha": 0.001, "max_iter": 100, "lambda_": 0.005, "tolerance": 1e-05, "DP": false, "L": 10, "C": 1, "epsilon": 0, "delta": 1e-05, "train_acc": 0.8331, "test_acc": 0.5349, "attack_acc_mean": 0.6570333333333334, "attack_acc_std": 0.011879312082589435, "attack_pre_mean": 0.6997480186452173, "attack_pre_std": 0.012041481077365817, "attack_rec_mean": 0.5499999999999999, "attack_rec_std": 0.025756099601194803}