{"n_classes": 100, "alpha": 0.001, "max_iter": 100, "lambda_": 1e-05, "tolerance": 1e-05, "DP": true, "L": 1000, "C": 1, "epsilon": 0.1, "delta": 1e-05, "train_acc": 0.032, "test_acc": 0.0273, "attack_acc_mean": 0.5002916666666667, "attack_acc_std": 0.00030878345522748415, "attack_pre_mean": 0.631851367549308, "attack_pre_std": 0.08606043903372769, "attack_rec_mean": 0.005466666666666666, "attack_rec_std": 0.006605216793481414}