{"n_classes": 100, "alpha": 0.001, "max_iter": 100, "lambda_": 1e-05, "tolerance": 1e-05, "DP": true, "L": 10, "C": 1, "epsilon": 100, "delta": 1e-05, "train_acc": 0.1528, "test_acc": 0.1268, "attack_acc_mean": 0.5003249999999999, "attack_acc_std": 0.00010704360482219761, "attack_pre_mean": 0.6390367145084127, "attack_pre_std": 0.07650399291558257, "attack_rec_mean": 0.005483333333333333, "attack_rec_std": 0.00854720552123454}