{"n_classes": 100, "alpha": 0.001, "max_iter": 100, "lambda_": 1e-05, "tolerance": 1e-05, "DP": true, "L": 100, "C": 1, "epsilon": 0.4, "delta": 1e-05, "train_acc": 0.0331, "test_acc": 0.0293, "attack_acc_mean": 0.50045, "attack_acc_std": 0.0003476108935769051, "attack_pre_mean": 0.6393156024303566, "attack_pre_std": 0.0754986916734937, "attack_rec_mean": 0.0053, "attack_rec_std": 0.0062356501933105045}