{"n_classes": 100, "alpha": 0.001, "max_iter": 100, "lambda_": 1e-05, "tolerance": 1e-05, "DP": true, "L": 1, "C": 1, "epsilon": 0.1, "delta": 1e-05, "train_acc": 0.0168, "test_acc": 0.0151, "attack_acc_mean": 0.5009416666666666, "attack_acc_std": 0.001688790658693061, "attack_pre_mean": 0.5022226870741614, "attack_pre_std": 0.002880038052296385, "attack_rec_mean": 0.2755666666666667, "attack_rec_std": 0.09028572546212509}