{"n_classes": 100, "alpha": 0.001, "max_iter": 100, "lambda_": 0.1, "tolerance": 1e-05, "DP": false, "L": 10, "C": 1, "epsilon": 0, "delta": 1e-05, "train_acc": 0.1984, "test_acc": 0.1536, "attack_acc_mean": 0.5003749999999999, "attack_acc_std": 0.00014361406616347034, "attack_pre_mean": 0.6043616163112148, "attack_pre_std": 0.05511157824177736, "attack_rec_mean": 0.005750000000000001, "attack_rec_std": 0.00835578641820545}