{"n_classes": 100, "alpha": 0.001, "max_iter": 200, "lambda_": 1e-05, "tolerance": 1e-05, "DP": false, "L": 1, "C": 1, "epsilon": 0, "delta": 1e-05, "train_acc": 1.0, "test_acc": 0.5344, "attack_acc_mean": 0.660275, "attack_acc_std": 0.00857864354079361, "attack_pre_mean": 0.5971415825489487, "attack_pre_std": 0.006845259021262125, "attack_rec_mean": 0.9862333333333333, "attack_rec_std": 0.009601678094074105}