{"n_classes": 100, "alpha": 0.001, "max_iter": 100, "lambda_": 1e-05, "tolerance": 1e-05, "DP": true, "L": 10, "C": 1, "epsilon": 50, "delta": 1e-05, "train_acc": 0.1666, "test_acc": 0.1343, "attack_acc_mean": 0.5003083333333332, "attack_acc_std": 8.374896350933152e-05, "attack_pre_mean": 0.638026794636733, "attack_pre_std": 0.07772509250979405, "attack_rec_mean": 0.005466666666666666, "attack_rec_std": 0.00854822918634159}