{"n_classes": 100, "alpha": 0.001, "max_iter": 100, "lambda_": 1e-05, "tolerance": 1e-05, "DP": true, "L": 10, "C": 1, "epsilon": 0.6, "delta": 1e-05, "train_acc": 0.0852, "test_acc": 0.0752, "attack_acc_mean": 0.5006666666666666, "attack_acc_std": 0.00033499585403736474, "attack_pre_mean": 0.5762516154692571, "attack_pre_std": 0.027636243490547364, "attack_rec_mean": 0.007316666666666667, "attack_rec_std": 0.007918631335162803}