{"n_classes": 100, "alpha": 0.001, "max_iter": 100, "lambda_": 1e-05, "tolerance": 1e-05, "DP": true, "L": 1, "C": 1, "epsilon": 30, "delta": 1e-05, "train_acc": 0.1534, "test_acc": 0.1102, "attack_acc": 0.50975, "attack_pre": 0.5799835931091059, "attack_rec": 0.0707}