{"n_classes": 100, "alpha": 0.001, "max_iter": 100, "lambda_": 1e-05, "tolerance": 1e-05, "DP": true, "L": 1, "C": 1, "epsilon": 0.2, "delta": 1e-05, "train_acc": 0.0208, "test_acc": 0.0229, "attack_acc": 0.49925, "attack_pre": 0.4823529411764706, "attack_rec": 0.0205}