{"n_classes": 100, "alpha": 0.001, "max_iter": 100, "lambda_": 1e-05, "tolerance": 1e-05, "DP": true, "L": 1, "C": 1, "epsilon": 30, "delta": 1e-05, "train_acc": 0.1534, "test_acc": 0.1102, "attack_acc_mean": 0.523025, "attack_acc_std": 0.002877897091048709, "attack_pre_mean": 0.5420047903053805, "attack_pre_std": 0.010647125670173273, "attack_rec_mean": 0.3084666666666667, "attack_rec_std": 0.04454303786476875}