{"n_classes": 100, "alpha": 0.001, "max_iter": 100, "lambda_": 1e-05, "tolerance": 1e-05, "DP": true, "L": 10, "C": 1, "epsilon": 0.5, "delta": 1e-05, "train_acc": 0.0763, "test_acc": 0.0643, "attack_acc_mean": 0.5004416666666667, "attack_acc_std": 0.0003371654720690701, "attack_pre_mean": 0.5335753652348877, "attack_pre_std": 0.034328246151261343, "attack_rec_mean": 0.010166666666666666, "attack_rec_std": 0.008538084614765122}