{"n_classes": 100, "alpha": 0.001, "max_iter": 100, "lambda_": 1e-05, "tolerance": 1e-05, "DP": true, "L": 10, "C": 1, "epsilon": 0.2, "delta": 1e-05, "train_acc": 0.0306, "test_acc": 0.0317, "attack_acc_mean": 0.501375, "attack_acc_std": 0.0012398756658095417, "attack_pre_mean": 0.5111592410648037, "attack_pre_std": 0.011945424811933641, "attack_rec_mean": 0.06748333333333334, "attack_rec_std": 0.017305145349160046}