{"n_classes": 100, "alpha": 0.001, "max_iter": 100, "lambda_": 1e-05, "tolerance": 1e-05, "DP": true, "L": 1, "C": 1, "epsilon": 0.5, "delta": 1e-05, "train_acc": 0.0347, "test_acc": 0.0313, "attack_acc_mean": 0.5025333333333334, "attack_acc_std": 0.002825577620397087, "attack_pre_mean": 0.5049336557558478, "attack_pre_std": 0.0043369896314933735, "attack_rec_mean": 0.27061666666666667, "attack_rec_std": 0.08489455060380627}