{"n_classes": 100, "alpha": 0.001, "max_iter": 100, "lambda_": 0.0001, "tolerance": 1e-05, "DP": false, "L": 10, "C": 1, "epsilon": 0, "delta": 1e-05, "train_acc": 0.8696, "test_acc": 0.5615, "attack_acc_mean": 0.6869999999999999, "attack_acc_std": 0.011526455078065725, "attack_pre_mean": 0.6626697934117214, "attack_pre_std": 0.008826964426507895, "attack_rec_mean": 0.7618166666666667, "attack_rec_std": 0.027753703456575938}