{"n_classes": 100, "alpha": 0.001, "max_iter": 100, "lambda_": 0.05, "tolerance": 1e-05, "DP": false, "L": 10, "C": 1, "epsilon": 0, "delta": 1e-05, "train_acc": 0.3894, "test_acc": 0.276, "attack_acc_mean": 0.500975, "attack_acc_std": 0.00023228933107941364, "attack_pre_mean": 0.5955641791990666, "attack_pre_std": 0.038243111284743586, "attack_rec_mean": 0.0086, "attack_rec_std": 0.007609423981704089}