{"n_classes": 100, "alpha": 0.001, "max_iter": 100, "lambda_": 1e-05, "tolerance": 1e-05, "DP": true, "L": 1, "C": 1, "epsilon": 0.6, "delta": 1e-05, "train_acc": 0.041, "test_acc": 0.0321, "attack_acc_mean": 0.49948333333333345, "attack_acc_std": 0.003554418220875097, "attack_pre_mean": 0.5004345500137348, "attack_pre_std": 0.005426094651728983, "attack_rec_mean": 0.27149999999999996, "attack_rec_std": 0.08494431509328136}