{"n_classes": 100, "alpha": 0.001, "max_iter": 100, "lambda_": 1e-05, "tolerance": 1e-05, "DP": true, "L": 100, "C": 1, "epsilon": 100, "delta": 1e-05, "train_acc": 0.0355, "test_acc": 0.0298, "attack_acc_mean": 0.5003666666666667, "attack_acc_std": 0.00043652669512361797, "attack_pre_mean": 0.6374598374598374, "attack_pre_std": 0.07957809593186038, "attack_rec_mean": 0.005399999999999999, "attack_rec_std": 0.006467869303977419}