{"n_classes": 100, "alpha": 0.001, "max_iter": 100, "lambda_": 1e-05, "tolerance": 1e-05, "DP": true, "L": 100, "C": 1, "epsilon": 5, "delta": 1e-05, "train_acc": 0.0349, "test_acc": 0.0301, "attack_acc_mean": 0.5004, "attack_acc_std": 0.00040620192023179427, "attack_pre_mean": 0.6385617431349138, "attack_pre_std": 0.07771087946031971, "attack_rec_mean": 0.005399999999999999, "attack_rec_std": 0.006478425734698207}