{"n_classes": 100, "alpha": 0.001, "max_iter": 100, "lambda_": 1e-05, "tolerance": 1e-05, "DP": true, "L": 10, "C": 1, "epsilon": 0.8, "delta": 1e-05, "train_acc": 0.1107, "test_acc": 0.0924, "attack_acc_mean": 0.5003333333333333, "attack_acc_std": 0.00011785113019774494, "attack_pre_mean": 0.5757192605781315, "attack_pre_std": 0.048043416537381096, "attack_rec_mean": 0.0063999999999999994, "attack_rec_std": 0.008482924024179397}