{"n_classes": 100, "alpha": 0.001, "max_iter": 100, "lambda_": 1e-06, "tolerance": 1e-05, "DP": false, "L": 10, "C": 1, "epsilon": 0, "delta": 1e-05, "train_acc": 0.8699, "test_acc": 0.5636, "attack_acc_mean": 0.6856333333333332, "attack_acc_std": 0.01074599408565296, "attack_pre_mean": 0.6599461619268192, "attack_pre_std": 0.0069915341587020565, "attack_rec_mean": 0.7657833333333334, "attack_rec_std": 0.0280736184977205}