{"n_classes": 100, "alpha": 0.001, "max_iter": 100, "lambda_": 1e-05, "tolerance": 1e-05, "DP": true, "L": 10, "C": 1, "epsilon": 0.7, "delta": 1e-05, "train_acc": 0.0953, "test_acc": 0.0851, "attack_acc_mean": 0.5006499999999999, "attack_acc_std": 0.00017795130420052824, "attack_pre_mean": 0.609677424918653, "attack_pre_std": 0.059076981192854296, "attack_rec_mean": 0.007183333333333332, "attack_rec_std": 0.008789087299347728}