{"n_classes": 100, "alpha": 0.001, "max_iter": 100, "lambda_": 1e-05, "tolerance": 1e-05, "DP": true, "L": 1, "C": 1, "epsilon": 50, "delta": 1e-05, "train_acc": 0.1677, "test_acc": 0.1201, "attack_acc_mean": 0.5215416666666667, "attack_acc_std": 0.0015420269849202484, "attack_pre_mean": 0.538584807561732, "attack_pre_std": 0.007352310000140146, "attack_rec_mean": 0.3075833333333334, "attack_rec_std": 0.03779212513503602}