{"n_classes": 100, "alpha": 0.001, "max_iter": 100, "lambda_": 1e-05, "tolerance": 1e-05, "DP": true, "L": 1, "C": 1, "epsilon": 1, "delta": 1e-05, "train_acc": 0.0463, "test_acc": 0.0383, "attack_acc_mean": 0.5031833333333333, "attack_acc_std": 0.001804546726712501, "attack_pre_mean": 0.5063203850869736, "attack_pre_std": 0.003605487166367305, "attack_rec_mean": 0.2810833333333333, "attack_rec_std": 0.07058577327541925}