{"n_classes": 100, "alpha": 0.001, "max_iter": 100, "lambda_": 1e-05, "tolerance": 1e-05, "DP": true, "L": 1, "C": 1, "epsilon": 70, "delta": 1e-05, "train_acc": 0.1686, "test_acc": 0.1201, "attack_acc_mean": 0.5233666666666666, "attack_acc_std": 0.002378841921794904, "attack_pre_mean": 0.540902626351088, "attack_pre_std": 0.005914748846568934, "attack_rec_mean": 0.31306666666666666, "attack_rec_std": 0.039305583431478136}