{"n_classes": 100, "alpha": 0.001, "max_iter": 100, "lambda_": 1e-05, "tolerance": 1e-05, "DP": true, "L": 1, "C": 1, "epsilon": 0.8, "delta": 1e-05, "train_acc": 0.0472, "test_acc": 0.0415, "attack_acc": 0.50145, "attack_pre": 0.5209840810419681, "attack_rec": 0.036}