{"n_classes": 100, "alpha": 0.001, "max_iter": 100, "lambda_": 1e-05, "tolerance": 1e-05, "DP": true, "L": 100, "C": 1, "epsilon": 1, "delta": 1e-05, "train_acc": 0.0347, "test_acc": 0.0295, "attack_acc_mean": 0.5004333333333333, "attack_acc_std": 0.0004326918328582327, "attack_pre_mean": 0.6398795648795649, "attack_pre_std": 0.0759626182425349, "attack_rec_mean": 0.0053, "attack_rec_std": 0.0062994708772509895}