{"n_classes": 100, "alpha": 0.001, "max_iter": 100, "lambda_": 1e-05, "tolerance": 1e-05, "DP": true, "L": 10, "C": 1, "epsilon": 0.4, "delta": 1e-05, "train_acc": 0.0615, "test_acc": 0.0556, "attack_acc_mean": 0.5011, "attack_acc_std": 0.00023273733406282583, "attack_pre_mean": 0.5506226114657824, "attack_pre_std": 0.017725699107830218, "attack_rec_mean": 0.0153, "attack_rec_std": 0.0101105555402922}