{"n_classes": 100, "alpha": 0.001, "max_iter": 100, "lambda_": 1e-05, "tolerance": 1e-05, "DP": true, "L": 100, "C": 1, "epsilon": 0.2, "delta": 1e-05, "train_acc": 0.0383, "test_acc": 0.033, "attack_acc_mean": 0.5002416666666666, "attack_acc_std": 0.0001204736024566614, "attack_pre_mean": 0.6351684619011352, "attack_pre_std": 0.08910120909441496, "attack_rec_mean": 0.004850000000000001, "attack_rec_std": 0.00569436856318006}