{"n_classes": 100, "alpha": 0.001, "max_iter": 100, "lambda_": 1e-08, "tolerance": 1e-05, "DP": false, "L": 10, "C": 1, "epsilon": 0, "delta": 1e-05, "train_acc": 0.8657, "test_acc": 0.5574, "attack_acc_mean": 0.6866916666666666, "attack_acc_std": 0.011268703588059977, "attack_pre_mean": 0.6614260878271955, "attack_pre_std": 0.008110621745700871, "attack_rec_mean": 0.7648833333333332, "attack_rec_std": 0.027646905593373173}