{"n_classes": 100, "alpha": 0.001, "max_iter": 100, "lambda_": 1e-05, "tolerance": 1e-05, "DP": true, "L": 10, "C": 1, "epsilon": 5, "delta": 1e-05, "train_acc": 0.1613, "test_acc": 0.1338, "attack_acc_mean": 0.5002666666666666, "attack_acc_std": 6.236095644622549e-05, "attack_pre_mean": 0.6194937337298531, "attack_pre_std": 0.07154045674027236, "attack_rec_mean": 0.00545, "attack_rec_std": 0.008549415184677838}