{"n_classes": 100, "alpha": 0.001, "max_iter": 100, "lambda_": 1e-05, "tolerance": 1e-05, "DP": true, "L": 10, "C": 1, "epsilon": 0.3, "delta": 1e-05, "train_acc": 0.0551, "test_acc": 0.0518, "attack_acc_mean": 0.5014666666666667, "attack_acc_std": 0.0005713045500333995, "attack_pre_mean": 0.5296847027201624, "attack_pre_std": 0.014584120290433638, "attack_rec_mean": 0.031, "attack_rec_std": 0.011696865677037873}