{"n_classes": 100, "alpha": 0.001, "max_iter": 100, "lambda_": 1e-05, "tolerance": 1e-05, "DP": true, "L": 1, "C": 1, "epsilon": 0.4, "delta": 1e-05, "train_acc": 0.0267, "test_acc": 0.0259, "attack_acc_mean": 0.5029666666666667, "attack_acc_std": 0.0013924399049470221, "attack_pre_mean": 0.5054475654803451, "attack_pre_std": 0.0036443141580676727, "attack_rec_mean": 0.30660000000000004, "attack_rec_std": 0.08968838646484095}