{"n_classes": 100, "alpha": 0.001, "max_iter": 100, "lambda_": 1e-07, "tolerance": 1e-05, "DP": false, "L": 10, "C": 1, "epsilon": 0, "delta": 1e-05, "train_acc": 0.8691, "test_acc": 0.5614, "attack_acc_mean": 0.6853249999999999, "attack_acc_std": 0.012133862740281847, "attack_pre_mean": 0.659866222951316, "attack_pre_std": 0.008241541243390828, "attack_rec_mean": 0.7647499999999999, "attack_rec_std": 0.029873497172800734}