{"n_classes": 100, "alpha": 0.001, "max_iter": 100, "lambda_": 1e-05, "tolerance": 1e-05, "DP": true, "L": 1, "C": 1, "epsilon": 10, "delta": 1e-05, "train_acc": 0.1182, "test_acc": 0.0838, "attack_acc_mean": 0.5144666666666666, "attack_acc_std": 0.0029309649529729075, "attack_pre_mean": 0.5265025385027348, "attack_pre_std": 0.006927391484013703, "attack_rec_mean": 0.30035, "attack_rec_std": 0.05448399612118529}