{"n_classes": 100, "alpha": 0.001, "max_iter": 100, "lambda_": 1e-05, "tolerance": 1e-05, "DP": true, "L": 1, "C": 1, "epsilon": 0.8, "delta": 1e-05, "train_acc": 0.0472, "test_acc": 0.0415, "attack_acc_mean": 0.5038833333333333, "attack_acc_std": 0.0028041140411109457, "attack_pre_mean": 0.5080568863879457, "attack_pre_std": 0.005765798558141957, "attack_rec_mean": 0.2574666666666667, "attack_rec_std": 0.08329038893467175}