{"n_classes": 100, "alpha": 0.001, "max_iter": 100, "lambda_": 1e-05, "tolerance": 1e-05, "DP": true, "L": 100, "C": 1, "epsilon": 0.5, "delta": 1e-05, "train_acc": 0.0319, "test_acc": 0.0302, "attack_acc_mean": 0.5003000000000001, "attack_acc_std": 0.0002972092416687881, "attack_pre_mean": 0.6355969971492895, "attack_pre_std": 0.0815617144446415, "attack_rec_mean": 0.004666666666666667, "attack_rec_std": 0.005438647707738468}