{"n_classes": 100, "alpha": 0.001, "max_iter": 100, "lambda_": 0.001, "tolerance": 1e-05, "DP": false, "L": 10, "C": 1, "epsilon": 0, "delta": 1e-05, "train_acc": 0.8612, "test_acc": 0.5542, "attack_acc": 0.50605, "attack_pre": 0.6970684039087948, "attack_rec": 0.0214}