{"n_classes": 100, "alpha": 0.001, "max_iter": 100, "lambda_": 1e-05, "tolerance": 1e-05, "DP": true, "L": 10, "C": 1, "epsilon": 1, "delta": 1e-05, "train_acc": 0.1265, "test_acc": 0.1085, "attack_acc_mean": 0.5003083333333334, "attack_acc_std": 0.00030470842164637574, "attack_pre_mean": 0.5874420800891389, "attack_pre_std": 0.0596191016849589, "attack_rec_mean": 0.005733333333333333, "attack_rec_std": 0.0087343510857355}