{"n_classes": 100, "alpha": 0.001, "max_iter": 100, "lambda_": 1e-05, "tolerance": 1e-05, "DP": true, "L": 1, "C": 1, "epsilon": 100, "delta": 1e-05, "train_acc": 0.1772, "test_acc": 0.1317, "attack_acc_mean": 0.5207333333333334, "attack_acc_std": 0.0015402020069530493, "attack_pre_mean": 0.5368176793593783, "attack_pre_std": 0.0061063798528764625, "attack_rec_mean": 0.30718333333333336, "attack_rec_std": 0.03270358882786753}