{"n_classes": 100, "alpha": 0.001, "max_iter": 100, "lambda_": 1e-05, "tolerance": 1e-05, "DP": true, "L": 1, "C": 1, "epsilon": 0.7, "delta": 1e-05, "train_acc": 0.0483, "test_acc": 0.0452, "attack_acc_mean": 0.502525, "attack_acc_std": 0.0022475449569103884, "attack_pre_mean": 0.5062674825891963, "attack_pre_std": 0.006495006263693712, "attack_rec_mean": 0.26686666666666664, "attack_rec_std": 0.07757389308838954}