{"n_classes": 100, "alpha": 0.001, "max_iter": 100, "lambda_": 1e-05, "tolerance": 1e-05, "DP": true, "L": 100, "C": 1, "epsilon": 70, "delta": 1e-05, "train_acc": 0.0306, "test_acc": 0.0279, "attack_acc_mean": 0.5003583333333333, "attack_acc_std": 0.00033962806453858354, "attack_pre_mean": 0.6370253992047589, "attack_pre_std": 0.07949601219911895, "attack_rec_mean": 0.005316666666666667, "attack_rec_std": 0.0063917698818263344}