{"n_classes": 100, "alpha": 0.001, "max_iter": 100, "lambda_": 1e-05, "tolerance": 1e-05, "DP": true, "L": 1, "C": 1, "epsilon": 5, "delta": 1e-05, "train_acc": 0.0947, "test_acc": 0.0735, "attack_acc_mean": 0.50975, "attack_acc_std": 0.002302534835060408, "attack_pre_mean": 0.5183167948216986, "attack_pre_std": 0.00657226394361298, "attack_rec_mean": 0.2984166666666667, "attack_rec_std": 0.0625140095409732}