{"n_classes": 100, "alpha": 0.001, "max_iter": 100, "lambda_": 1e-05, "tolerance": 1e-05, "DP": true, "L": 10, "C": 1, "epsilon": 30, "delta": 1e-05, "train_acc": 0.162, "test_acc": 0.1306, "attack_acc_mean": 0.5003249999999999, "attack_acc_std": 0.00010704360482219761, "attack_pre_mean": 0.6382199360922765, "attack_pre_std": 0.07730784770998789, "attack_rec_mean": 0.0054333333333333326, "attack_rec_std": 0.00843715328505744}