{"n_classes": 100, "alpha": 0.001, "max_iter": 100, "lambda_": 1e-05, "tolerance": 1e-05, "DP": true, "L": 1, "C": 1, "epsilon": 0.2, "delta": 1e-05, "train_acc": 0.0208, "test_acc": 0.0229, "attack_acc_mean": 0.49793333333333334, "attack_acc_std": 0.0023770897239177784, "attack_pre_mean": 0.4963698200341467, "attack_pre_std": 0.003918721395131539, "attack_rec_mean": 0.30069999999999997, "attack_rec_std": 0.10552798996790692}