{"n_classes": 100, "alpha": 0.001, "max_iter": 100, "lambda_": 1e-05, "tolerance": 1e-05, "DP": true, "L": 100, "C": 1, "epsilon": 10, "delta": 1e-05, "train_acc": 0.0313, "test_acc": 0.0277, "attack_acc_mean": 0.5003666666666666, "attack_acc_std": 0.0004099457958749562, "attack_pre_mean": 0.6373755656108596, "attack_pre_std": 0.07947561600028863, "attack_rec_mean": 0.00535, "attack_rec_std": 0.006393160407810834}