{"n_classes": 100, "alpha": 0.001, "max_iter": 100, "lambda_": 1e-05, "tolerance": 1e-05, "DP": true, "L": 1, "C": 1, "epsilon": 0.6, "delta": 1e-05, "train_acc": 0.0413, "test_acc": 0.037, "attack_acc_mean": 0.5011083333333333, "attack_acc_std": 0.003689333348391768, "attack_pre_mean": 0.501727458291941, "attack_pre_std": 0.0064877772522899035, "attack_rec_mean": 0.2822833333333334, "attack_rec_std": 0.0750064089854253}