{"n_classes": 100, "alpha": 0.001, "max_iter": 100, "lambda_": 1e-05, "tolerance": 1e-05, "DP": true, "L": 1, "C": 1, "epsilon": 0.8, "delta": 1e-05, "train_acc": 0.0447, "test_acc": 0.0385, "attack_acc_mean": 0.5006166666666666, "attack_acc_std": 0.0010987366482566316, "attack_pre_mean": 0.5011177621512586, "attack_pre_std": 0.002010829109137377, "attack_rec_mean": 0.26875, "attack_rec_std": 0.08557442667058891}