{"n_classes": 100, "alpha": 0.001, "max_iter": 100, "lambda_": 1e-05, "tolerance": 1e-05, "DP": true, "L": 1, "C": 1, "epsilon": 0.7, "delta": 1e-05, "train_acc": 0.0455, "test_acc": 0.0378, "attack_acc_mean": 0.5025416666666667, "attack_acc_std": 0.0015817755494661218, "attack_pre_mean": 0.5045978757017401, "attack_pre_std": 0.002221847651999123, "attack_rec_mean": 0.27045, "attack_rec_std": 0.07514565301244422}