{"n_classes": 100, "alpha": 0.001, "max_iter": 100, "lambda_": 1e-05, "tolerance": 1e-05, "DP": true, "L": 1, "C": 1, "epsilon": 100, "delta": 1e-05, "train_acc": 0.1852, "test_acc": 0.1401, "attack_acc_mean": 0.5213916666666666, "attack_acc_std": 0.002088942449076942, "attack_pre_mean": 0.5382025050961216, "attack_pre_std": 0.007408479933448054, "attack_rec_mean": 0.30748333333333333, "attack_rec_std": 0.03525126081275517}