{"n_classes": 100, "alpha": 0.001, "max_iter": 1, "lambda_": 1e-05, "tolerance": 1e-05, "DP": false, "L": 1, "C": 1, "epsilon": 0, "delta": 1e-05, "train_acc": 0.1989, "test_acc": 0.1644, "attack_acc_mean": 0.5003166666666666, "attack_acc_std": 0.0005864204028586558, "attack_pre_mean": 0.5903253402793739, "attack_pre_std": 0.06894018287540823, "attack_rec_mean": 0.005083333333333333, "attack_rec_std": 0.008752221940106917}