{"n_classes": 100, "alpha": 0.001, "max_iter": 100, "lambda_": 1e-05, "tolerance": 1e-05, "DP": false, "L": 1, "C": 1, "epsilon": 0, "delta": 1e-05, "train_acc": 0.9999, "test_acc": 0.5521, "attack_acc_mean": 0.658825, "attack_acc_std": 0.006150931501271452, "attack_pre_mean": 0.5955763928869791, "attack_pre_std": 0.004970246103480049, "attack_rec_mean": 0.9902833333333332, "attack_rec_std": 0.008229098100980162}