{"n_classes": 100, "alpha": 0.001, "max_iter": 100, "lambda_": 1e-05, "tolerance": 1e-05, "DP": true, "L": 1, "C": 1, "epsilon": 1, "delta": 1e-05, "train_acc": 0.0511, "test_acc": 0.0436, "attack_acc_mean": 0.5011333333333333, "attack_acc_std": 0.0014834269633371084, "attack_pre_mean": 0.5025123113906854, "attack_pre_std": 0.003446540100516639, "attack_rec_mean": 0.28023333333333333, "attack_rec_std": 0.07982461330247012}