{"n_classes": 100, "alpha": 0.001, "max_iter": 100, "lambda_": 1e-05, "tolerance": 1e-05, "DP": true, "L": 1, "C": 1, "epsilon": 10, "delta": 1e-05, "train_acc": 0.1114, "test_acc": 0.0875, "attack_acc": 0.50815, "attack_pre": 0.5776930409914204, "attack_rec": 0.0606}