{"n_classes": 100, "alpha": 0.001, "max_iter": 100, "lambda_": 1e-05, "tolerance": 1e-05, "DP": true, "L": 1, "C": 1, "epsilon": 0.1, "delta": 1e-05, "train_acc": 0.0174, "test_acc": 0.0139, "attack_acc_mean": 0.5014, "attack_acc_std": 0.002196208854670561, "attack_pre_mean": 0.5026766899922352, "attack_pre_std": 0.0037497975552895427, "attack_rec_mean": 0.29568333333333335, "attack_rec_std": 0.09409701406291038}