{"n_classes": 100, "alpha": 0.001, "max_iter": 100, "lambda_": 1e-05, "tolerance": 1e-05, "DP": true, "L": 1, "C": 1, "epsilon": 0.3, "delta": 1e-05, "train_acc": 0.0287, "test_acc": 0.0261, "attack_acc_mean": 0.4978666666666666, "attack_acc_std": 0.0016175255450498636, "attack_pre_mean": 0.49683834405476035, "attack_pre_std": 0.002070991663896827, "attack_rec_mean": 0.298, "attack_rec_std": 0.09331241432235407}