{"n_classes": 100, "alpha": 0.001, "max_iter": 100, "lambda_": 1e-05, "tolerance": 1e-05, "DP": true, "L": 1, "C": 1, "epsilon": 0.7, "delta": 1e-05, "train_acc": 0.0455, "test_acc": 0.0378, "attack_acc": 0.50295, "attack_pre": 0.544360902255639, "attack_rec": 0.0362}