{"n_classes": 100, "alpha": 0.001, "max_iter": 100, "lambda_": 1e-05, "tolerance": 1e-05, "DP": true, "L": 1, "C": 1, "epsilon": 70, "delta": 1e-05, "train_acc": 0.161, "test_acc": 0.1195, "attack_acc_mean": 0.5214416666666666, "attack_acc_std": 0.0024538093967453067, "attack_pre_mean": 0.5399422038215062, "attack_pre_std": 0.008823742444949368, "attack_rec_mean": 0.2970333333333333, "attack_rec_std": 0.03687847912024331}