{"n_classes": 100, "alpha": 0.001, "max_iter": 100, "lambda_": 1e-05, "tolerance": 1e-05, "DP": true, "L": 1, "C": 1, "epsilon": 0.5, "delta": 1e-05, "train_acc": 0.0339, "test_acc": 0.027, "attack_acc_mean": 0.502425, "attack_acc_std": 0.0039240444696766715, "attack_pre_mean": 0.5037923224337452, "attack_pre_std": 0.005725191007267844, "attack_rec_mean": 0.24855000000000002, "attack_rec_std": 0.08773748248800699}