{"n_classes": 100, "alpha": 0.001, "max_iter": 100, "lambda_": 1e-05, "tolerance": 1e-05, "DP": true, "L": 1, "C": 1, "epsilon": 50, "delta": 1e-05, "train_acc": 0.1528, "test_acc": 0.1107, "attack_acc_mean": 0.5186333333333333, "attack_acc_std": 0.00251705295048704, "attack_pre_mean": 0.5347217625094886, "attack_pre_std": 0.006459140342752237, "attack_rec_mean": 0.29155, "attack_rec_std": 0.04009861801442373}