{"n_classes": 100, "alpha": 0.001, "max_iter": 100, "lambda_": 1e-05, "tolerance": 1e-05, "DP": true, "L": 1, "C": 1, "epsilon": 30, "delta": 1e-05, "train_acc": 0.1417, "test_acc": 0.1076, "attack_acc_mean": 0.5146333333333334, "attack_acc_std": 0.0030259525589289853, "attack_pre_mean": 0.5261807294931727, "attack_pre_std": 0.007272203205033924, "attack_rec_mean": 0.30273333333333335, "attack_rec_std": 0.043549690648218786}