{"n_classes": 100, "alpha": 0.001, "max_iter": 100, "lambda_": 1e-05, "tolerance": 1e-05, "DP": true, "L": 1, "C": 1, "epsilon": 0.2, "delta": 1e-05, "train_acc": 0.0276, "test_acc": 0.022, "attack_acc_mean": 0.502675, "attack_acc_std": 0.0017787519032550151, "attack_pre_mean": 0.5056209503256093, "attack_pre_std": 0.004542462604406942, "attack_rec_mean": 0.28476666666666667, "attack_rec_std": 0.08781996103139396}