{"n_classes": 100, "alpha": 0.001, "max_iter": 100, "lambda_": 1e-05, "tolerance": 1e-05, "DP": true, "L": 1, "C": 1, "epsilon": 0.9, "delta": 1e-05, "train_acc": 0.0504, "test_acc": 0.045, "attack_acc_mean": 0.49955, "attack_acc_std": 0.0020097678141185074, "attack_pre_mean": 0.49931301564728425, "attack_pre_std": 0.0035733846253768495, "attack_rec_mean": 0.286, "attack_rec_std": 0.07246408305728662}