{"n_classes": 100, "alpha": 0.001, "max_iter": 100, "lambda_": 1e-05, "tolerance": 1e-05, "DP": true, "L": 1, "C": 1, "epsilon": 0.9, "delta": 1e-05, "train_acc": 0.0504, "test_acc": 0.045, "attack_acc": 0.50215, "attack_pre": 0.5288590604026846, "attack_rec": 0.0394}