{"n_classes": 100, "alpha": 0.001, "max_iter": 100, "lambda_": 1e-05, "tolerance": 1e-05, "DP": true, "L": 1, "C": 1, "epsilon": 0.4, "delta": 1e-05, "train_acc": 0.0353, "test_acc": 0.0302, "attack_acc_mean": 0.5029750000000001, "attack_acc_std": 0.0023455187770157152, "attack_pre_mean": 0.504666919022755, "attack_pre_std": 0.0031322869080287288, "attack_rec_mean": 0.30138333333333334, "attack_rec_std": 0.09384759660688646}