{"n_classes": 100, "alpha": 0.001, "max_iter": 100, "lambda_": 1e-05, "tolerance": 1e-05, "DP": true, "L": 1, "C": 1, "epsilon": 5, "delta": 1e-05, "train_acc": 0.0964, "test_acc": 0.0739, "attack_acc_mean": 0.5070833333333332, "attack_acc_std": 0.002852727739472442, "attack_pre_mean": 0.5140436406840646, "attack_pre_std": 0.006773317052039497, "attack_rec_mean": 0.27571666666666667, "attack_rec_std": 0.061473094837407434}