{"n_classes": 100, "alpha": 0.001, "max_iter": 100, "lambda_": 1e-05, "tolerance": 1e-05, "DP": true, "L": 1, "C": 1, "epsilon": 10, "delta": 1e-05, "train_acc": 0.1114, "test_acc": 0.0875, "attack_acc_mean": 0.510475, "attack_acc_std": 0.0013765143176395311, "attack_pre_mean": 0.5198237793881205, "attack_pre_std": 0.005395221274079235, "attack_rec_mean": 0.286, "attack_rec_std": 0.05118166989590446}