{"n_classes": 100, "alpha": 0.001, "max_iter": 100, "lambda_": 1e-05, "tolerance": 1e-05, "DP": true, "L": 1, "C": 1, "epsilon": 0.2, "delta": 1e-05, "train_acc": 0.0227, "test_acc": 0.0202, "attack_acc_mean": 0.49770000000000003, "attack_acc_std": 0.0014218532507494091, "attack_pre_mean": 0.49596245594416105, "attack_pre_std": 0.0023890839699976245, "attack_rec_mean": 0.28878333333333334, "attack_rec_std": 0.08411766395287548}