{"n_classes": 100, "alpha": 0.001, "max_iter": 100, "lambda_": 1e-05, "tolerance": 1e-05, "DP": true, "L": 1, "C": 1, "epsilon": 0.6, "delta": 1e-05, "train_acc": 0.0358, "test_acc": 0.0322, "attack_acc_mean": 0.4952750000000001, "attack_acc_std": 0.0021625120423556738, "attack_pre_mean": 0.4903380899152441, "attack_pre_std": 0.005476219276687763, "attack_rec_mean": 0.2632333333333333, "attack_rec_std": 0.0857377137294642}