{"n_classes": 100, "alpha": 0.001, "max_iter": 1, "lambda_": 1e-05, "tolerance": 1e-05, "DP": false, "L": 1, "C": 1, "epsilon": 0, "delta": 1e-05, "train_acc": 0.1935, "test_acc": 0.1476, "attack_acc_mean": 0.5003583333333333, "attack_acc_std": 0.0003481099762367577, "attack_pre_mean": 0.62826817871847, "attack_pre_std": 0.09117911164731302, "attack_rec_mean": 0.005633333333333334, "attack_rec_std": 0.006904024591175464}