{"n_classes": 100, "alpha": 0.001, "max_iter": 100, "lambda_": 1e-05, "tolerance": 1e-05, "DP": true, "L": 1, "C": 1, "epsilon": 10, "delta": 1e-05, "train_acc": 0.1108, "test_acc": 0.0826, "attack_acc_mean": 0.5078416666666666, "attack_acc_std": 0.002979291955407453, "attack_pre_mean": 0.5146337017787245, "attack_pre_std": 0.006229362616322333, "attack_rec_mean": 0.2880833333333333, "attack_rec_std": 0.05194084509217084}