{"n_classes": 100, "alpha": 0.001, "max_iter": 100, "lambda_": 1e-05, "tolerance": 1e-05, "DP": true, "L": 1, "C": 1, "epsilon": 0.4, "delta": 1e-05, "train_acc": 0.0351, "test_acc": 0.0328, "attack_acc_mean": 0.5020666666666667, "attack_acc_std": 0.0014817407180595275, "attack_pre_mean": 0.504358082271997, "attack_pre_std": 0.0042306802382145745, "attack_rec_mean": 0.29715, "attack_rec_std": 0.08733624199990898}