{"n_classes": 100, "alpha": 0.001, "max_iter": 100, "lambda_": 1e-05, "tolerance": 1e-05, "DP": true, "L": 1, "C": 1, "epsilon": 0.9, "delta": 1e-05, "train_acc": 0.0454, "test_acc": 0.0403, "attack_acc_mean": 0.49852500000000005, "attack_acc_std": 0.0010919210899450055, "attack_pre_mean": 0.4972985180878993, "attack_pre_std": 0.0020164508052089823, "attack_rec_mean": 0.2838333333333333, "attack_rec_std": 0.07363795820695254}