{"n_classes": 100, "alpha": 0.001, "max_iter": 100, "lambda_": 1e-05, "tolerance": 1e-05, "DP": true, "L": 1, "C": 1, "epsilon": 1, "delta": 1e-05, "train_acc": 0.0508, "test_acc": 0.0432, "attack_acc_mean": 0.5010666666666667, "attack_acc_std": 0.0016244657241348331, "attack_pre_mean": 0.5027350513067987, "attack_pre_std": 0.0031588544193240932, "attack_rec_mean": 0.26258333333333334, "attack_rec_std": 0.07733311961177364}