{"n_classes": 100, "alpha": 0.001, "max_iter": 100, "lambda_": 1e-05, "tolerance": 1e-05, "DP": true, "L": 1, "C": 1, "epsilon": 0.8, "delta": 1e-05, "train_acc": 0.0489, "test_acc": 0.0435, "attack_acc_mean": 0.5021166666666667, "attack_acc_std": 0.0014907119849998638, "attack_pre_mean": 0.504077128986563, "attack_pre_std": 0.003064240316273038, "attack_rec_mean": 0.27755, "attack_rec_std": 0.08140974040821733}