{"n_classes": 100, "alpha": 0.001, "max_iter": 100, "lambda_": 1e-05, "tolerance": 1e-05, "DP": true, "L": 1, "C": 1, "epsilon": 30, "delta": 1e-05, "train_acc": 0.1376, "test_acc": 0.1082, "attack_acc_mean": 0.5138416666666666, "attack_acc_std": 0.0016302905330714155, "attack_pre_mean": 0.5251466919212234, "attack_pre_std": 0.006343301383835924, "attack_rec_mean": 0.2999, "attack_rec_std": 0.04378637535428877}