{"n_classes": 100, "alpha": 0.001, "max_iter": 100, "lambda_": 1e-05, "tolerance": 1e-05, "DP": false, "L": 1, "C": 1, "epsilon": 0, "delta": 1e-05, "train_acc": 0.9999, "test_acc": 0.5477, "attack_acc_mean": 0.660075, "attack_acc_std": 0.007228805226315077, "attack_pre_mean": 0.5964638904574228, "attack_pre_std": 0.00568981164414857, "attack_rec_mean": 0.9904666666666667, "attack_rec_std": 0.007006346329499332}