{"n_classes": 100, "alpha": 0.001, "max_iter": 100, "lambda_": 1e-05, "tolerance": 1e-05, "DP": true, "L": 1, "C": 1, "epsilon": 5, "delta": 1e-05, "train_acc": 0.0902, "test_acc": 0.0718, "attack_acc_mean": 0.5067499999999999, "attack_acc_std": 0.0019026297590440527, "attack_pre_mean": 0.5132791091641532, "attack_pre_std": 0.005036773025837555, "attack_rec_mean": 0.2799333333333333, "attack_rec_std": 0.060297143842437145}