{"n_classes": 100, "alpha": 0.001, "max_iter": 100, "lambda_": 1e-05, "tolerance": 1e-05, "DP": true, "L": 1, "C": 1, "epsilon": 0.5, "delta": 1e-05, "train_acc": 0.0359, "test_acc": 0.0351, "attack_acc_mean": 0.4994166666666667, "attack_acc_std": 0.0014814594905775203, "attack_pre_mean": 0.4987819751819928, "attack_pre_std": 0.0026099064612020314, "attack_rec_mean": 0.28545, "attack_rec_std": 0.08315929994093665}