{"n_classes": 100, "alpha": 0.001, "max_iter": 100, "lambda_": 1e-05, "tolerance": 1e-05, "DP": true, "L": 1, "C": 1, "epsilon": 0.7, "delta": 1e-05, "train_acc": 0.0372, "test_acc": 0.0354, "attack_acc_mean": 0.49915000000000004, "attack_acc_std": 0.00208006410157635, "attack_pre_mean": 0.498587040987309, "attack_pre_std": 0.003572211315681839, "attack_rec_mean": 0.30201666666666666, "attack_rec_std": 0.08536434495085692}