{"n_classes": 100, "alpha": 0.001, "max_iter": 100, "lambda_": 1e-05, "tolerance": 1e-05, "DP": true, "L": 1, "C": 1, "epsilon": 70, "delta": 1e-05, "train_acc": 0.1655, "test_acc": 0.12, "attack_acc_mean": 0.5196416666666667, "attack_acc_std": 0.001047782049007424, "attack_pre_mean": 0.535333535497938, "attack_pre_std": 0.0056231715287495465, "attack_rec_mean": 0.3038, "attack_rec_std": 0.04066960371907583}