{"n_classes": 100, "alpha": 0.001, "max_iter": 100, "lambda_": 1e-05, "tolerance": 1e-05, "DP": true, "L": 1, "C": 1, "epsilon": 0.3, "delta": 1e-05, "train_acc": 0.0295, "test_acc": 0.0252, "attack_acc_mean": 0.49984999999999996, "attack_acc_std": 0.0015919066136764013, "attack_pre_mean": 0.5003675750300561, "attack_pre_std": 0.002091853415978386, "attack_rec_mean": 0.28496666666666665, "attack_rec_std": 0.09234880736762237}