{"n_classes": 100, "alpha": 0.001, "max_iter": 100, "lambda_": 1e-05, "tolerance": 1e-05, "DP": true, "L": 1, "C": 1, "epsilon": 50, "delta": 1e-05, "train_acc": 0.1584, "test_acc": 0.1097, "attack_acc_mean": 0.5200666666666666, "attack_acc_std": 0.0030506374561538535, "attack_pre_mean": 0.5371968915999425, "attack_pre_std": 0.009979032260322032, "attack_rec_mean": 0.30138333333333334, "attack_rec_std": 0.04200850773619817}