{"n_classes": 100, "alpha": 0.001, "max_iter": 100, "lambda_": 1e-05, "tolerance": 1e-05, "DP": true, "L": 1, "C": 1, "epsilon": 0.1, "delta": 1e-05, "train_acc": 0.0166, "test_acc": 0.016, "attack_acc_mean": 0.500925, "attack_acc_std": 0.0014079388007533018, "attack_pre_mean": 0.5014340451738163, "attack_pre_std": 0.0023549903641442564, "attack_rec_mean": 0.31565, "attack_rec_std": 0.0974368470685842}