{"n_classes": 100, "alpha": 0.001, "max_iter": 100, "lambda_": 1e-05, "tolerance": 1e-05, "DP": true, "L": 1, "C": 1, "epsilon": 100, "delta": 1e-05, "train_acc": 0.1979, "test_acc": 0.1421, "attack_acc_mean": 0.5263749999999999, "attack_acc_std": 0.001664018729862561, "attack_pre_mean": 0.5455133601423773, "attack_pre_std": 0.006267409058670553, "attack_rec_mean": 0.3204, "attack_rec_std": 0.0328519405819504}