{"n_classes": 100, "alpha": 0.001, "max_iter": 100, "lambda_": 1e-05, "tolerance": 1e-05, "DP": true, "L": 1, "C": 1, "epsilon": 0.3, "delta": 1e-05, "train_acc": 0.0295, "test_acc": 0.0252, "attack_acc": 0.50105, "attack_pre": 0.5224839400428265, "attack_rec": 0.0244}