{"n_classes": 100, "alpha": 0.001, "max_iter": 100, "lambda_": 1e-05, "tolerance": 1e-05, "DP": true, "L": 1, "C": 1, "epsilon": 5, "delta": 1e-05, "train_acc": 0.0902, "test_acc": 0.0718, "attack_acc": 0.50645, "attack_pre": 0.5691318327974276, "attack_rec": 0.0531}