{"n_classes": 100, "alpha": 0.001, "max_iter": 100, "lambda_": 1e-05, "tolerance": 1e-05, "DP": true, "L": 10, "C": 1, "epsilon": 0.5, "delta": 1e-05, "train_acc": 0.0797, "test_acc": 0.066, "attack_acc_mean": 0.5002916666666667, "attack_acc_std": 0.0006833841444523715, "attack_pre_mean": 0.5389247881493581, "attack_pre_std": 0.033625916715005914, "attack_rec_mean": 0.010666666666666666, "attack_rec_std": 0.008170203315843628}