{"n_classes": 100, "alpha": 0.001, "max_iter": 100, "lambda_": 1e-07, "tolerance": 1e-05, "DP": true, "L": 3, "C": 1, "epsilon": 1, "delta": 1e-05, "train_acc": 0.1058, "test_acc": 0.0852, "attack_acc_mean": 0.5080916666666666, "attack_acc_std": 0.0013106667090539233, "attack_pre_mean": 0.5301693953825154, "attack_pre_std": 0.006776025123459249, "attack_rec_mean": 0.14538333333333334, "attack_rec_std": 0.016842151155821976}