{"n_classes": 100, "alpha": 0.001, "max_iter": 100, "lambda_": 1e-05, "tolerance": 1e-05, "DP": true, "L": 5, "C": 1, "epsilon": 0.1, "delta": 1e-05, "train_acc": 0.0199, "test_acc": 0.0184, "attack_acc_mean": 0.5022333333333333, "attack_acc_std": 0.004338362466287144, "attack_pre_mean": 0.5047570491894836, "attack_pre_std": 0.008852851744167903, "attack_rec_mean": 0.26435000000000003, "attack_rec_std": 0.08646750352974616}