{"n_classes": 100, "alpha": 0.001, "max_iter": 300, "lambda_": 1e-05, "tolerance": 1e-05, "DP": true, "L": 5, "C": 1, "epsilon": 1, "delta": 1e-05, "train_acc": 0.1225, "test_acc": 0.0947, "attack_acc_mean": 0.5115333333333333, "attack_acc_std": 0.0010561986345169758, "attack_pre_mean": 0.5277146541223283, "attack_pre_std": 0.005090190340963082, "attack_rec_mean": 0.22431666666666664, "attack_rec_std": 0.030407423253029652}