{"n_classes": 100, "alpha": 0.001, "max_iter": 50, "lambda_": 1e-05, "tolerance": 1e-05, "DP": true, "L": 1, "C": 1, "epsilon": 0.5, "delta": 1e-05, "train_acc": 0.0287, "test_acc": 0.0316, "attack_acc": 0.49915, "attack_pre": 0.47869674185463656, "attack_rec": 0.0191}