{"n_classes": 100, "alpha": 0.001, "max_iter": 300, "lambda_": 1e-06, "tolerance": 1e-05, "DP": true, "L": 7, "C": 1, "epsilon": 500, "delta": 1e-05, "train_acc": 0.5076, "test_acc": 0.351, "attack_acc": 0.50005, "attack_pre": 0.5333333333333333, "attack_rec": 0.0008}