{"n_classes": 100, "alpha": 0.005, "max_iter": 500, "lambda_": 0.001, "tolerance": 1e-05, "DP": true, "L": 5, "C": 1, "epsilon": 100000, "delta": 1e-05, "train_acc": 0.8185, "test_acc": 0.4409, "attack_acc_mean": 0.6609250000000001, "attack_acc_std": 0.005348812173433155, "attack_pre_mean": 0.615361509608, "attack_pre_std": 0.004577264324475356, "attack_rec_mean": 0.8586, "attack_rec_std": 0.006861729616746296}