{"n_classes": 100, "alpha": 0.001, "max_iter": 500, "lambda_": 1e-06, "tolerance": 1e-05, "DP": true, "L": 10, "C": 1, "epsilon": 10000, "delta": 1e-05, "train_acc": 0.5883, "test_acc": 0.4026, "attack_acc_mean": 0.5366833333333334, "attack_acc_std": 0.002762798500715473, "attack_pre_mean": 0.6639323304907813, "attack_pre_std": 0.017134528496447473, "attack_rec_mean": 0.15005000000000002, "attack_rec_std": 0.018893363032204364}