{"n_classes": 100, "alpha": 0.001, "max_iter": 100, "lambda_": 0.0005, "tolerance": 1e-05, "DP": true, "L": 100, "C": 1.25, "epsilon": 100000, "delta": 1e-05, "train_acc": 0.0293, "test_acc": 0.0225, "attack_acc_mean": 0.49993333333333334, "attack_acc_std": 0.00046785562825392933, "attack_pre_mean": 0.5812584260195484, "attack_pre_std": 0.0633510296904642, "attack_rec_mean": 0.0047, "attack_rec_std": 0.006415605972938176}