{"n_classes": 100, "alpha": 0.001, "max_iter": 500, "lambda_": 0.0001, "tolerance": 1e-05, "DP": true, "L": 5, "C": 1, "epsilon": 50000, "delta": 1e-05, "train_acc": 0.7199, "test_acc": 0.471, "attack_acc_mean": 0.6400499999999999, "attack_acc_std": 0.008630083043246669, "attack_pre_mean": 0.6497590712060836, "attack_pre_std": 0.011044944513857052, "attack_rec_mean": 0.6082833333333334, "attack_rec_std": 0.014911898679317229}