{"n_classes": 100, "alpha": 0.001, "max_iter": 50, "lambda_": 1e-05, "tolerance": 1e-05, "DP": true, "L": 1, "C": 1, "epsilon": 50, "delta": 1e-05, "train_acc": 0.1321, "test_acc": 0.1043, "attack_acc_mean": 0.5126666666666667, "attack_acc_std": 0.0012684198393626942, "attack_pre_mean": 0.5341019823351455, "attack_pre_std": 0.005362269121576101, "attack_rec_mean": 0.20143333333333335, "attack_rec_std": 0.023403964526454824}