{"n_classes": 100, "alpha": 0.001, "max_iter": 200, "lambda_": 1e-06, "tolerance": 1e-05, "DP": true, "L": 1, "C": 1, "epsilon": 200, "delta": 1e-05, "train_acc": 0.2593, "test_acc": 0.1653, "attack_acc_mean": 0.5422166666666667, "attack_acc_std": 0.005180385013576564, "attack_pre_mean": 0.5575805725906462, "attack_pre_std": 0.01215726636096881, "attack_rec_mean": 0.41830000000000006, "attack_rec_std": 0.04061370868725649}