{"n_classes": 100, "alpha": 0.01, "max_iter": 300, "lambda_": 1e-05, "tolerance": 1e-05, "DP": true, "L": 20, "C": 1.3, "epsilon": 1000000, "delta": 1e-05, "train_acc": 0.8611, "test_acc": 0.5193, "attack_acc_mean": 0.654725, "attack_acc_std": 0.005088692530175783, "attack_pre_mean": 0.606051925300172, "attack_pre_std": 0.004223700151858193, "attack_rec_mean": 0.8844500000000002, "attack_rec_std": 0.009831200333631685}