{"n_classes": 100, "alpha": 0.001, "max_iter": 100, "lambda_": 1e-05, "tolerance": 1e-05, "DP": true, "L": 1, "C": 1, "epsilon": 1000, "delta": 1e-05, "train_acc": 0.2779, "test_acc": 0.1928, "attack_acc_mean": 0.543075, "attack_acc_std": 0.001458238092128063, "attack_pre_mean": 0.5678883256739412, "attack_pre_std": 0.005690983485451662, "attack_rec_mean": 0.3618666666666666, "attack_rec_std": 0.018572979178245897}