{"n_classes": 100, "alpha": 0.01, "max_iter": 500, "lambda_": 0.0001, "tolerance": 1e-05, "DP": true, "L": 50, "C": 1.7, "epsilon": 1000000, "delta": 1e-05, "train_acc": 0.8609, "test_acc": 0.5324, "attack_acc_mean": 0.6619583333333333, "attack_acc_std": 0.006908715309102135, "attack_pre_mean": 0.6152513704615138, "attack_pre_std": 0.0058858780672361236, "attack_rec_mean": 0.8649666666666667, "attack_rec_std": 0.012984691841635011}