{"n_classes": 100, "alpha": 0.001, "max_iter": 500, "lambda_": 1e-06, "tolerance": 1e-05, "DP": true, "L": 10, "C": 1, "epsilon": 10, "delta": 1e-05, "train_acc": 0.4781, "test_acc": 0.3378, "attack_acc": 0.50075, "attack_pre": 0.7142857142857143, "attack_rec": 0.0025}