{"n_classes": 100, "alpha": 0.0001, "max_iter": 100, "lambda_": 0.001, "tolerance": 1e-05, "DP": true, "L": 3, "C": 1, "epsilon": 200, "delta": 1e-05, "train_acc": 0.0417, "test_acc": 0.0352, "attack_acc_mean": 0.4998916666666666, "attack_acc_std": 0.0006870326694480344, "attack_pre_mean": 0.5864143116411719, "attack_pre_std": 0.06137352824215908, "attack_rec_mean": 0.004333333333333334, "attack_rec_std": 0.006659746408251761}