{"n_classes": 100, "alpha": 0.001, "max_iter": 300, "lambda_": 1e-05, "tolerance": 1e-05, "DP": true, "L": 7, "C": 1, "epsilon": 10, "delta": 1e-05, "train_acc": 0.4075, "test_acc": 0.295, "attack_acc_mean": 0.5259833333333334, "attack_acc_std": 0.001506836273639435, "attack_pre_mean": 0.6368417106076332, "attack_pre_std": 0.01827230477834175, "attack_rec_mean": 0.12265, "attack_rec_std": 0.013907162423250357}