{"n_classes": 100, "alpha": 0.001, "max_iter": 50, "lambda_": 1e-05, "tolerance": 1e-05, "DP": true, "L": 5, "C": 1, "epsilon": 0.1, "delta": 1e-05, "train_acc": 0.0228, "test_acc": 0.0209, "attack_acc_mean": 0.4999416666666667, "attack_acc_std": 0.0020300691011774737, "attack_pre_mean": 0.4992594873936644, "attack_pre_std": 0.006115434442875796, "attack_rec_mean": 0.19281666666666664, "attack_rec_std": 0.062304719368243326}