{"n_classes": 100, "alpha": 0.001, "max_iter": 300, "lambda_": 1e-06, "tolerance": 1e-05, "DP": true, "L": 10, "C": 1, "epsilon": 1, "delta": 1e-05, "train_acc": 0.1461, "test_acc": 0.1191, "attack_acc_mean": 0.5095249999999999, "attack_acc_std": 0.001173225610585343, "attack_pre_mean": 0.5608691904034345, "attack_pre_std": 0.01317570061357397, "attack_rec_mean": 0.09049999999999998, "attack_rec_std": 0.012301219451745426}