{"n_classes": 100, "alpha": 0.01, "max_iter": 500, "lambda_": 0.0001, "tolerance": 1e-05, "DP": true, "L": 30, "C": 5, "epsilon": 1000000, "delta": 1e-05, "train_acc": 0.9809, "test_acc": 0.5061, "attack_acc_mean": 0.6674916666666667, "attack_acc_std": 0.006784812492291542, "attack_pre_mean": 0.6035137651198864, "attack_pre_std": 0.005556122545227089, "attack_rec_mean": 0.9771, "attack_rec_std": 0.007118754572723156}