{"n_classes": 100, "alpha": 0.01, "max_iter": 500, "lambda_": 0.0001, "tolerance": 1e-05, "DP": true, "L": 30, "C": 4, "epsilon": 1000000, "delta": 1e-05, "train_acc": 0.9675, "test_acc": 0.5155, "attack_acc_mean": 0.6613666666666665, "attack_acc_std": 0.006254842568406929, "attack_pre_mean": 0.5998692257281397, "attack_pre_std": 0.005156732493848629, "attack_rec_mean": 0.9698000000000001, "attack_rec_std": 0.007574298647399659}