{"n_classes": 100, "alpha": 0.001, "max_iter": 500, "lambda_": 1e-05, "tolerance": 1e-05, "DP": true, "L": 5, "C": 1, "epsilon": 50000, "delta": 1e-05, "train_acc": 0.722, "test_acc": 0.4733, "attack_acc_mean": 0.640675, "attack_acc_std": 0.00866649438931337, "attack_pre_mean": 0.649480700088489, "attack_pre_std": 0.010952982668705107, "attack_rec_mean": 0.61185, "attack_rec_std": 0.014731909810566554}