{"n_classes": 100, "alpha": 0.001, "max_iter": 200, "lambda_": 1e-05, "tolerance": 1e-05, "DP": true, "L": 5, "C": 1, "epsilon": 100, "delta": 1e-05, "train_acc": 0.429, "test_acc": 0.3011, "attack_acc_mean": 0.5190916666666667, "attack_acc_std": 0.0014272399549090933, "attack_pre_mean": 0.6403128478009744, "attack_pre_std": 0.02247073533135837, "attack_rec_mean": 0.08913333333333334, "attack_rec_std": 0.014017449443065199}