{"n_classes": 100, "alpha": 0.001, "max_iter": 100, "lambda_": 1e-05, "tolerance": 1e-05, "DP": true, "L": 100, "C": 1, "epsilon": 200, "delta": 1e-05, "train_acc": 0.0293, "test_acc": 0.0225, "attack_acc_mean": 0.499875, "attack_acc_std": 0.00043945989578116627, "attack_pre_mean": 0.577981078904992, "attack_pre_std": 0.06697280087729623, "attack_rec_mean": 0.005083333333333333, "attack_rec_std": 0.006716749379143324}