{"n_classes": 100, "alpha": 0.001, "max_iter": 300, "lambda_": 1e-05, "tolerance": 1e-05, "DP": true, "L": 1, "C": 1, "epsilon": 100, "delta": 1e-05, "train_acc": 0.2473, "test_acc": 0.1553, "attack_acc_mean": 0.5372666666666667, "attack_acc_std": 0.004084081564100091, "attack_pre_mean": 0.5504829126891712, "attack_pre_std": 0.0115569980063693, "attack_rec_mean": 0.4193166666666667, "attack_rec_std": 0.0555374773363797}