{"n_classes": 100, "alpha": 0.001, "max_iter": 100, "lambda_": 1e-05, "tolerance": 1e-05, "DP": true, "L": 5, "C": 1, "epsilon": 500, "delta": 1e-05, "train_acc": 0.306, "test_acc": 0.2309, "attack_acc_mean": 0.5003083333333334, "attack_acc_std": 0.0007155514578902619, "attack_pre_mean": 0.6290752469804053, "attack_pre_std": 0.07958695875486033, "attack_rec_mean": 0.006600000000000001, "attack_rec_std": 0.008174554014338234}