{"n_classes": 100, "alpha": 0.001, "max_iter": 100, "lambda_": 1e-05, "tolerance": 1e-05, "DP": true, "L": 10, "C": 1, "epsilon": 0.2, "delta": 1e-05, "train_acc": 0.0298, "test_acc": 0.0294, "attack_acc_mean": 0.5005916666666667, "attack_acc_std": 0.0009466681338016573, "attack_pre_mean": 0.5058597088995908, "attack_pre_std": 0.007030444240779076, "attack_rec_mean": 0.0664, "attack_rec_std": 0.019722491390964447}