{"n_classes": 100, "alpha": 0.001, "max_iter": 100, "lambda_": 1e-05, "tolerance": 1e-05, "DP": true, "L": 3, "C": 1, "epsilon": 5000, "delta": 1e-05, "train_acc": 0.4075, "test_acc": 0.2932, "attack_acc_mean": 0.5086916666666667, "attack_acc_std": 0.0007322435083737898, "attack_pre_mean": 0.6263912603845666, "attack_pre_std": 0.0292604186991093, "attack_rec_mean": 0.04545, "attack_rec_std": 0.011261253630628047}