{"n_classes": 100, "alpha": 0.001, "max_iter": 500, "lambda_": 0.01, "tolerance": 1e-05, "DP": true, "L": 5, "C": 1, "epsilon": 10000, "delta": 1e-05, "train_acc": 0.6335, "test_acc": 0.4113, "attack_acc_mean": 0.57415, "attack_acc_std": 0.004513128995866752, "attack_pre_mean": 0.6855336348763424, "attack_pre_std": 0.016716012716867727, "attack_rec_mean": 0.2752833333333333, "attack_rec_std": 0.01929468118996067}