{"n_classes": 100, "alpha": 0.001, "max_iter": 200, "lambda_": 1e-06, "tolerance": 1e-05, "DP": true, "L": 10, "C": 1, "epsilon": 100, "delta": 1e-05, "train_acc": 0.3112, "test_acc": 0.2305, "attack_acc_mean": 0.5001666666666665, "attack_acc_std": 0.0009127187713395418, "attack_pre_mean": 0.6012425159115762, "attack_pre_std": 0.07433618843746596, "attack_rec_mean": 0.006583333333333333, "attack_rec_std": 0.00761170516740865}