{"n_classes": 100, "alpha": 0.0001, "max_iter": 500, "lambda_": 0.001, "tolerance": 1e-05, "DP": true, "L": 5, "C": 1, "epsilon": 1000, "delta": 1e-05, "train_acc": 0.1747, "test_acc": 0.1424, "attack_acc_mean": 0.49973333333333336, "attack_acc_std": 0.0010094002619817726, "attack_pre_mean": 0.583156179138322, "attack_pre_std": 0.06623953362223739, "attack_rec_mean": 0.004816666666666667, "attack_rec_std": 0.0076725520888134445}