{"n_classes": 100, "alpha": 0.001, "max_iter": 200, "lambda_": 1e-05, "tolerance": 1e-05, "DP": true, "L": 10, "C": 1, "epsilon": 70, "delta": 1e-05, "train_acc": 0.3144, "test_acc": 0.234, "attack_acc_mean": 0.5001833333333333, "attack_acc_std": 0.0007380529941828292, "attack_pre_mean": 0.6023174841203734, "attack_pre_std": 0.07294654982753025, "attack_rec_mean": 0.0064333333333333334, "attack_rec_std": 0.007642570829824797}