{"n_classes": 100, "alpha": 0.001, "max_iter": 100, "lambda_": 0.01, "tolerance": 1e-05, "DP": true, "L": 3, "C": 1, "epsilon": 200, "delta": 1e-05, "train_acc": 0.3376, "test_acc": 0.2488, "attack_acc_mean": 0.5051500000000001, "attack_acc_std": 0.0007076957915187544, "attack_pre_mean": 0.6251529557513598, "attack_pre_std": 0.0367982934319742, "attack_rec_mean": 0.0282, "attack_rec_std": 0.00928888224348513}