{"n_classes": 100, "alpha": 0.01, "max_iter": 300, "lambda_": 1e-05, "tolerance": 1e-05, "DP": true, "L": 20, "C": 0.9, "epsilon": 1000000, "delta": 1e-05, "train_acc": 0.8083, "test_acc": 0.5109, "attack_acc_mean": 0.6621416666666667, "attack_acc_std": 0.007872495192475844, "attack_pre_mean": 0.6299399292648974, "attack_pre_std": 0.007541701165061717, "attack_rec_mean": 0.7865166666666665, "attack_rec_std": 0.015027909221031267}