{"n_classes": 100, "alpha": 0.01, "max_iter": 500, "lambda_": 0.0001, "tolerance": 1e-05, "DP": true, "L": 10, "C": 2, "epsilon": 1000000, "delta": 1e-05, "train_acc": 0.9445, "test_acc": 0.451, "attack_acc_mean": 0.6752666666666666, "attack_acc_std": 0.010433985602613964, "attack_pre_mean": 0.6129574142543371, "attack_pre_std": 0.008940912759567746, "attack_rec_mean": 0.9523166666666668, "attack_rec_std": 0.008787001131722282}