{"n_classes": 100, "alpha": 0.001, "max_iter": 300, "lambda_": 1e-06, "tolerance": 1e-05, "DP": true, "L": 5, "C": 1, "epsilon": 500, "delta": 1e-05, "train_acc": 0.5599, "test_acc": 0.3785, "attack_acc_mean": 0.5627666666666667, "attack_acc_std": 0.003488035104308561, "attack_pre_mean": 0.6626241360221395, "attack_pre_std": 0.01434028672286459, "attack_rec_mean": 0.25694999999999996, "attack_rec_std": 0.01725367110694609}