{"n_classes": 100, "alpha": 0.01, "max_iter": 100, "lambda_": 1e-06, "tolerance": 1e-05, "DP": true, "L": 3, "C": 1, "epsilon": 200, "delta": 1e-05, "train_acc": 0.2833, "test_acc": 0.169, "attack_acc_mean": 0.54775, "attack_acc_std": 0.004906967834960138, "attack_pre_mean": 0.5604895537192248, "attack_pre_std": 0.012441428975762562, "attack_rec_mean": 0.4533333333333333, "attack_rec_std": 0.04828062643430479}