{"n_classes": 100, "alpha": 0.001, "max_iter": 100, "lambda_": 1e-05, "tolerance": 1e-05, "DP": true, "L": 7, "C": 1, "epsilon": 200, "delta": 1e-05, "train_acc": 0.2343, "test_acc": 0.1832, "attack_acc_mean": 0.4997749999999999, "attack_acc_std": 0.0009932060880468614, "attack_pre_mean": 0.586027141941872, "attack_pre_std": 0.06477117490648635, "attack_rec_mean": 0.004783333333333334, "attack_rec_std": 0.007565363323874288}