{"n_classes": 100, "alpha": 0.01, "max_iter": 400, "lambda_": 1e-05, "tolerance": 1e-05, "DP": true, "L": 30, "C": 1.5, "epsilon": 1000000, "delta": 1e-05, "train_acc": 0.8744, "test_acc": 0.5319, "attack_acc_mean": 0.6552583333333334, "attack_acc_std": 0.005316594827100858, "attack_pre_mean": 0.6050224624462861, "attack_pre_std": 0.004186058060925548, "attack_rec_mean": 0.8946333333333333, "attack_rec_std": 0.009800453504246062}