{"n_classes": 100, "alpha": 0.001, "max_iter": 100, "lambda_": 1e-05, "tolerance": 1e-05, "DP": true, "L": 2, "C": 1, "epsilon": 500, "delta": 1e-05, "train_acc": 0.356, "test_acc": 0.2567, "attack_acc_mean": 0.5347166666666666, "attack_acc_std": 0.0019370653634356865, "attack_pre_mean": 0.6122064165496367, "attack_pre_std": 0.012202633132406179, "attack_rec_mean": 0.19088333333333332, "attack_rec_std": 0.014779198970926074}