{"n_classes": 100, "alpha": 0.001, "max_iter": 200, "lambda_": 1e-05, "tolerance": 1e-05, "DP": true, "L": 5, "C": 1, "epsilon": 5, "delta": 1e-05, "train_acc": 0.2992, "test_acc": 0.2218, "attack_acc_mean": 0.5208666666666667, "attack_acc_std": 0.0009986101452630091, "attack_pre_mean": 0.6058890925164181, "attack_pre_std": 0.0114877201597945, "attack_rec_mean": 0.12036666666666666, "attack_rec_std": 0.009237183312869544}