{"n_classes": 100, "alpha": 0.001, "max_iter": 200, "lambda_": 1e-05, "tolerance": 1e-05, "DP": true, "L": 15, "C": 1, "epsilon": 50, "delta": 1e-05, "train_acc": 0.2271, "test_acc": 0.1808, "attack_acc_mean": 0.49973333333333336, "attack_acc_std": 0.0010593499054713806, "attack_pre_mean": 0.5844337735094037, "attack_pre_std": 0.06640483398100261, "attack_rec_mean": 0.004783333333333334, "attack_rec_std": 0.007565363323874288}