{"n_classes": 100, "alpha": 0.01, "max_iter": 500, "lambda_": 0.0001, "tolerance": 1e-05, "DP": true, "L": 30, "C": 2.5, "epsilon": 1000000, "delta": 1e-05, "train_acc": 0.9401, "test_acc": 0.5323, "attack_acc_mean": 0.6527416666666667, "attack_acc_std": 0.00534917568935211, "attack_pre_mean": 0.5954677439574156, "attack_pre_std": 0.00430678658189906, "attack_rec_mean": 0.9530833333333333, "attack_rec_std": 0.00691168495295384}