{"n_classes": 100, "alpha": 0.001, "max_iter": 400, "lambda_": 1e-06, "tolerance": 1e-05, "DP": true, "L": 5, "C": 1, "epsilon": 1, "delta": 1e-05, "train_acc": 0.1132, "test_acc": 0.09, "attack_acc_mean": 0.5111, "attack_acc_std": 0.0020720360357226845, "attack_pre_mean": 0.5213427721748936, "attack_pre_std": 0.0065479125724740095, "attack_rec_mean": 0.2838833333333333, "attack_rec_std": 0.04509742848051932}