{"n_classes": 100, "alpha": 0.001, "max_iter": 500, "lambda_": 1e-06, "tolerance": 1e-05, "DP": true, "L": 10, "C": 1, "epsilon": 10, "delta": 1e-05, "train_acc": 0.4781, "test_acc": 0.3378, "attack_acc_mean": 0.5389333333333334, "attack_acc_std": 0.0020344259359556015, "attack_pre_mean": 0.6466648689226514, "attack_pre_std": 0.015259181166632316, "attack_rec_mean": 0.17333333333333334, "attack_rec_std": 0.018469223649688747}