{"n_classes": 100, "alpha": 0.001, "max_iter": 100, "lambda_": 1e-05, "tolerance": 1e-05, "DP": true, "L": 5, "C": 1, "epsilon": 200, "delta": 1e-05, "train_acc": 0.2974, "test_acc": 0.2297, "attack_acc_mean": 0.5004, "attack_acc_std": 0.0008072587358875016, "attack_pre_mean": 0.5990799652969848, "attack_pre_std": 0.06716734581496973, "attack_rec_mean": 0.007149999999999999, "attack_rec_std": 0.007072187308982515}