{"n_classes": 100, "alpha": 0.001, "max_iter": 500, "lambda_": 0.0005, "tolerance": 1e-05, "DP": true, "L": 5, "C": 1, "epsilon": 1000, "delta": 1e-05, "train_acc": 0.663, "test_acc": 0.4328, "attack_acc_mean": 0.6217, "attack_acc_std": 0.00608152941290264, "attack_pre_mean": 0.6373013964007423, "attack_pre_std": 0.009441427766508295, "attack_rec_mean": 0.5657333333333333, "attack_rec_std": 0.015534120151746213}