{"n_classes": 100, "alpha": 0.001, "max_iter": 300, "lambda_": 1e-06, "tolerance": 1e-05, "DP": true, "L": 7, "C": 1, "epsilon": 200, "delta": 1e-05, "train_acc": 0.5009, "test_acc": 0.3474, "attack_acc_mean": 0.5221666666666667, "attack_acc_std": 0.0015957408589394831, "attack_pre_mean": 0.6508338204769475, "attack_pre_std": 0.014717981066793536, "attack_rec_mean": 0.09685, "attack_rec_std": 0.014614233929061535}