{"n_classes": 100, "alpha": 0.0005, "max_iter": 500, "lambda_": 1e-05, "tolerance": 1e-05, "DP": true, "L": 5, "C": 1.25, "epsilon": 100000, "delta": 1e-05, "train_acc": 0.6489, "test_acc": 0.4357, "attack_acc_mean": 0.5721833333333334, "attack_acc_std": 0.004046260276134286, "attack_pre_mean": 0.676151214175781, "attack_pre_std": 0.016500379775837227, "attack_rec_mean": 0.27863333333333334, "attack_rec_std": 0.020175039584155036}