{"n_classes": 100, "alpha": 0.001, "max_iter": 200, "lambda_": 1e-06, "tolerance": 1e-05, "DP": true, "L": 7, "C": 1, "epsilon": 200, "delta": 1e-05, "train_acc": 0.3935, "test_acc": 0.2829, "attack_acc_mean": 0.5043833333333333, "attack_acc_std": 0.00048189440982669555, "attack_pre_mean": 0.6279860170239786, "attack_pre_std": 0.03988870145077782, "attack_rec_mean": 0.024149999999999994, "attack_rec_std": 0.008565969491734915}