{"n_classes": 100, "alpha": 0.001, "max_iter": 300, "lambda_": 1e-05, "tolerance": 1e-05, "DP": true, "L": 7, "C": 1, "epsilon": 1, "delta": 1e-05, "train_acc": 0.134, "test_acc": 0.1011, "attack_acc_mean": 0.5134333333333334, "attack_acc_std": 0.0013161391348266364, "attack_pre_mean": 0.5449382995540047, "attack_pre_std": 0.008727664114028122, "attack_rec_mean": 0.16635, "attack_rec_std": 0.017361331554156017}