{"n_classes": 100, "alpha": 0.01, "max_iter": 600, "lambda_": 0.0001, "tolerance": 1e-05, "DP": true, "L": 50, "C": 2, "epsilon": 1000000, "delta": 1e-05, "train_acc": 0.9013, "test_acc": 0.5377, "attack_acc_mean": 0.653875, "attack_acc_std": 0.0048820035163171975, "attack_pre_mean": 0.6002555753677106, "attack_pre_std": 0.0037532109747026657, "attack_rec_mean": 0.9214833333333333, "attack_rec_std": 0.008513012914878552}