{"n_classes": 100, "alpha": 0.001, "max_iter": 300, "lambda_": 1e-06, "tolerance": 1e-05, "DP": true, "L": 1, "C": 1, "epsilon": 1, "delta": 1e-05, "train_acc": 0.0651, "test_acc": 0.0543, "attack_acc_mean": 0.5027499999999999, "attack_acc_std": 0.0023230726778701283, "attack_pre_mean": 0.5053171844018607, "attack_pre_std": 0.004988497829816367, "attack_rec_mean": 0.31555000000000005, "attack_rec_std": 0.08842614149673161}