{"n_classes": 100, "alpha": 0.001, "max_iter": 300, "lambda_": 1e-06, "tolerance": 1e-05, "DP": true, "L": 5, "C": 1, "epsilon": 100, "delta": 1e-05, "train_acc": 0.5131, "test_acc": 0.3461, "attack_acc_mean": 0.5595916666666667, "attack_acc_std": 0.0029767735143197463, "attack_pre_mean": 0.6473356872095457, "attack_pre_std": 0.012663299790935261, "attack_rec_mean": 0.2629666666666667, "attack_rec_std": 0.015523387373751758}