{"n_classes": 100, "alpha": 0.001, "max_iter": 300, "lambda_": 1e-05, "tolerance": 1e-05, "DP": true, "L": 7, "C": 1, "epsilon": 200, "delta": 1e-05, "train_acc": 0.5071, "test_acc": 0.3519, "attack_acc": 0.50025, "attack_pre": 0.6666666666666666, "attack_rec": 0.001}