{"n_classes": 100, "alpha": 0.001, "max_iter": 100, "lambda_": 1e-05, "tolerance": 1e-05, "DP": true, "L": 6, "C": 1, "epsilon": 5000, "delta": 1e-05, "train_acc": 0.2833, "test_acc": 0.2203, "attack_acc_mean": 0.4998416666666666, "attack_acc_std": 0.0008686275892975611, "attack_pre_mean": 0.5816172816172817, "attack_pre_std": 0.06316209814586032, "attack_rec_mean": 0.005, "attack_rec_std": 0.007818780808625685}