{"n_classes": 100, "alpha": 0.01, "max_iter": 400, "lambda_": 1e-05, "tolerance": 1e-05, "DP": true, "L": 30, "C": 2, "epsilon": 1000000, "delta": 1e-05, "train_acc": 0.9033, "test_acc": 0.5375, "attack_acc_mean": 0.6491666666666667, "attack_acc_std": 0.0039686969594006, "attack_pre_mean": 0.5957349615893616, "attack_pre_std": 0.0030170261942833883, "attack_rec_mean": 0.9283666666666667, "attack_rec_std": 0.0068302432037389465}