{"n_classes": 100, "alpha": 0.0005, "max_iter": 500, "lambda_": 0.05, "tolerance": 1e-05, "DP": true, "L": 5, "C": 1, "epsilon": 100000, "delta": 1e-05, "train_acc": 0.3461, "test_acc": 0.2505, "attack_acc_mean": 0.5002249999999999, "attack_acc_std": 0.0008692669325356682, "attack_pre_mean": 0.6497090568563088, "attack_pre_std": 0.09451200852228264, "attack_rec_mean": 0.005999999999999999, "attack_rec_std": 0.007548288989344981}