{"n_classes": 100, "alpha": 0.001, "max_iter": 100, "lambda_": 1e-05, "tolerance": 1e-05, "DP": true, "L": 3, "C": 1, "epsilon": 10, "delta": 1e-05, "train_acc": 0.2326, "test_acc": 0.1727, "attack_acc_mean": 0.5125333333333334, "attack_acc_std": 0.001193966312571495, "attack_pre_mean": 0.5857975219834074, "attack_pre_std": 0.015607830333900483, "attack_rec_mean": 0.08736666666666666, "attack_rec_std": 0.008990859555991047}