{"n_classes": 100, "alpha": 0.001, "max_iter": 300, "lambda_": 1e-05, "tolerance": 1e-05, "DP": true, "L": 10, "C": 1, "epsilon": 1, "delta": 1e-05, "train_acc": 0.1464, "test_acc": 0.1186, "attack_acc_mean": 0.509575, "attack_acc_std": 0.0011632390124131906, "attack_pre_mean": 0.5609571691457073, "attack_pre_std": 0.01356627232716405, "attack_rec_mean": 0.09103333333333334, "attack_rec_std": 0.012603262364254035}