{"n_classes": 100, "alpha": 0.01, "max_iter": 400, "lambda_": 0.0001, "tolerance": 1e-05, "DP": true, "L": 30, "C": 1.1, "epsilon": 1000000, "delta": 1e-05, "train_acc": 0.8279, "test_acc": 0.5193, "attack_acc_mean": 0.6640833333333332, "attack_acc_std": 0.008262246802306408, "attack_pre_mean": 0.6254113452611179, "attack_pre_std": 0.007569981662354377, "attack_rec_mean": 0.81875, "attack_rec_std": 0.013691694562763222}