{"n_classes": 100, "alpha": 0.01, "max_iter": 500, "lambda_": 0.001, "tolerance": 1e-05, "DP": true, "L": 50, "C": 2.5, "epsilon": 1000000, "delta": 1e-05, "train_acc": 0.8901, "test_acc": 0.5277, "attack_acc_mean": 0.6645416666666667, "attack_acc_std": 0.0055892319587658055, "attack_pre_mean": 0.6115913529984097, "attack_pre_std": 0.00436816738091146, "attack_rec_mean": 0.9019833333333334, "attack_rec_std": 0.009876979407805901}