{"n_classes": 100, "alpha": 0.001, "max_iter": 100, "lambda_": 1e-05, "tolerance": 1e-05, "DP": true, "L": 10, "C": 1, "epsilon": 10, "delta": 1e-05, "train_acc": 0.1689, "test_acc": 0.1357, "attack_acc_mean": 0.49981666666666663, "attack_acc_std": 0.000902157906848289, "attack_pre_mean": 0.5863200250910621, "attack_pre_std": 0.06336560448703289, "attack_rec_mean": 0.004783333333333334, "attack_rec_std": 0.007496758558796521}