{"n_classes": 100, "alpha": 0.001, "max_iter": 100, "lambda_": 1e-06, "tolerance": 1e-05, "DP": true, "L": 3, "C": 1, "epsilon": 200, "delta": 1e-05, "train_acc": 0.3525, "test_acc": 0.2616, "attack_acc_mean": 0.5116416666666668, "attack_acc_std": 0.0008177289010152073, "attack_pre_mean": 0.6216224611876816, "attack_pre_std": 0.019615299674577355, "attack_rec_mean": 0.06105, "attack_rec_std": 0.010858752230343965}