{"n_classes": 100, "alpha": 0.01, "max_iter": 400, "lambda_": 0.0001, "tolerance": 1e-05, "DP": true, "L": 50, "C": 2, "epsilon": 1000000, "delta": 1e-05, "train_acc": 0.8518, "test_acc": 0.5297, "attack_acc_mean": 0.6632333333333333, "attack_acc_std": 0.006070122641997338, "attack_pre_mean": 0.6189041655457209, "attack_pre_std": 0.00537272710435714, "attack_rec_mean": 0.8499833333333333, "attack_rec_std": 0.013891294236159427}