{"n_classes": 100, "alpha": 0.001, "max_iter": 200, "lambda_": 0.001, "tolerance": 1e-05, "DP": true, "L": 5, "C": 0.75, "epsilon": 100000, "delta": 1e-05, "train_acc": 0.4341, "test_acc": 0.3082, "attack_acc_mean": 0.5041416666666667, "attack_acc_std": 0.00047820555784679116, "attack_pre_mean": 0.6257101858690035, "attack_pre_std": 0.03896086919641494, "attack_rec_mean": 0.023250000000000003, "attack_rec_std": 0.00860905531015647}