{"n_classes": 100, "alpha": 0.01, "max_iter": 500, "lambda_": 0.01, "tolerance": 1e-05, "DP": true, "L": 50, "C": 2, "epsilon": 1000000, "delta": 1e-05, "train_acc": 0.7499, "test_acc": 0.4624, "attack_acc_mean": 0.6240166666666667, "attack_acc_std": 0.006864502086013895, "attack_pre_mean": 0.6983872209451744, "attack_pre_std": 0.01454761449285573, "attack_rec_mean": 0.43734999999999996, "attack_rec_std": 0.015436293812527235}