{"n_classes": 100, "alpha": 0.01, "max_iter": 500, "lambda_": 0.1, "tolerance": 1e-05, "DP": true, "L": 5, "C": 1, "epsilon": 100000, "delta": 1e-05, "train_acc": 0.2119, "test_acc": 0.1687, "attack_acc_mean": 0.4998916666666666, "attack_acc_std": 0.0007607105596450908, "attack_pre_mean": 0.5848851579418427, "attack_pre_std": 0.06768238368476542, "attack_rec_mean": 0.004816666666666666, "attack_rec_std": 0.007432455105070523}