{"n_classes": 100, "alpha": 0.01, "max_iter": 500, "lambda_": 0.0001, "tolerance": 1e-05, "DP": true, "L": 50, "C": 2.5, "epsilon": 1000000, "delta": 1e-05, "train_acc": 0.9065, "test_acc": 0.5417, "attack_acc_mean": 0.6544, "attack_acc_std": 0.003761094698798907, "attack_pre_mean": 0.6000057065403938, "attack_pre_std": 0.0029312432909982273, "attack_rec_mean": 0.9265, "attack_rec_std": 0.008284121357553064}