{"n_classes": 100, "alpha": 0.001, "max_iter": 200, "lambda_": 1e-06, "tolerance": 1e-05, "DP": true, "L": 3, "C": 1, "epsilon": 100, "delta": 1e-05, "train_acc": 0.426, "test_acc": 0.2858, "attack_acc_mean": 0.5585166666666667, "attack_acc_std": 0.0029241332998951254, "attack_pre_mean": 0.6152170788723337, "attack_pre_std": 0.008747444911089643, "attack_rec_mean": 0.3133333333333333, "attack_rec_std": 0.014548501259198095}