{"n_classes": 100, "alpha": 0.001, "max_iter": 200, "lambda_": 1e-05, "tolerance": 1e-05, "DP": true, "L": 7, "C": 1, "epsilon": 500, "delta": 1e-05, "train_acc": 0.3967, "test_acc": 0.2915, "attack_acc_mean": 0.5030166666666666, "attack_acc_std": 0.0003996526269427228, "attack_pre_mean": 0.5921295121717526, "attack_pre_std": 0.02923257474041355, "attack_rec_mean": 0.022133333333333335, "attack_rec_std": 0.008306556981619334}