{"n_classes": 100, "alpha": 0.001, "max_iter": 50, "lambda_": 1e-05, "tolerance": 1e-05, "DP": true, "L": 1, "C": 1, "epsilon": 200, "delta": 1e-05, "train_acc": 0.1862, "test_acc": 0.1327, "attack_acc_mean": 0.5228166666666666, "attack_acc_std": 0.0022676468468926453, "attack_pre_mean": 0.5658896096483575, "attack_pre_std": 0.00986759527789661, "attack_rec_mean": 0.19773333333333332, "attack_rec_std": 0.012305102825883072}