{"n_classes": 100, "alpha": 0.001, "max_iter": 500, "lambda_": 0.0005, "tolerance": 1e-05, "DP": true, "L": 10, "C": 1.25, "epsilon": 100000, "delta": 1e-05, "train_acc": 0.6496, "test_acc": 0.4369, "attack_acc_mean": 0.5702666666666666, "attack_acc_std": 0.003521797205342148, "attack_pre_mean": 0.6801693876671177, "attack_pre_std": 0.01589386030103, "attack_rec_mean": 0.2667833333333333, "attack_rec_std": 0.020724576124870574}