{"n_classes": 100, "alpha": 0.01, "max_iter": 400, "lambda_": 1e-05, "tolerance": 1e-05, "DP": true, "L": 20, "C": 1.3, "epsilon": 1000000, "delta": 1e-05, "train_acc": 0.893, "test_acc": 0.526, "attack_acc_mean": 0.6498916666666666, "attack_acc_std": 0.004621996021441607, "attack_pre_mean": 0.5971132448471596, "attack_pre_std": 0.0033058662122530226, "attack_rec_mean": 0.9217333333333334, "attack_rec_std": 0.0076227000174187475}