{"n_classes": 100, "alpha": 0.001, "max_iter": 500, "lambda_": 0.005, "tolerance": 1e-05, "DP": true, "L": 5, "C": 1, "epsilon": 100000, "delta": 1e-05, "train_acc": 0.6928, "test_acc": 0.448, "attack_acc_mean": 0.6088166666666667, "attack_acc_std": 0.005725576147622364, "attack_pre_mean": 0.6729815998712915, "attack_pre_std": 0.01307920604172423, "attack_rec_mean": 0.4243333333333334, "attack_rec_std": 0.016767892599316776}