{"n_classes": 100, "alpha": 0.001, "max_iter": 100, "lambda_": 0.0005, "tolerance": 1e-05, "DP": false, "L": 10, "C": 1, "epsilon": 0, "delta": 1e-05, "train_acc": 0.8688, "test_acc": 0.5478, "attack_acc_mean": 0.6871750000000002, "attack_acc_std": 0.01087178113282271, "attack_pre_mean": 0.6664839067349019, "attack_pre_std": 0.008885252706594364, "attack_rec_mean": 0.74945, "attack_rec_std": 0.026390575969463034}