{"n_classes": 100, "alpha": 0.01, "max_iter": 500, "lambda_": 0.0001, "tolerance": 1e-05, "DP": true, "L": 50, "C": 2, "epsilon": 1000000, "delta": 1e-05, "train_acc": 0.8784, "test_acc": 0.5377, "attack_acc_mean": 0.6577333333333334, "attack_acc_std": 0.005802130834634996, "attack_pre_mean": 0.6066989910851374, "attack_pre_std": 0.004775574391630253, "attack_rec_mean": 0.8971833333333334, "attack_rec_std": 0.009420441721183894}