{"n_classes": 100, "alpha": 0.001, "max_iter": 200, "lambda_": 1e-05, "tolerance": 1e-05, "DP": true, "L": 5, "C": 1, "epsilon": 1, "delta": 1e-05, "train_acc": 0.1209, "test_acc": 0.0952, "attack_acc_mean": 0.51225, "attack_acc_std": 0.001121011448053351, "attack_pre_mean": 0.5455075394681886, "attack_pre_std": 0.0074418857255885784, "attack_rec_mean": 0.14925, "attack_rec_std": 0.016748507396183106}