{"n_classes": 100, "alpha": 0.001, "max_iter": 100, "lambda_": 1e-05, "tolerance": 1e-05, "DP": true, "L": 10, "C": 1, "epsilon": 5, "delta": 1e-05, "train_acc": 0.1696, "test_acc": 0.1355, "attack_acc_mean": 0.49980833333333335, "attack_acc_std": 0.0009203335747917067, "attack_pre_mean": 0.5867661345281077, "attack_pre_std": 0.06321184240574138, "attack_rec_mean": 0.004833333333333333, "attack_rec_std": 0.007673909622147559}