{"n_classes": 100, "alpha": 0.001, "max_iter": 100, "lambda_": 1e-05, "tolerance": 1e-05, "DP": true, "L": 5, "C": 1, "epsilon": 1000, "delta": 1e-05, "train_acc": 0.3099, "test_acc": 0.2403, "attack_acc_mean": 0.5002416666666667, "attack_acc_std": 0.0009342629299197519, "attack_pre_mean": 0.5902657414852536, "attack_pre_std": 0.06036606987906555, "attack_rec_mean": 0.007033333333333333, "attack_rec_std": 0.007551305994476865}