{"n_classes": 100, "alpha": 0.01, "max_iter": 500, "lambda_": 0.001, "tolerance": 1e-05, "DP": true, "L": 10, "C": 1.25, "epsilon": 100000, "delta": 1e-05, "train_acc": 0.862, "test_acc": 0.4627, "attack_acc_mean": 0.6673749999999999, "attack_acc_std": 0.00512630064796567, "attack_pre_mean": 0.6155090906023903, "attack_pre_std": 0.004250213477223004, "attack_rec_mean": 0.8920666666666669, "attack_rec_std": 0.0068931528022781715}