{"n_classes": 100, "alpha": 0.001, "max_iter": 400, "lambda_": 1e-06, "tolerance": 1e-05, "DP": true, "L": 5, "C": 1, "epsilon": 200, "delta": 1e-05, "train_acc": 0.5809, "test_acc": 0.3815, "attack_acc": 0.50745, "attack_pre": 0.7075208913649025, "attack_rec": 0.0254}