{"n_classes": 100, "alpha": 0.001, "max_iter": 50, "lambda_": 1e-05, "tolerance": 1e-05, "DP": true, "L": 1, "C": 1, "epsilon": 0.1, "delta": 1e-05, "train_acc": 0.0147, "test_acc": 0.0139, "attack_acc_mean": 0.49983333333333335, "attack_acc_std": 0.004468283289537002, "attack_pre_mean": 0.4986289847992988, "attack_pre_std": 0.008680770365713098, "attack_rec_mean": 0.28348333333333336, "attack_rec_std": 0.09051895596442155}