{"n_classes": 100, "alpha": 0.01, "max_iter": 500, "lambda_": 0.0001, "tolerance": 1e-05, "DP": true, "L": 50, "C": 2, "epsilon": 1000, "delta": 1e-05, "train_acc": 0.8599, "test_acc": 0.5215, "attack_acc_mean": 0.6544916666666666, "attack_acc_std": 0.005777500661089443, "attack_pre_mean": 0.6065662585571713, "attack_pre_std": 0.004640838975754413, "attack_rec_mean": 0.8795999999999999, "attack_rec_std": 0.010813725845732662}