{"n_classes": 100, "alpha": 0.001, "max_iter": 300, "lambda_": 1e-06, "tolerance": 1e-05, "DP": true, "L": 5, "C": 1, "epsilon": 200, "delta": 1e-05, "train_acc": 0.5385, "test_acc": 0.3618, "attack_acc_mean": 0.5602333333333332, "attack_acc_std": 0.002577574225679812, "attack_pre_mean": 0.6444101500196356, "attack_pre_std": 0.012360646560515824, "attack_rec_mean": 0.2700166666666666, "attack_rec_std": 0.01544489307901555}