{"n_classes": 100, "alpha": 0.001, "max_iter": 300, "lambda_": 1e-05, "tolerance": 1e-05, "DP": true, "L": 7, "C": 1, "epsilon": 200, "delta": 1e-05, "train_acc": 0.5071, "test_acc": 0.3519, "attack_acc_mean": 0.5219166666666667, "attack_acc_std": 0.0016878651868229748, "attack_pre_mean": 0.6513067420799102, "attack_pre_std": 0.013472390655322847, "attack_rec_mean": 0.09538333333333333, "attack_rec_std": 0.014169264467697526}