{"n_classes": 100, "alpha": 0.01, "max_iter": 500, "lambda_": 0.005, "tolerance": 1e-05, "DP": true, "L": 5, "C": 1, "epsilon": 100000, "delta": 1e-05, "train_acc": 0.6251, "test_acc": 0.3622, "attack_acc_mean": 0.6294333333333334, "attack_acc_std": 0.006046394701711838, "attack_pre_mean": 0.6363015421786065, "attack_pre_std": 0.006870429561922862, "attack_rec_mean": 0.6044333333333333, "attack_rec_std": 0.011462208435647213}