{"n_classes": 100, "alpha": 0.001, "max_iter": 50, "lambda_": 1e-05, "tolerance": 1e-05, "DP": true, "L": 1, "C": 1, "epsilon": 5, "delta": 1e-05, "train_acc": 0.0778, "test_acc": 0.0584, "attack_acc_mean": 0.5069333333333333, "attack_acc_std": 0.002707653760895013, "attack_pre_mean": 0.5170233111350163, "attack_pre_std": 0.00825639855477168, "attack_rec_mean": 0.2316666666666667, "attack_rec_std": 0.04849754862075219}