{"n_classes": 100, "alpha": 0.001, "max_iter": 200, "lambda_": 1e-06, "tolerance": 1e-05, "DP": true, "L": 10, "C": 1, "epsilon": 10, "delta": 1e-05, "train_acc": 0.2877, "test_acc": 0.2263, "attack_acc_mean": 0.5005499999999999, "attack_acc_std": 0.0008684276980075407, "attack_pre_mean": 0.6064712569028035, "attack_pre_std": 0.06484483764274362, "attack_rec_mean": 0.007883333333333332, "attack_rec_std": 0.007285240025024723}