{"n_classes": 100, "alpha": 0.001, "max_iter": 100, "lambda_": 1e-05, "tolerance": 1e-05, "DP": true, "L": 15, "C": 1, "epsilon": 10, "delta": 1e-05, "train_acc": 0.1163, "test_acc": 0.0983, "attack_acc_mean": 0.4997416666666667, "attack_acc_std": 0.0009909661391232676, "attack_pre_mean": 0.5833074212271974, "attack_pre_std": 0.06620776373299415, "attack_rec_mean": 0.004716666666666667, "attack_rec_std": 0.0074900860401526026}