{"n_classes": 100, "alpha": 0.001, "max_iter": 100, "lambda_": 1e-05, "tolerance": 1e-05, "DP": true, "L": 2, "C": 1, "epsilon": 5000, "delta": 1e-05, "train_acc": 0.4252, "test_acc": 0.2981, "attack_acc": 0.50105, "attack_pre": 0.6842105263157895, "attack_rec": 0.0039}