{"n_classes": 100, "alpha": 0.001, "max_iter": 200, "lambda_": 1e-06, "tolerance": 1e-05, "DP": true, "L": 1, "C": 1, "epsilon": 1, "delta": 1e-05, "train_acc": 0.061, "test_acc": 0.0518, "attack_acc_mean": 0.5023916666666667, "attack_acc_std": 0.0023684412361063382, "attack_pre_mean": 0.5048824087997335, "attack_pre_std": 0.00454443670946704, "attack_rec_mean": 0.31505, "attack_rec_std": 0.09203268893894895}