{"n_classes": 100, "alpha": 0.01, "max_iter": 400, "lambda_": 1e-05, "tolerance": 1e-05, "DP": true, "L": 20, "C": 1.5, "epsilon": 1000000, "delta": 1e-05, "train_acc": 0.907, "test_acc": 0.5271, "attack_acc_mean": 0.6476333333333334, "attack_acc_std": 0.0043733727132373515, "attack_pre_mean": 0.5941542961051188, "attack_pre_std": 0.0036428133077241833, "attack_rec_mean": 0.9319166666666666, "attack_rec_std": 0.006051836268623119}