{"n_classes": 100, "alpha": 0.001, "max_iter": 500, "lambda_": 1e-05, "tolerance": 1e-05, "DP": true, "L": 5, "C": 1, "epsilon": 1000, "delta": 1e-05, "train_acc": 0.6674, "test_acc": 0.4332, "attack_acc_mean": 0.6235333333333334, "attack_acc_std": 0.005922673007650799, "attack_pre_mean": 0.6356680025640765, "attack_pre_std": 0.008185928846777437, "attack_rec_mean": 0.5794166666666666, "attack_rec_std": 0.01578231253298734}