{"n_classes": 100, "alpha": 0.001, "max_iter": 100, "lambda_": 1e-05, "tolerance": 1e-05, "DP": true, "L": 4, "C": 1, "epsilon": 100, "delta": 1e-05, "train_acc": 0.3139, "test_acc": 0.2377, "attack_acc_mean": 0.502525, "attack_acc_std": 0.0006774646362234251, "attack_pre_mean": 0.6202246155976588, "attack_pre_std": 0.05125029757111192, "attack_rec_mean": 0.016583333333333335, "attack_rec_std": 0.008126175128695064}