{"n_classes": 100, "alpha": 0.001, "max_iter": 50, "lambda_": 1e-05, "tolerance": 1e-05, "DP": true, "L": 5, "C": 1, "epsilon": 200, "delta": 1e-05, "train_acc": 0.1753, "test_acc": 0.1421, "attack_acc_mean": 0.4997583333333333, "attack_acc_std": 0.0010043308994328358, "attack_pre_mean": 0.5849045749377976, "attack_pre_std": 0.06541998987165525, "attack_rec_mean": 0.004783333333333334, "attack_rec_std": 0.007565363323874288}