{"n_classes": 100, "alpha": 0.001, "max_iter": 500, "lambda_": 1e-06, "tolerance": 1e-05, "DP": true, "L": 3, "C": 1, "epsilon": 1, "delta": 1e-05, "train_acc": 0.0936, "test_acc": 0.0736, "attack_acc": 0.50795, "attack_pre": 0.5624509033778476, "attack_rec": 0.0716}