{"n_classes": 100, "alpha": 0.001, "max_iter": 100, "lambda_": 1e-05, "tolerance": 1e-05, "DP": true, "L": 4, "C": 1, "epsilon": 5000, "delta": 1e-05, "train_acc": 0.3599, "test_acc": 0.2601, "attack_acc_mean": 0.5023083333333332, "attack_acc_std": 0.0005933075837109249, "attack_pre_mean": 0.6269029092114198, "attack_pre_std": 0.05460696130806134, "attack_rec_mean": 0.01483333333333333, "attack_rec_std": 0.007876688531497372}