{"n_classes": 100, "alpha": 0.01, "max_iter": 300, "lambda_": 1e-05, "tolerance": 1e-05, "DP": true, "L": 20, "C": 1.5, "epsilon": 1000000, "delta": 1e-05, "train_acc": 0.8786, "test_acc": 0.5242, "attack_acc_mean": 0.6529333333333333, "attack_acc_std": 0.004784930047091136, "attack_pre_mean": 0.6016767417731117, "attack_pre_std": 0.0037312789421729423, "attack_rec_mean": 0.9051666666666667, "attack_rec_std": 0.008186302923515347}