{"n_classes": 100, "alpha": 0.001, "max_iter": 200, "lambda_": 1e-05, "tolerance": 1e-05, "DP": true, "L": 5, "C": 1, "epsilon": 0.5, "delta": 1e-05, "train_acc": 0.0637, "test_acc": 0.0557, "attack_acc_mean": 0.5028333333333334, "attack_acc_std": 0.003093900810016747, "attack_pre_mean": 0.5072754396939317, "attack_pre_std": 0.007542090420087331, "attack_rec_mean": 0.2203333333333333, "attack_rec_std": 0.04323072467071949}