{"n_classes": 100, "alpha": 0.01, "max_iter": 500, "lambda_": 0.0001, "tolerance": 1e-05, "DP": true, "L": 30, "C": 1, "epsilon": 1000000, "delta": 1e-05, "train_acc": 0.8471, "test_acc": 0.5252, "attack_acc_mean": 0.6618916666666667, "attack_acc_std": 0.0064116701325698825, "attack_pre_mean": 0.6167717506974619, "attack_pre_std": 0.0057492628477426875, "attack_rec_mean": 0.8554833333333334, "attack_rec_std": 0.011745554714680598}