{"n_classes": 100, "alpha": 0.001, "max_iter": 200, "lambda_": 1e-06, "tolerance": 1e-05, "DP": true, "L": 7, "C": 1, "epsilon": 1, "delta": 1e-05, "train_acc": 0.1403, "test_acc": 0.1139, "attack_acc": 0.50025, "attack_pre": 0.6190476190476191, "attack_rec": 0.0013}