{"n_classes": 100, "alpha": 0.001, "max_iter": 400, "lambda_": 1e-06, "tolerance": 1e-05, "DP": true, "L": 10, "C": 1, "epsilon": 1, "delta": 1e-05, "train_acc": 0.1437, "test_acc": 0.1123, "attack_acc_mean": 0.5134583333333333, "attack_acc_std": 0.0011823058919849087, "attack_pre_mean": 0.5482606251983251, "attack_pre_std": 0.008674568975299363, "attack_rec_mean": 0.1557, "attack_rec_std": 0.01568279311857426}