{"n_classes": 100, "alpha": 0.001, "max_iter": 100, "lambda_": 1e-07, "tolerance": 1e-05, "DP": true, "L": 3, "C": 1, "epsilon": 100, "delta": 1e-05, "train_acc": 0.3162, "test_acc": 0.2335, "attack_acc_mean": 0.512, "attack_acc_std": 0.0008693867570496746, "attack_pre_mean": 0.6262981372534209, "attack_pre_std": 0.023783812146385256, "attack_rec_mean": 0.061366666666666674, "attack_rec_std": 0.01072530755839767}