{"n_classes": 100, "alpha": 0.01, "max_iter": 500, "lambda_": 0.0001, "tolerance": 1e-05, "DP": true, "L": 50, "C": 2, "epsilon": 100000, "delta": 1e-05, "train_acc": 0.8776, "test_acc": 0.5333, "attack_acc_mean": 0.657575, "attack_acc_std": 0.006143475536426166, "attack_pre_mean": 0.6070013033270963, "attack_pre_std": 0.004734916788487236, "attack_rec_mean": 0.8941166666666667, "attack_rec_std": 0.010836730236663759}