{"n_classes": 100, "alpha": 0.01, "max_iter": 500, "lambda_": 0.01, "tolerance": 1e-05, "DP": true, "L": 5, "C": 1, "epsilon": 100000, "delta": 1e-05, "train_acc": 0.5543, "test_acc": 0.342, "attack_acc_mean": 0.5947749999999999, "attack_acc_std": 0.005221889026013487, "attack_pre_mean": 0.651889548068842, "attack_pre_std": 0.011509986542605918, "attack_rec_mean": 0.40755, "attack_rec_std": 0.013166592826797162}