{"n_classes": 100, "alpha": 0.0001, "max_iter": 100, "lambda_": 1e-05, "tolerance": 1e-05, "DP": true, "L": 3, "C": 1, "epsilon": 200, "delta": 1e-05, "train_acc": 0.0439, "test_acc": 0.0356, "attack_acc_mean": 0.49994999999999995, "attack_acc_std": 0.0006150880695748764, "attack_pre_mean": 0.5889461626575029, "attack_pre_std": 0.05864152901559548, "attack_rec_mean": 0.0044, "attack_rec_std": 0.006736715322271926}