{"n_classes": 100, "alpha": 0.0001, "max_iter": 500, "lambda_": 0.001, "tolerance": 1e-05, "DP": true, "L": 5, "C": 1, "epsilon": 50000, "delta": 1e-05, "train_acc": 0.1715, "test_acc": 0.1412, "attack_acc_mean": 0.4997583333333333, "attack_acc_std": 0.0009791223394221855, "attack_pre_mean": 0.5842243917557726, "attack_pre_std": 0.06524938699857674, "attack_rec_mean": 0.004833333333333333, "attack_rec_std": 0.007673909622147559}