{"n_classes": 100, "alpha": 0.01, "max_iter": 500, "lambda_": 0.0001, "tolerance": 1e-05, "DP": true, "L": 50, "C": 2, "epsilon": 0.5, "delta": 1e-05, "train_acc": 0.0501, "test_acc": 0.0409, "attack_acc_mean": 0.5033249999999999, "attack_acc_std": 0.0021175359107541494, "attack_pre_mean": 0.5064070914313082, "attack_pre_std": 0.0040725370147227016, "attack_rec_mean": 0.30025, "attack_rec_std": 0.08891248037630413}