{"n_classes": 100, "alpha": 0.001, "max_iter": 100, "lambda_": 1e-05, "tolerance": 1e-05, "DP": true, "L": 7, "C": 1, "epsilon": 5, "delta": 1e-05, "train_acc": 0.1976, "test_acc": 0.1614, "attack_acc_mean": 0.499775, "attack_acc_std": 0.0008076457556792342, "attack_pre_mean": 0.5021606347756593, "attack_pre_std": 0.055402090129239766, "attack_rec_mean": 0.005216666666666667, "attack_rec_std": 0.007365101643712883}