{"n_classes": 100, "alpha": 0.001, "max_iter": 200, "lambda_": 1e-05, "tolerance": 1e-05, "DP": true, "L": 5, "C": 0.75, "epsilon": 100000, "delta": 1e-05, "train_acc": 0.4345, "test_acc": 0.3078, "attack_acc_mean": 0.5051083333333334, "attack_acc_std": 0.0006972664881919622, "attack_pre_mean": 0.639705996206363, "attack_pre_std": 0.04426754922074367, "attack_rec_mean": 0.0262, "attack_rec_std": 0.008808707812916337}