{"n_classes": 100, "alpha": 0.001, "max_iter": 100, "lambda_": 1e-07, "tolerance": 1e-05, "DP": false, "L": 10, "C": 1, "epsilon": 0, "delta": 1e-05, "train_acc": 0.8737, "test_acc": 0.5488, "attack_acc_mean": 0.6874333333333333, "attack_acc_std": 0.009884064053931588, "attack_pre_mean": 0.661248098546698, "attack_pre_std": 0.008388861983301287, "attack_rec_mean": 0.7688666666666667, "attack_rec_std": 0.024428034896177973}