{"n_classes": 100, "alpha": 0.001, "max_iter": 100, "lambda_": 1e-05, "tolerance": 1e-05, "DP": true, "L": 2, "C": 1, "epsilon": 100, "delta": 1e-05, "train_acc": 0.2945, "test_acc": 0.2192, "attack_acc_mean": 0.5320916666666666, "attack_acc_std": 0.00171692959151568, "attack_pre_mean": 0.5978053287041803, "attack_pre_std": 0.010312662984059136, "attack_rec_mean": 0.19745, "attack_rec_std": 0.013383665417216618}