{"n_classes": 100, "alpha": 0.01, "max_iter": 500, "lambda_": 0.0001, "tolerance": 1e-05, "DP": true, "L": 30, "C": 1.3, "epsilon": 1000000, "delta": 1e-05, "train_acc": 0.882, "test_acc": 0.531, "attack_acc_mean": 0.653825, "attack_acc_std": 0.005141153404960147, "attack_pre_mean": 0.6024684507219741, "attack_pre_std": 0.004094007490247678, "attack_rec_mean": 0.9046500000000001, "attack_rec_std": 0.008764083903447448}