{"n_classes": 100, "alpha": 0.001, "max_iter": 50, "lambda_": 1e-05, "tolerance": 1e-05, "DP": true, "L": 1, "C": 1, "epsilon": 100, "delta": 1e-05, "train_acc": 0.1583, "test_acc": 0.1198, "attack_acc": 0.50275, "attack_pre": 0.5846153846153846, "attack_rec": 0.019}