{"n_classes": 100, "alpha": 0.001, "max_iter": 300, "lambda_": 1e-06, "tolerance": 1e-05, "DP": true, "L": 10, "C": 1, "epsilon": 200, "delta": 1e-05, "train_acc": 0.4321, "test_acc": 0.3028, "attack_acc_mean": 0.5048833333333332, "attack_acc_std": 0.0006712343521867552, "attack_pre_mean": 0.6321493947357669, "attack_pre_std": 0.04177340739503611, "attack_rec_mean": 0.02605, "attack_rec_std": 0.008652119200904867}