{"n_classes": 100, "alpha": 0.001, "max_iter": 200, "lambda_": 1e-06, "tolerance": 1e-05, "DP": true, "L": 3, "C": 1, "epsilon": 200, "delta": 1e-05, "train_acc": 0.4561, "test_acc": 0.3113, "attack_acc": 0.50375, "attack_pre": 0.6556016597510373, "attack_rec": 0.0158}