{"n_classes": 100, "alpha": 0.001, "max_iter": 500, "lambda_": 1e-06, "tolerance": 1e-05, "DP": true, "L": 5, "C": 1, "epsilon": 100, "delta": 1e-05, "train_acc": 0.5966, "test_acc": 0.3842, "attack_acc_mean": 0.606, "attack_acc_std": 0.00492375195692606, "attack_pre_mean": 0.6236566306824686, "attack_pre_std": 0.007337804033608557, "attack_rec_mean": 0.5350666666666667, "attack_rec_std": 0.010175733661783575}