{"n_classes": 100, "alpha": 0.001, "max_iter": 100, "lambda_": 0.05, "tolerance": 1e-05, "DP": false, "L": 10, "C": 1, "epsilon": 0, "delta": 1e-05, "train_acc": 0.3943, "test_acc": 0.2762, "attack_acc_mean": 0.5007666666666667, "attack_acc_std": 0.0007226494462892939, "attack_pre_mean": 0.609742816108248, "attack_pre_std": 0.060191788107919655, "attack_rec_mean": 0.008283333333333334, "attack_rec_std": 0.006801082430188757}