{"n_classes": 100, "alpha": 0.01, "max_iter": 400, "lambda_": 0.0001, "tolerance": 1e-05, "DP": true, "L": 30, "C": 2, "epsilon": 1000000, "delta": 1e-05, "train_acc": 0.9024, "test_acc": 0.5381, "attack_acc_mean": 0.6502166666666667, "attack_acc_std": 0.004137195775992342, "attack_pre_mean": 0.5967264604549433, "attack_pre_std": 0.0032554116904155704, "attack_rec_mean": 0.9269, "attack_rec_std": 0.007184937949163759}