{"n_classes": 100, "alpha": 0.001, "max_iter": 500, "lambda_": 1e-06, "tolerance": 1e-05, "DP": true, "L": 5, "C": 1, "epsilon": 1000, "delta": 1e-05, "train_acc": 0.6699, "test_acc": 0.4339, "attack_acc_mean": 0.6229916666666667, "attack_acc_std": 0.005310478373513596, "attack_pre_mean": 0.6362046354450833, "attack_pre_std": 0.007803732735605884, "attack_rec_mean": 0.5750833333333333, "attack_rec_std": 0.015200045687065832}