{"n_classes": 100, "alpha": 0.001, "max_iter": 100, "lambda_": 1e-05, "tolerance": 1e-05, "DP": true, "L": 7, "C": 1, "epsilon": 1, "delta": 1e-05, "train_acc": 0.1329, "test_acc": 0.1073, "attack_acc_mean": 0.5011916666666666, "attack_acc_std": 0.0007407297452887658, "attack_pre_mean": 0.618669046613732, "attack_pre_std": 0.06760008207345727, "attack_rec_mean": 0.010383333333333333, "attack_rec_std": 0.0068926087626932355}