{"n_classes": 100, "alpha": 0.001, "max_iter": 300, "lambda_": 1e-05, "tolerance": 1e-05, "DP": true, "L": 3, "C": 1, "epsilon": 200, "delta": 1e-05, "train_acc": 0.5063, "test_acc": 0.3301, "attack_acc_mean": 0.5877500000000001, "attack_acc_std": 0.0026619228638962173, "attack_pre_mean": 0.6095761027328358, "attack_pre_std": 0.005619133884979889, "attack_rec_mean": 0.4887333333333333, "attack_rec_std": 0.01210642620906582}