{"n_classes": 100, "alpha": 0.001, "max_iter": 200, "lambda_": 1e-05, "tolerance": 1e-05, "DP": true, "L": 15, "C": 1, "epsilon": 0.1, "delta": 1e-05, "train_acc": 0.0219, "test_acc": 0.0203, "attack_acc_mean": 0.49715, "attack_acc_std": 0.0009733961166966003, "attack_pre_mean": 0.49233017285996183, "attack_pre_std": 0.00306611445223203, "attack_rec_mean": 0.19630000000000003, "attack_rec_std": 0.06695349132046811}