{"n_classes": 100, "alpha": 0.001, "max_iter": 100, "lambda_": 0.01, "tolerance": 1e-05, "DP": false, "L": 10, "C": 1, "epsilon": 0, "delta": 1e-05, "train_acc": 0.7754, "test_acc": 0.4985, "attack_acc_mean": 0.6040416666666667, "attack_acc_std": 0.007763558927593854, "attack_pre_mean": 0.7267679798532899, "attack_pre_std": 0.018355246963865906, "attack_rec_mean": 0.33398333333333335, "attack_rec_std": 0.016034485405594483}