{"n_classes": 100, "alpha": 0.001, "max_iter": 300, "lambda_": 1e-05, "tolerance": 1e-05, "DP": true, "L": 3, "C": 1, "epsilon": 10, "delta": 1e-05, "train_acc": 0.3217, "test_acc": 0.2176, "attack_acc_mean": 0.552025, "attack_acc_std": 0.002115173357749492, "attack_pre_mean": 0.5765935989398638, "attack_pre_std": 0.006284366803240299, "attack_rec_mean": 0.39291666666666664, "attack_rec_std": 0.014019797510029243}