{"n_classes": 100, "alpha": 0.01, "max_iter": 500, "lambda_": 1e-07, "tolerance": 1e-05, "DP": true, "L": 50, "C": 2, "epsilon": 1000000, "delta": 1e-05, "train_acc": 0.8812, "test_acc": 0.5383, "attack_acc_mean": 0.6558666666666667, "attack_acc_std": 0.004947024919641663, "attack_pre_mean": 0.6046732558128767, "attack_pre_std": 0.004053679365431965, "attack_rec_mean": 0.9006499999999998, "attack_rec_std": 0.009799277184228081}