{"n_classes": 100, "alpha": 0.001, "max_iter": 100, "lambda_": 1e-05, "tolerance": 1e-05, "DP": true, "L": 7, "C": 1, "epsilon": 30, "delta": 1e-05, "train_acc": 0.2283, "test_acc": 0.1781, "attack_acc_mean": 0.49985833333333335, "attack_acc_std": 0.0007807137048168852, "attack_pre_mean": 0.5753472478127927, "attack_pre_std": 0.05598034590835687, "attack_rec_mean": 0.00515, "attack_rec_std": 0.008064479731100659}