{"n_classes": 100, "alpha": 0.001, "max_iter": 200, "lambda_": 0.001, "tolerance": 1e-05, "DP": true, "L": 5, "C": 1.25, "epsilon": 100000, "delta": 1e-05, "train_acc": 0.5626, "test_acc": 0.3867, "attack_acc_mean": 0.5344249999999999, "attack_acc_std": 0.002870939161087641, "attack_pre_mean": 0.663075450625984, "attack_pre_std": 0.01517002111331217, "attack_rec_mean": 0.14126666666666668, "attack_rec_std": 0.019098836497429772}