{"n_classes": 100, "alpha": 0.001, "max_iter": 200, "lambda_": 1e-06, "tolerance": 1e-05, "DP": true, "L": 1, "C": 1, "epsilon": 500, "delta": 1e-05, "train_acc": 0.2904, "test_acc": 0.1799, "attack_acc_mean": 0.5457166666666667, "attack_acc_std": 0.003953549741125752, "attack_pre_mean": 0.5580231075259007, "attack_pre_std": 0.010499936613543759, "attack_rec_mean": 0.44805, "attack_rec_std": 0.04317054358394546}