{"n_classes": 100, "alpha": 0.001, "max_iter": 300, "lambda_": 1e-06, "tolerance": 1e-05, "DP": true, "L": 3, "C": 1, "epsilon": 100, "delta": 1e-05, "train_acc": 0.4701, "test_acc": 0.3067, "attack_acc_mean": 0.5800500000000001, "attack_acc_std": 0.003097983214931941, "attack_pre_mean": 0.6033744461531353, "attack_pre_std": 0.00568656332671032, "attack_rec_mean": 0.4676666666666667, "attack_rec_std": 0.007916789472731701}