{"n_classes": 100, "alpha": 0.001, "max_iter": 300, "lambda_": 1e-06, "tolerance": 1e-05, "DP": true, "L": 1, "C": 1, "epsilon": 10, "delta": 1e-05, "train_acc": 0.1499, "test_acc": 0.1074, "attack_acc_mean": 0.5148333333333334, "attack_acc_std": 0.0024325341153254515, "attack_pre_mean": 0.5234763154803769, "attack_pre_std": 0.007890663806950787, "attack_rec_mean": 0.3532833333333334, "attack_rec_std": 0.068059151152182}