{"n_classes": 100, "alpha": 0.001, "max_iter": 500, "lambda_": 0.0001, "tolerance": 1e-05, "DP": true, "L": 10, "C": 1.25, "epsilon": 100000, "delta": 1e-05, "train_acc": 0.6579, "test_acc": 0.4374, "attack_acc_mean": 0.570975, "attack_acc_std": 0.004068245936518622, "attack_pre_mean": 0.6759540157633642, "attack_pre_std": 0.014922791814009356, "attack_rec_mean": 0.27403333333333335, "attack_rec_std": 0.02146319847760089}