{"n_classes": 100, "alpha": 0.0001, "max_iter": 100, "lambda_": 1e-06, "tolerance": 1e-05, "DP": true, "L": 3, "C": 1, "epsilon": 200, "delta": 1e-05, "train_acc": 0.0452, "test_acc": 0.0366, "attack_acc_mean": 0.49985000000000007, "attack_acc_std": 0.0008036375634160889, "attack_pre_mean": 0.5863512461059189, "attack_pre_std": 0.06276639215694506, "attack_rec_mean": 0.004483333333333333, "attack_rec_std": 0.00694992006348914}