{"n_classes": 100, "alpha": 0.01, "max_iter": 500, "lambda_": 0.001, "tolerance": 1e-05, "DP": true, "L": 50, "C": 1.7, "epsilon": 1000000, "delta": 1e-05, "train_acc": 0.8478, "test_acc": 0.5241, "attack_acc_mean": 0.6683083333333334, "attack_acc_std": 0.007027530188875426, "attack_pre_mean": 0.6263123882111713, "attack_pre_std": 0.0061687238730196515, "attack_rec_mean": 0.8348666666666666, "attack_rec_std": 0.013676459905821961}