{"n_classes": 100, "alpha": 0.001, "max_iter": 500, "lambda_": 0.001, "tolerance": 1e-05, "DP": true, "L": 5, "C": 1, "epsilon": 10000, "delta": 1e-05, "train_acc": 0.7037, "test_acc": 0.4516, "attack_acc_mean": 0.6288250000000001, "attack_acc_std": 0.007385500998578231, "attack_pre_mean": 0.6470081145656925, "attack_pre_std": 0.01063023348674583, "attack_rec_mean": 0.5677499999999999, "attack_rec_std": 0.015990179277710834}