{"n_classes": 100, "alpha": 0.001, "max_iter": 200, "lambda_": 1e-05, "tolerance": 1e-05, "DP": true, "L": 10, "C": 1, "epsilon": 500, "delta": 1e-05, "train_acc": 0.3208, "test_acc": 0.2448, "attack_acc_mean": 0.5000333333333333, "attack_acc_std": 0.0008198915917499102, "attack_pre_mean": 0.5637103225653534, "attack_pre_std": 0.045672090997145955, "attack_rec_mean": 0.0062499999999999995, "attack_rec_std": 0.007666974631495791}