{"n_classes": 100, "alpha": 0.01, "max_iter": 800, "lambda_": 0.0001, "tolerance": 1e-05, "DP": true, "L": 50, "C": 2, "epsilon": 1000000, "delta": 1e-05, "train_acc": 0.9242, "test_acc": 0.5401, "attack_acc_mean": 0.648625, "attack_acc_std": 0.004606404056672985, "attack_pre_mean": 0.5934390420300631, "attack_pre_std": 0.0035357486174779486, "attack_rec_mean": 0.94415, "attack_rec_std": 0.00601491202484847}