{"n_classes": 100, "alpha": 0.001, "max_iter": 100, "lambda_": 0.001, "tolerance": 1e-05, "DP": false, "L": 10, "C": 1, "epsilon": 0, "delta": 1e-05, "train_acc": 0.8658, "test_acc": 0.5489, "attack_acc_mean": 0.6869166666666667, "attack_acc_std": 0.010753126160434555, "attack_pre_mean": 0.6717437999033687, "attack_pre_std": 0.009122038890938239, "attack_rec_mean": 0.7312500000000001, "attack_rec_std": 0.026387102278701734}