{"n_classes": 100, "alpha": 0.001, "max_iter": 300, "lambda_": 1e-05, "tolerance": 1e-05, "DP": true, "L": 5, "C": 1, "epsilon": 200, "delta": 1e-05, "train_acc": 0.5371, "test_acc": 0.3626, "attack_acc_mean": 0.5602333333333332, "attack_acc_std": 0.003063993400050924, "attack_pre_mean": 0.6443649557752935, "attack_pre_std": 0.013102762965168664, "attack_rec_mean": 0.2701166666666666, "attack_rec_std": 0.01541951325071219}