{"n_classes": 100, "alpha": 0.001, "max_iter": 200, "lambda_": 1e-06, "tolerance": 1e-05, "DP": true, "L": 1, "C": 1, "epsilon": 10, "delta": 1e-05, "train_acc": 0.1343, "test_acc": 0.0955, "attack_acc_mean": 0.5159333333333332, "attack_acc_std": 0.003151410618895756, "attack_pre_mean": 0.5275461081880942, "attack_pre_std": 0.009033986918722176, "attack_rec_mean": 0.3256666666666667, "attack_rec_std": 0.061317362050963095}