{"n_classes": 100, "alpha": 0.001, "max_iter": 500, "lambda_": 1e-06, "tolerance": 1e-05, "DP": true, "L": 10, "C": 1, "epsilon": 1, "delta": 1e-05, "train_acc": 0.1377, "test_acc": 0.1077, "attack_acc_mean": 0.5143916666666667, "attack_acc_std": 0.0008618858521998358, "attack_pre_mean": 0.5393080940771912, "attack_pre_std": 0.004055549251730033, "attack_rec_mean": 0.19923333333333335, "attack_rec_std": 0.020182307983864372}