{"n_classes": 100, "alpha": 0.01, "max_iter": 1000, "lambda_": 0.0001, "tolerance": 1e-05, "DP": true, "L": 50, "C": 2, "epsilon": 1000000, "delta": 1e-05, "train_acc": 0.9424, "test_acc": 0.5416, "attack_acc_mean": 0.6493833333333333, "attack_acc_std": 0.004811848801540719, "attack_pre_mean": 0.5926886304806179, "attack_pre_std": 0.0038025434475951634, "attack_rec_mean": 0.9555166666666667, "attack_rec_std": 0.0062239903241855694}