{"n_classes": 100, "alpha": 0.001, "max_iter": 100, "lambda_": 1e-05, "tolerance": 1e-05, "DP": true, "L": 7, "C": 1, "epsilon": 10, "delta": 1e-05, "train_acc": 0.2193, "test_acc": 0.1766, "attack_acc_mean": 0.5000583333333333, "attack_acc_std": 0.0006839935834656839, "attack_pre_mean": 0.6188487869377245, "attack_pre_std": 0.07405013253869795, "attack_rec_mean": 0.005433333333333334, "attack_rec_std": 0.007947885812522025}