{"n_classes": 100, "alpha": 0.001, "max_iter": 500, "lambda_": 0.001, "tolerance": 1e-05, "DP": true, "L": 5, "C": 1, "epsilon": 1000, "delta": 1e-05, "train_acc": 0.6628, "test_acc": 0.4319, "attack_acc_mean": 0.6204999999999999, "attack_acc_std": 0.005265690837867352, "attack_pre_mean": 0.6403847357072171, "attack_pre_std": 0.009396954497984491, "attack_rec_mean": 0.5506, "attack_rec_std": 0.01563937338898204}