{"n_classes": 100, "alpha": 0.01, "max_iter": 400, "lambda_": 1e-05, "tolerance": 1e-05, "DP": true, "L": 30, "C": 1.1, "epsilon": 1000000, "delta": 1e-05, "train_acc": 0.828, "test_acc": 0.5185, "attack_acc_mean": 0.6641166666666667, "attack_acc_std": 0.007932090238742594, "attack_pre_mean": 0.6249416065743982, "attack_pre_std": 0.007162390178888139, "attack_rec_mean": 0.8213333333333334, "attack_rec_std": 0.01415682010748017}