{"n_classes": 100, "alpha": 0.0001, "max_iter": 500, "lambda_": 0.01, "tolerance": 1e-05, "DP": true, "L": 5, "C": 1, "epsilon": 10000, "delta": 1e-05, "train_acc": 0.1657, "test_acc": 0.1365, "attack_acc_mean": 0.49974999999999997, "attack_acc_std": 0.0009974968671630073, "attack_pre_mean": 0.5842588009096844, "attack_pre_std": 0.06549029787247687, "attack_rec_mean": 0.004816666666666667, "attack_rec_std": 0.0076725520888134445}