{"n_classes": 100, "alpha": 0.005, "max_iter": 500, "lambda_": 0.005, "tolerance": 1e-05, "DP": true, "L": 5, "C": 1, "epsilon": 100000, "delta": 1e-05, "train_acc": 0.7142, "test_acc": 0.4106, "attack_acc_mean": 0.6522, "attack_acc_std": 0.007022582620850148, "attack_pre_mean": 0.6496990057068349, "attack_pre_std": 0.007924078469775928, "attack_rec_mean": 0.6608666666666667, "attack_rec_std": 0.013028643657555268}