{"n_classes": 100, "alpha": 0.001, "max_iter": 400, "lambda_": 1e-06, "tolerance": 1e-05, "DP": true, "L": 5, "C": 1, "epsilon": 500, "delta": 1e-05, "train_acc": 0.6137, "test_acc": 0.4059, "attack_acc": 0.50805, "attack_pre": 0.7374631268436578, "attack_rec": 0.025}