{"n_classes": 100, "alpha": 0.001, "max_iter": 200, "lambda_": 1e-05, "tolerance": 1e-05, "DP": true, "L": 1, "C": 1, "epsilon": 10, "delta": 1e-05, "train_acc": 0.1354, "test_acc": 0.0933, "attack_acc_mean": 0.5152583333333333, "attack_acc_std": 0.003247360038896553, "attack_pre_mean": 0.5244493276062139, "attack_pre_std": 0.008213500575566192, "attack_rec_mean": 0.3522, "attack_rec_std": 0.07345252434963234}