{"n_classes": 100, "alpha": 0.001, "max_iter": 100, "lambda_": 1e-05, "tolerance": 1e-05, "DP": true, "L": 7, "C": 1, "epsilon": 0.5, "delta": 1e-05, "train_acc": 0.0689, "test_acc": 0.0618, "attack_acc_mean": 0.50215, "attack_acc_std": 0.000558271140814819, "attack_pre_mean": 0.545271254556077, "attack_pre_std": 0.016963960364713943, "attack_rec_mean": 0.030216666666666666, "attack_rec_std": 0.012245191800140259}