{"n_classes": 100, "alpha": 0.001, "max_iter": 500, "lambda_": 1e-06, "tolerance": 1e-05, "DP": true, "L": 10, "C": 1, "epsilon": 100, "delta": 1e-05, "train_acc": 0.5511, "test_acc": 0.377, "attack_acc": 0.50075, "attack_pre": 0.6744186046511628, "attack_rec": 0.0029}