{"n_classes": 100, "alpha": 0.005, "max_iter": 500, "lambda_": 0.1, "tolerance": 1e-05, "DP": true, "L": 5, "C": 1, "epsilon": 100000, "delta": 1e-05, "train_acc": 0.2194, "test_acc": 0.165, "attack_acc_mean": 0.49990000000000007, "attack_acc_std": 0.0007285830998131456, "attack_pre_mean": 0.5666511525749905, "attack_pre_std": 0.05281466086821459, "attack_rec_mean": 0.004866666666666667, "attack_rec_std": 0.007439011284363593}