{"n_classes": 100, "alpha": 0.001, "max_iter": 100, "lambda_": 1e-06, "tolerance": 1e-05, "DP": false, "L": 10, "C": 1, "epsilon": 0, "delta": 1e-05, "train_acc": 0.8736, "test_acc": 0.5502, "attack_acc_mean": 0.6873333333333335, "attack_acc_std": 0.010921411182728264, "attack_pre_mean": 0.6616562065367195, "attack_pre_std": 0.008411372802229741, "attack_rec_mean": 0.7668, "attack_rec_std": 0.026222000940685913}