{"n_classes": 100, "alpha": 0.001, "max_iter": 100, "lambda_": 1e-05, "tolerance": 1e-05, "DP": true, "L": 10, "C": 1, "epsilon": 50, "delta": 1e-05, "train_acc": 0.1698, "test_acc": 0.1358, "attack_acc_mean": 0.49976666666666664, "attack_acc_std": 0.0009607578027555004, "attack_pre_mean": 0.5847019769296391, "attack_pre_std": 0.06490202779806781, "attack_rec_mean": 0.0047666666666666664, "attack_rec_std": 0.00759883031934667}