{"n_classes": 100, "alpha": 0.001, "max_iter": 100, "lambda_": 0.001, "tolerance": 1e-05, "DP": true, "L": 100, "C": 1.25, "epsilon": 100000, "delta": 1e-05, "train_acc": 0.0293, "test_acc": 0.0225, "attack_acc_mean": 0.499925, "attack_acc_std": 0.0004616546328154749, "attack_pre_mean": 0.5807880964488515, "attack_pre_std": 0.06383172133139255, "attack_rec_mean": 0.004683333333333334, "attack_rec_std": 0.006404794211283363}