{"n_classes": 100, "alpha": 0.001, "max_iter": 200, "lambda_": 1e-06, "tolerance": 1e-05, "DP": true, "L": 7, "C": 1, "epsilon": 100, "delta": 1e-05, "train_acc": 0.3891, "test_acc": 0.2843, "attack_acc_mean": 0.5036166666666667, "attack_acc_std": 0.0003681787005729159, "attack_pre_mean": 0.6189951033398922, "attack_pre_std": 0.0381467952554508, "attack_rec_mean": 0.02186666666666667, "attack_rec_std": 0.00947200553678517}