{"n_classes": 100, "alpha": 0.001, "max_iter": 100, "lambda_": 1e-05, "tolerance": 1e-05, "DP": true, "L": 3, "C": 1, "epsilon": 0.1, "delta": 1e-05, "train_acc": 0.0173, "test_acc": 0.0179, "attack_acc_mean": 0.4999916666666668, "attack_acc_std": 0.001418160976601592, "attack_pre_mean": 0.5000411377645934, "attack_pre_std": 0.0029545901918070243, "attack_rec_mean": 0.26865, "attack_rec_std": 0.09528556641310723}