{"n_classes": 100, "alpha": 0.001, "max_iter": 500, "lambda_": 0.001, "tolerance": 1e-05, "DP": true, "L": 5, "C": 1.25, "epsilon": 100000, "delta": 1e-05, "train_acc": 0.7609, "test_acc": 0.4816, "attack_acc_mean": 0.6496333333333334, "attack_acc_std": 0.00830916495336459, "attack_pre_mean": 0.6378826921522914, "attack_pre_std": 0.008952534234298318, "attack_rec_mean": 0.6927666666666666, "attack_rec_std": 0.01601443793026225}