{"n_classes": 100, "alpha": 0.01, "max_iter": 300, "lambda_": 1e-05, "tolerance": 1e-05, "DP": true, "L": 30, "C": 1.7, "epsilon": 1000000, "delta": 1e-05, "train_acc": 0.8542, "test_acc": 0.5265, "attack_acc_mean": 0.660925, "attack_acc_std": 0.005642232861790326, "attack_pre_mean": 0.6145322005236805, "attack_pre_std": 0.004740826231718308, "attack_rec_mean": 0.8637, "attack_rec_std": 0.011181383337196423}