{"n_classes": 100, "alpha": 0.001, "max_iter": 200, "lambda_": 1e-06, "tolerance": 1e-05, "DP": true, "L": 1, "C": 1, "epsilon": 10, "delta": 1e-05, "train_acc": 0.1343, "test_acc": 0.0955, "attack_acc": 0.51535, "attack_pre": 0.5921921921921922, "attack_rec": 0.0986}