{"n_classes": 100, "alpha": 0.01, "max_iter": 500, "lambda_": 0.0001, "tolerance": 1e-05, "DP": true, "L": 5, "C": 2, "epsilon": 1000000, "delta": 1e-05, "train_acc": 0.8448, "test_acc": 0.3465, "attack_acc_mean": 0.6859666666666667, "attack_acc_std": 0.015187430841177676, "attack_pre_mean": 0.6338978513402647, "attack_pre_std": 0.015810890615873176, "attack_rec_mean": 0.8836, "attack_rec_std": 0.015087964298296369}