{"n_classes": 100, "alpha": 0.001, "max_iter": 100, "lambda_": 1e-05, "tolerance": 1e-05, "DP": true, "L": 5, "C": 1, "epsilon": 150, "delta": 1e-05, "train_acc": 0.2967, "test_acc": 0.2281, "attack_acc_mean": 0.5001583333333333, "attack_acc_std": 0.0007860325834354585, "attack_pre_mean": 0.607095643075792, "attack_pre_std": 0.07357857641083203, "attack_rec_mean": 0.006266666666666667, "attack_rec_std": 0.00804646230063595}