{"n_classes": 100, "alpha": 0.01, "max_iter": 500, "lambda_": 0.0001, "tolerance": 1e-05, "DP": true, "L": 30, "C": 2, "epsilon": 1000000, "delta": 1e-05, "train_acc": 0.9214, "test_acc": 0.5347, "attack_acc_mean": 0.6492, "attack_acc_std": 0.004312095391647408, "attack_pre_mean": 0.5940621617494914, "attack_pre_std": 0.003330944940828068, "attack_rec_mean": 0.9425, "attack_rec_std": 0.007573198355604667}