{"n_classes": 100, "alpha": 0.01, "max_iter": 500, "lambda_": 0.0001, "tolerance": 1e-05, "DP": true, "L": 40, "C": 1.3, "epsilon": 1000000, "delta": 1e-05, "train_acc": 0.8472, "test_acc": 0.5265, "attack_acc_mean": 0.6620833333333332, "attack_acc_std": 0.006881840031722763, "attack_pre_mean": 0.6172266829564238, "attack_pre_std": 0.005800644134118691, "attack_rec_mean": 0.8537333333333333, "attack_rec_std": 0.013267713526535848}