{"n_classes": 100, "alpha": 0.001, "max_iter": 200, "lambda_": 1e-05, "tolerance": 1e-05, "DP": true, "L": 10, "C": 1, "epsilon": 50, "delta": 1e-05, "train_acc": 0.3037, "test_acc": 0.2338, "attack_acc_mean": 0.5002416666666667, "attack_acc_std": 0.000807473769783826, "attack_pre_mean": 0.5971292721292721, "attack_pre_std": 0.06625403241793934, "attack_rec_mean": 0.006833333333333333, "attack_rec_std": 0.007540704358494783}