{"n_classes": 100, "alpha": 0.001, "max_iter": 500, "lambda_": 1e-05, "tolerance": 1e-05, "DP": true, "L": 10, "C": 1.25, "epsilon": 100000, "delta": 1e-05, "train_acc": 0.6529, "test_acc": 0.4412, "attack_acc_mean": 0.5723666666666666, "attack_acc_std": 0.0044309203959849545, "attack_pre_mean": 0.675690496611094, "attack_pre_std": 0.016194856373225385, "attack_rec_mean": 0.27968333333333334, "attack_rec_std": 0.01924001183875819}