{"n_classes": 100, "alpha": 0.001, "max_iter": 50, "lambda_": 1e-05, "tolerance": 1e-05, "DP": true, "L": 1, "C": 1, "epsilon": 30, "delta": 1e-05, "train_acc": 0.1141, "test_acc": 0.0881, "attack_acc_mean": 0.5126333333333334, "attack_acc_std": 0.0024141366066475047, "attack_pre_mean": 0.5346039010033694, "attack_pre_std": 0.0061651244099182444, "attack_rec_mean": 0.19676666666666667, "attack_rec_std": 0.026584122245347043}