{"n_classes": 100, "alpha": 0.001, "max_iter": 100, "lambda_": 1e-05, "tolerance": 1e-05, "DP": true, "L": 2, "C": 1, "epsilon": 5000, "delta": 1e-05, "train_acc": 0.4252, "test_acc": 0.2981, "attack_acc_mean": 0.5379833333333334, "attack_acc_std": 0.0013252882286087452, "attack_pre_mean": 0.6295374334797378, "attack_pre_std": 0.013019361097835877, "attack_rec_mean": 0.1859333333333333, "attack_rec_std": 0.012974162357889967}