{"n_classes": 100, "alpha": 0.01, "max_iter": 300, "lambda_": 1e-05, "tolerance": 1e-05, "DP": true, "L": 30, "C": 1.3, "epsilon": 1000000, "delta": 1e-05, "train_acc": 0.8127, "test_acc": 0.5169, "attack_acc_mean": 0.663125, "attack_acc_std": 0.007714853098623044, "attack_pre_mean": 0.6331069539778329, "attack_pre_std": 0.0071149383634781516, "attack_rec_mean": 0.7762500000000001, "attack_rec_std": 0.016716733133799393}