{"n_classes": 100, "alpha": 0.001, "max_iter": 100, "lambda_": 1e-05, "tolerance": 1e-05, "DP": true, "L": 10, "C": 1, "epsilon": 0.9, "delta": 1e-05, "train_acc": 0.117, "test_acc": 0.0988, "attack_acc_mean": 0.4997416666666666, "attack_acc_std": 0.0008715009402684919, "attack_pre_mean": 0.5749442826250055, "attack_pre_std": 0.09106364543285456, "attack_rec_mean": 0.004283333333333333, "attack_rec_std": 0.006628578697998203}