{"n_classes": 100, "alpha": 0.001, "max_iter": 500, "lambda_": 1e-05, "tolerance": 1e-05, "DP": true, "L": 5, "C": 1, "epsilon": 100000, "delta": 1e-05, "train_acc": 0.7328, "test_acc": 0.4705, "attack_acc_mean": 0.6410666666666667, "attack_acc_std": 0.007768132908806907, "attack_pre_mean": 0.6492729627459773, "attack_pre_std": 0.010921183347550625, "attack_rec_mean": 0.6144833333333334, "attack_rec_std": 0.016315066315798075}