{"n_classes": 100, "alpha": 0.001, "max_iter": 300, "lambda_": 1e-05, "tolerance": 1e-05, "DP": true, "L": 10, "C": 0.9, "epsilon": 1000000, "delta": 1e-05, "train_acc": 0.4153, "test_acc": 0.2979, "attack_acc_mean": 0.5022166666666666, "attack_acc_std": 0.0007045487129282678, "attack_pre_mean": 0.6163657638947807, "attack_pre_std": 0.047776299960733105, "attack_rec_mean": 0.015066666666666667, "attack_rec_std": 0.007581483290813805}