{"n_classes": 100, "alpha": 0.001, "max_iter": 500, "lambda_": 0.001, "tolerance": 1e-05, "DP": true, "L": 10, "C": 1.25, "epsilon": 100000, "delta": 1e-05, "train_acc": 0.6545, "test_acc": 0.4339, "attack_acc_mean": 0.566725, "attack_acc_std": 0.003930304271512169, "attack_pre_mean": 0.6788036011712824, "attack_pre_std": 0.016030433576773914, "attack_rec_mean": 0.2547833333333333, "attack_rec_std": 0.0214105438718611}