{"n_classes": 100, "alpha": 0.001, "max_iter": 400, "lambda_": 1e-06, "tolerance": 1e-05, "DP": true, "L": 3, "C": 1, "epsilon": 200, "delta": 1e-05, "train_acc": 0.5428, "test_acc": 0.3396, "attack_acc": 0.53565, "attack_pre": 0.7108219988172679, "attack_rec": 0.1202}