{"n_classes": 100, "alpha": 0.001, "max_iter": 50, "lambda_": 1e-05, "tolerance": 1e-05, "DP": true, "L": 1, "C": 1, "epsilon": 10, "delta": 1e-05, "train_acc": 0.098, "test_acc": 0.0789, "attack_acc_mean": 0.5071083333333334, "attack_acc_std": 0.0017598334832843868, "attack_pre_mean": 0.5176395387981302, "attack_pre_std": 0.0056072283048125265, "attack_rec_mean": 0.2151833333333333, "attack_rec_std": 0.037065366434029606}