{"n_classes": 100, "alpha": 0.01, "max_iter": 400, "lambda_": 1e-05, "tolerance": 1e-05, "DP": true, "L": 20, "C": 0.9, "epsilon": 1000000, "delta": 1e-05, "train_acc": 0.8534, "test_acc": 0.5234, "attack_acc_mean": 0.6573416666666667, "attack_acc_std": 0.005993984252750605, "attack_pre_mean": 0.6103420429894775, "attack_pre_std": 0.00492351855231316, "attack_rec_mean": 0.8705833333333333, "attack_rec_std": 0.011340255239142056}