{"n_classes": 100, "alpha": 0.001, "max_iter": 200, "lambda_": 1e-06, "tolerance": 1e-05, "DP": true, "L": 5, "C": 1, "epsilon": 200, "delta": 1e-05, "train_acc": 0.4469, "test_acc": 0.3188, "attack_acc_mean": 0.5176166666666667, "attack_acc_std": 0.0012713728363029154, "attack_pre_mean": 0.6350681244238766, "attack_pre_std": 0.015633158443275105, "attack_rec_mean": 0.084, "attack_rec_std": 0.012362577940435132}