{"n_classes": 100, "alpha": 0.001, "max_iter": 200, "lambda_": 1e-05, "tolerance": 1e-05, "DP": true, "L": 3, "C": 1, "epsilon": 1, "delta": 1e-05, "train_acc": 0.1037, "test_acc": 0.0789, "attack_acc_mean": 0.5093333333333333, "attack_acc_std": 0.0011574637023346677, "attack_pre_mean": 0.5198166070636057, "attack_pre_std": 0.004584809222860843, "attack_rec_mean": 0.25405, "attack_rec_std": 0.04694616597763869}