{"n_classes": 100, "alpha": 0.01, "max_iter": 500, "lambda_": 0.0001, "tolerance": 1e-05, "DP": true, "L": 5, "C": 1, "epsilon": 100000, "delta": 1e-05, "train_acc": 0.848, "test_acc": 0.3963, "attack_acc_mean": 0.6679, "attack_acc_std": 0.012104441333659299, "attack_pre_mean": 0.6169329148280812, "attack_pre_std": 0.011812488585317927, "attack_rec_mean": 0.888, "attack_rec_std": 0.011402338941345878}