{"n_classes": 100, "alpha": 0.001, "max_iter": 300, "lambda_": 1e-05, "tolerance": 1e-05, "DP": true, "L": 10, "C": 1, "epsilon": 500, "delta": 1e-05, "train_acc": 0.4408, "test_acc": 0.3103, "attack_acc_mean": 0.50425, "attack_acc_std": 0.0005823801736551869, "attack_pre_mean": 0.6195859619923317, "attack_pre_std": 0.03747143113488377, "attack_rec_mean": 0.0246, "attack_rec_std": 0.00865563400335296}