{"n_classes": 100, "alpha": 0.01, "max_iter": 300, "lambda_": 1e-05, "tolerance": 1e-05, "DP": true, "L": 10, "C": 1.3, "epsilon": 1000000, "delta": 1e-05, "train_acc": 0.8907, "test_acc": 0.4898, "attack_acc_mean": 0.6510916666666666, "attack_acc_std": 0.0064442103645227415, "attack_pre_mean": 0.5980445069031, "attack_pre_std": 0.0054605782849289275, "attack_rec_mean": 0.9221666666666666, "attack_rec_std": 0.006859705209085564}