{"n_classes": 100, "alpha": 0.005, "max_iter": 500, "lambda_": 0.05, "tolerance": 1e-05, "DP": true, "L": 5, "C": 1, "epsilon": 100000, "delta": 1e-05, "train_acc": 0.3484, "test_acc": 0.2397, "attack_acc_mean": 0.5008916666666666, "attack_acc_std": 0.0008343743497708559, "attack_pre_mean": 0.5954172548876303, "attack_pre_std": 0.05650608645679287, "attack_rec_mean": 0.01, "attack_rec_std": 0.007091074201651914}