{"n_classes": 100, "alpha": 0.001, "max_iter": 300, "lambda_": 1e-05, "tolerance": 1e-05, "DP": true, "L": 5, "C": 1, "epsilon": 500, "delta": 1e-05, "train_acc": 0.5634, "test_acc": 0.3793, "attack_acc_mean": 0.5625666666666667, "attack_acc_std": 0.0033706659414556362, "attack_pre_mean": 0.6622141613997129, "attack_pre_std": 0.01449447111073881, "attack_rec_mean": 0.2566333333333333, "attack_rec_std": 0.016566197176446043}