{"n_classes": 100, "alpha": 0.001, "max_iter": 100, "lambda_": 1e-05, "tolerance": 1e-05, "DP": true, "L": 3, "C": 1, "epsilon": 150, "delta": 1e-05, "train_acc": 0.3381, "test_acc": 0.2488, "attack_acc_mean": 0.5113916666666666, "attack_acc_std": 0.0010806698025864615, "attack_pre_mean": 0.6183300219193782, "attack_pre_std": 0.016324847426184234, "attack_rec_mean": 0.06085000000000001, "attack_rec_std": 0.01203145183813381}