{"n_classes": 100, "alpha": 0.001, "max_iter": 500, "lambda_": 1e-06, "tolerance": 1e-05, "DP": true, "L": 10, "C": 1, "epsilon": 100, "delta": 1e-05, "train_acc": 0.5511, "test_acc": 0.377, "attack_acc_mean": 0.5402083333333333, "attack_acc_std": 0.0029263766940630783, "attack_pre_mean": 0.6726057925861865, "attack_pre_std": 0.018310567358881306, "attack_rec_mean": 0.15818333333333334, "attack_rec_std": 0.018645054453005915}