{"n_classes": 100, "alpha": 0.001, "max_iter": 200, "lambda_": 1e-05, "tolerance": 1e-05, "DP": true, "L": 1, "C": 1, "epsilon": 200, "delta": 1e-05, "train_acc": 0.254, "test_acc": 0.1649, "attack_acc_mean": 0.5380083333333333, "attack_acc_std": 0.0032535130585602747, "attack_pre_mean": 0.550907060393924, "attack_pre_std": 0.009920526508204946, "attack_rec_mean": 0.41993333333333327, "attack_rec_std": 0.045091967749872654}