{"n_classes": 100, "alpha": 0.001, "max_iter": 300, "lambda_": 1e-06, "tolerance": 1e-05, "DP": true, "L": 7, "C": 1, "epsilon": 1, "delta": 1e-05, "train_acc": 0.1337, "test_acc": 0.1004, "attack_acc_mean": 0.5137250000000001, "attack_acc_std": 0.0009366384930519476, "attack_pre_mean": 0.545907977980543, "attack_pre_std": 0.007280107727407365, "attack_rec_mean": 0.16591666666666666, "attack_rec_std": 0.017350160101726887}