{"n_classes": 100, "alpha": 0.001, "max_iter": 100, "lambda_": 1e-05, "tolerance": 1e-05, "DP": false, "L": 1, "C": 1, "epsilon": 0, "delta": 1e-05, "train_acc": 0.9999, "test_acc": 0.5402, "attack_acc": 0.85065, "attack_pre": 0.8093515659461844, "attack_rec": 0.9174}