{"n_classes": 100, "alpha": 0.001, "max_iter": 100, "lambda_": 1e-05, "tolerance": 1e-05, "DP": true, "L": 3, "C": 1, "epsilon": 30, "delta": 1e-05, "train_acc": 0.274, "test_acc": 0.2, "attack_acc_mean": 0.5121833333333333, "attack_acc_std": 0.0011908213785264304, "attack_pre_mean": 0.6040445879273586, "attack_pre_std": 0.02150650942109883, "attack_rec_mean": 0.07301666666666667, "attack_rec_std": 0.011408683340138578}