{"n_classes": 100, "alpha": 0.001, "max_iter": 500, "lambda_": 0.001, "tolerance": 1e-05, "DP": true, "L": 20, "C": 1.25, "epsilon": 1000000, "delta": 1e-05, "train_acc": 0.4564, "test_acc": 0.3174, "attack_acc_mean": 0.5052416666666667, "attack_acc_std": 0.0006425318842066823, "attack_pre_mean": 0.6314652361165439, "attack_pre_std": 0.038089504820036355, "attack_rec_mean": 0.027533333333333337, "attack_rec_std": 0.008669807123319157}