{"n_classes": 100, "alpha": 0.001, "max_iter": 100, "lambda_": 1e-05, "tolerance": 1e-05, "DP": true, "L": 10, "C": 1, "epsilon": 0.8, "delta": 1e-05, "train_acc": 0.1145, "test_acc": 0.0987, "attack_acc_mean": 0.50005, "attack_acc_std": 0.0006324555320336676, "attack_pre_mean": 0.5789166644221792, "attack_pre_std": 0.06243812690814553, "attack_rec_mean": 0.006783333333333332, "attack_rec_std": 0.009222511708977237}