{"n_classes": 100, "alpha": 0.001, "max_iter": 100, "lambda_": 1e-05, "tolerance": 1e-05, "DP": true, "L": 15, "C": 1, "epsilon": 30, "delta": 1e-05, "train_acc": 0.1134, "test_acc": 0.0984, "attack_acc_mean": 0.4997583333333333, "attack_acc_std": 0.0009541211779549896, "attack_pre_mean": 0.5837756424921833, "attack_pre_std": 0.06554036591071812, "attack_rec_mean": 0.004683333333333334, "attack_rec_std": 0.007452609535517668}