{"n_classes": 100, "alpha": 0.001, "max_iter": 100, "lambda_": 1e-05, "tolerance": 1e-05, "DP": true, "L": 4, "C": 1, "epsilon": 200, "delta": 1e-05, "train_acc": 0.3253, "test_acc": 0.247, "attack_acc_mean": 0.502225, "attack_acc_std": 0.000660018939122201, "attack_pre_mean": 0.5978158367172322, "attack_pre_std": 0.042709821553728024, "attack_rec_mean": 0.017283333333333335, "attack_rec_std": 0.008219776287845199}