{"n_classes": 100, "alpha": 0.01, "max_iter": 500, "lambda_": 0.0001, "tolerance": 1e-05, "DP": true, "L": 30, "C": 1.1, "epsilon": 1000000, "delta": 1e-05, "train_acc": 0.8622, "test_acc": 0.5279, "attack_acc_mean": 0.6585833333333334, "attack_acc_std": 0.006400434013061598, "attack_pre_mean": 0.6104192414973724, "attack_pre_std": 0.005166214951593295, "attack_rec_mean": 0.87695, "attack_rec_std": 0.011332659293681544}