{"n_classes": 100, "alpha": 0.01, "max_iter": 100, "lambda_": 1e-05, "tolerance": 1e-05, "DP": true, "L": 3, "C": 1, "epsilon": 200, "delta": 1e-05, "train_acc": 0.2813, "test_acc": 0.1693, "attack_acc_mean": 0.5489, "attack_acc_std": 0.004284176311342319, "attack_pre_mean": 0.5602684622457688, "attack_pre_std": 0.012033745618190633, "attack_rec_mean": 0.46515, "attack_rec_std": 0.049120421754432576}