{"n_classes": 100, "alpha": 0.001, "max_iter": 200, "lambda_": 1e-06, "tolerance": 1e-05, "DP": true, "L": 3, "C": 1, "epsilon": 1, "delta": 1e-05, "train_acc": 0.1031, "test_acc": 0.0776, "attack_acc_mean": 0.5092666666666666, "attack_acc_std": 0.0011901213756961512, "attack_pre_mean": 0.5196915922456886, "attack_pre_std": 0.004639623251574012, "attack_rec_mean": 0.2541, "attack_rec_std": 0.04796867033109562}