{"n_classes": 100, "alpha": 0.001, "max_iter": 300, "lambda_": 1e-05, "tolerance": 1e-05, "DP": true, "L": 7, "C": 1, "epsilon": 500, "delta": 1e-05, "train_acc": 0.5108, "test_acc": 0.3508, "attack_acc": 0.50005, "attack_pre": 0.5454545454545454, "attack_rec": 0.0006}