{"n_classes": 100, "alpha": 0.001, "max_iter": 100, "lambda_": 1e-05, "tolerance": 1e-05, "DP": true, "L": 6, "C": 1, "epsilon": 500, "delta": 1e-05, "train_acc": 0.258, "test_acc": 0.1978, "attack_acc_mean": 0.49974999999999997, "attack_acc_std": 0.0010111874208078258, "attack_pre_mean": 0.5505666225583238, "attack_pre_std": 0.052359209617856034, "attack_rec_mean": 0.005316666666666667, "attack_rec_std": 0.0074916434927339015}