{"n_classes": 100, "alpha": 0.001, "max_iter": 300, "lambda_": 1e-06, "tolerance": 1e-05, "DP": true, "L": 1, "C": 1, "epsilon": 100, "delta": 1e-05, "train_acc": 0.248, "test_acc": 0.1555, "attack_acc_mean": 0.5369499999999999, "attack_acc_std": 0.004446253104206587, "attack_pre_mean": 0.5498916904290522, "attack_pre_std": 0.011969507305789466, "attack_rec_mean": 0.42111666666666664, "attack_rec_std": 0.05501016320240794}