{"n_classes": 100, "alpha": 0.001, "max_iter": 500, "lambda_": 0.01, "tolerance": 1e-05, "DP": true, "L": 5, "C": 1, "epsilon": 100000, "delta": 1e-05, "train_acc": 0.6511, "test_acc": 0.4264, "attack_acc_mean": 0.5722250000000001, "attack_acc_std": 0.004186361785608127, "attack_pre_mean": 0.6864569374319133, "attack_pre_std": 0.016417994075667013, "attack_rec_mean": 0.26725, "attack_rec_std": 0.01997621502353904}