{"n_classes": 100, "alpha": 0.001, "max_iter": 50, "lambda_": 1e-05, "tolerance": 1e-05, "DP": true, "L": 5, "C": 1, "epsilon": 1, "delta": 1e-05, "train_acc": 0.1023, "test_acc": 0.0844, "attack_acc_mean": 0.5000583333333334, "attack_acc_std": 0.0008560649637861722, "attack_pre_mean": 0.5794830449905453, "attack_pre_std": 0.06155581459613162, "attack_rec_mean": 0.006516666666666667, "attack_rec_std": 0.007744980453314406}