{"n_classes": 100, "alpha": 0.001, "max_iter": 100, "lambda_": 1e-05, "tolerance": 1e-05, "DP": true, "L": 1, "C": 1, "epsilon": 0.1, "delta": 1e-05, "train_acc": 0.0142, "test_acc": 0.0171, "attack_acc_mean": 0.4974166666666666, "attack_acc_std": 0.0017513486866475958, "attack_pre_mean": 0.496167219568774, "attack_pre_std": 0.0025265393674489545, "attack_rec_mean": 0.33594999999999997, "attack_rec_std": 0.09906480622972687}