{"n_classes": 100, "alpha": 0.001, "max_iter": 100, "lambda_": 1e-05, "tolerance": 1e-05, "DP": true, "L": 10, "C": 1, "epsilon": 0.3, "delta": 1e-05, "train_acc": 0.0467, "test_acc": 0.044, "attack_acc_mean": 0.5017, "attack_acc_std": 0.000767571929311286, "attack_pre_mean": 0.5445799710875373, "attack_pre_std": 0.025425581822589204, "attack_rec_mean": 0.025966666666666666, "attack_rec_std": 0.011161043360227971}