{"n_classes": 100, "alpha": 0.001, "max_iter": 100, "lambda_": 1e-05, "tolerance": 1e-05, "DP": true, "L": 5, "C": 1, "epsilon": 10, "delta": 1e-05, "train_acc": 0.2471, "test_acc": 0.1929, "attack_acc_mean": 0.50055, "attack_acc_std": 0.0008062257748298465, "attack_pre_mean": 0.5745470819476807, "attack_pre_std": 0.048843941413405936, "attack_rec_mean": 0.00985, "attack_rec_std": 0.008664631171223236}