{"n_classes": 100, "alpha": 0.001, "max_iter": 500, "lambda_": 1e-05, "tolerance": 1e-05, "DP": true, "L": 10, "C": 0.9, "epsilon": 1000000, "delta": 1e-05, "train_acc": 0.5769, "test_acc": 0.3922, "attack_acc_mean": 0.5247916666666667, "attack_acc_std": 0.002356448009658219, "attack_pre_mean": 0.6601212022354911, "attack_pre_std": 0.018015314208839308, "attack_rec_mean": 0.10353333333333335, "attack_rec_std": 0.016440870482496428}