{"n_classes": 100, "alpha": 0.001, "max_iter": 300, "lambda_": 1e-06, "tolerance": 1e-05, "DP": true, "L": 10, "C": 1, "epsilon": 100, "delta": 1e-05, "train_acc": 0.4217, "test_acc": 0.3055, "attack_acc_mean": 0.504875, "attack_acc_std": 0.00047849590733185836, "attack_pre_mean": 0.6504227466164041, "attack_pre_std": 0.046392070397094774, "attack_rec_mean": 0.023683333333333334, "attack_rec_std": 0.008356916629687983}