{"n_classes": 100, "alpha": 0.001, "max_iter": 100, "lambda_": 1e-05, "tolerance": 1e-05, "DP": true, "L": 10, "C": 1, "epsilon": 1, "delta": 1e-05, "train_acc": 0.1344, "test_acc": 0.1138, "attack_acc_mean": 0.4996583333333333, "attack_acc_std": 0.0011497886279177064, "attack_pre_mean": 0.5383996759472044, "attack_pre_std": 0.048049181931957015, "attack_rec_mean": 0.0057, "attack_rec_std": 0.008207313811473278}