{"n_classes": 100, "alpha": 0.001, "max_iter": 200, "lambda_": 1e-05, "tolerance": 1e-05, "DP": true, "L": 15, "C": 1, "epsilon": 5, "delta": 1e-05, "train_acc": 0.2218, "test_acc": 0.1745, "attack_acc_mean": 0.49974999999999997, "attack_acc_std": 0.0009233092656309704, "attack_pre_mean": 0.5821217494089834, "attack_pre_std": 0.06603909134022146, "attack_rec_mean": 0.004733333333333333, "attack_rec_std": 0.007561451947579616}