{"n_classes": 100, "alpha": 0.01, "max_iter": 300, "lambda_": 1e-05, "tolerance": 1e-05, "DP": true, "L": 10, "C": 1.5, "epsilon": 1000000, "delta": 1e-05, "train_acc": 0.8962, "test_acc": 0.4829, "attack_acc_mean": 0.6541750000000001, "attack_acc_std": 0.00671141751048169, "attack_pre_mean": 0.5998977193639681, "attack_pre_std": 0.0055868614742883346, "attack_rec_mean": 0.9263833333333332, "attack_rec_std": 0.00810173163931981}