{"n_classes": 100, "alpha": 0.001, "max_iter": 300, "lambda_": 1e-05, "tolerance": 1e-05, "DP": true, "L": 5, "C": 1, "epsilon": 100, "delta": 1e-05, "train_acc": 0.5079, "test_acc": 0.3474, "attack_acc_mean": 0.5591416666666666, "attack_acc_std": 0.0032866417341853547, "attack_pre_mean": 0.6463596507280891, "attack_pre_std": 0.013215069487791923, "attack_rec_mean": 0.26230000000000003, "attack_rec_std": 0.014550257729676126}