{"n_classes": 100, "alpha": 0.001, "max_iter": 100, "lambda_": 1e-05, "tolerance": 1e-05, "DP": true, "L": 5, "C": 1, "epsilon": 100, "delta": 1e-05, "train_acc": 0.2981, "test_acc": 0.2202, "attack_acc_mean": 0.499975, "attack_acc_std": 0.001064874797022324, "attack_pre_mean": 0.5508882223067187, "attack_pre_std": 0.05040412840625211, "attack_rec_mean": 0.006566666666666668, "attack_rec_std": 0.0073161161524100725}