{"n_classes": 100, "alpha": 0.001, "max_iter": 200, "lambda_": 1e-05, "tolerance": 1e-05, "DP": true, "L": 1, "C": 1, "epsilon": 70, "delta": 1e-05, "train_acc": 0.2019, "test_acc": 0.1356, "attack_acc_mean": 0.5286749999999999, "attack_acc_std": 0.003126066484684332, "attack_pre_mean": 0.5414005607010272, "attack_pre_std": 0.008845715634443219, "attack_rec_mean": 0.38589999999999997, "attack_rec_std": 0.052268792473776034}