{"n_classes": 100, "alpha": 0.001, "max_iter": 500, "lambda_": 1e-06, "tolerance": 1e-05, "DP": true, "L": 3, "C": 1, "epsilon": 200, "delta": 1e-05, "train_acc": 0.5725, "test_acc": 0.3502, "attack_acc": 0.55425, "attack_pre": 0.717434869739479, "attack_rec": 0.179}