{"n_classes": 100, "alpha": 0.001, "max_iter": 200, "lambda_": 1e-05, "tolerance": 1e-05, "DP": true, "L": 15, "C": 1, "epsilon": 1, "delta": 1e-05, "train_acc": 0.1457, "test_acc": 0.1175, "attack_acc_mean": 0.5002083333333333, "attack_acc_std": 0.0005798107928933015, "attack_pre_mean": 0.5807174944815626, "attack_pre_std": 0.06488781162398367, "attack_rec_mean": 0.006783333333333333, "attack_rec_std": 0.007411121522564733}