{"n_classes": 100, "alpha": 0.001, "max_iter": 50, "lambda_": 1e-05, "tolerance": 1e-05, "DP": true, "L": 5, "C": 1, "epsilon": 30, "delta": 1e-05, "train_acc": 0.1598, "test_acc": 0.1284, "attack_acc_mean": 0.4997583333333333, "attack_acc_std": 0.0009795477981644931, "attack_pre_mean": 0.5793422733077905, "attack_pre_std": 0.07083410869391771, "attack_rec_mean": 0.004733333333333333, "attack_rec_std": 0.007411402626283967}