{"n_classes": 100, "alpha": 0.001, "max_iter": 500, "lambda_": 1e-06, "tolerance": 1e-05, "DP": true, "L": 10, "C": 1, "epsilon": 500, "delta": 1e-05, "train_acc": 0.5741, "test_acc": 0.3931, "attack_acc_mean": 0.5381666666666667, "attack_acc_std": 0.003046263649492969, "attack_pre_mean": 0.6644697040969144, "attack_pre_std": 0.012070917896107891, "attack_rec_mean": 0.15516666666666667, "attack_rec_std": 0.019034588399951168}