{"n_classes": 100, "alpha": 0.001, "max_iter": 500, "lambda_": 0.01, "tolerance": 1e-05, "DP": true, "L": 5, "C": 1, "epsilon": 50000, "delta": 1e-05, "train_acc": 0.6499, "test_acc": 0.4241, "attack_acc_mean": 0.5730833333333333, "attack_acc_std": 0.003895474582412553, "attack_pre_mean": 0.683610433470082, "attack_pre_std": 0.012414301034122485, "attack_rec_mean": 0.27291666666666664, "attack_rec_std": 0.018001334827049787}