{"n_classes": 100, "alpha": 0.001, "max_iter": 200, "lambda_": 1e-06, "tolerance": 1e-05, "DP": true, "L": 7, "C": 1, "epsilon": 500, "delta": 1e-05, "train_acc": 0.3976, "test_acc": 0.2915, "attack_acc_mean": 0.5028583333333333, "attack_acc_std": 0.0004876958296133003, "attack_pre_mean": 0.5897716748943206, "attack_pre_std": 0.029876955939654108, "attack_rec_mean": 0.021566666666666668, "attack_rec_std": 0.008177136146326265}