{"n_classes": 100, "alpha": 0.001, "max_iter": 500, "lambda_": 1e-06, "tolerance": 1e-05, "DP": true, "L": 3, "C": 1, "epsilon": 10000, "delta": 1e-05, "train_acc": 0.7202, "test_acc": 0.4273, "attack_acc_mean": 0.63715, "attack_acc_std": 0.0036891733491393364, "attack_pre_mean": 0.6111193564045353, "attack_pre_std": 0.004119068460463964, "attack_rec_mean": 0.7545499999999999, "attack_rec_std": 0.008105707865448885}