{"n_classes": 100, "alpha": 0.001, "max_iter": 200, "lambda_": 1e-06, "tolerance": 1e-05, "DP": true, "L": 7, "C": 1, "epsilon": 10, "delta": 1e-05, "train_acc": 0.3384, "test_acc": 0.2559, "attack_acc_mean": 0.504475, "attack_acc_std": 0.0003473110997362535, "attack_pre_mean": 0.6024916531411889, "attack_pre_std": 0.025249702291952326, "attack_rec_mean": 0.02835, "attack_rec_std": 0.008462416912442924}