{"n_classes": 100, "alpha": 0.001, "max_iter": 200, "lambda_": 1e-05, "tolerance": 1e-05, "DP": true, "L": 3, "C": 1, "epsilon": 100, "delta": 1e-05, "train_acc": 0.4259, "test_acc": 0.2847, "attack_acc_mean": 0.5580083333333333, "attack_acc_std": 0.0032819476771508136, "attack_pre_mean": 0.6149283653804913, "attack_pre_std": 0.00931004870854312, "attack_rec_mean": 0.31124999999999997, "attack_rec_std": 0.013998303468635055}