{"n_classes": 100, "alpha": 0.001, "max_iter": 100, "lambda_": 1e-05, "tolerance": 1e-05, "DP": true, "L": 5, "C": 1, "epsilon": 1, "delta": 1e-05, "train_acc": 0.122, "test_acc": 0.103, "attack_acc_mean": 0.5042249999999999, "attack_acc_std": 0.0007010408927682675, "attack_pre_mean": 0.5693317718053021, "attack_pre_std": 0.02084653789627878, "attack_rec_mean": 0.03776666666666667, "attack_rec_std": 0.010494548849548301}