{"n_classes": 100, "alpha": 0.001, "max_iter": 200, "lambda_": 1e-05, "tolerance": 1e-05, "DP": true, "L": 15, "C": 1, "epsilon": 70, "delta": 1e-05, "train_acc": 0.2232, "test_acc": 0.1745, "attack_acc_mean": 0.4997916666666667, "attack_acc_std": 0.0009567378022333214, "attack_pre_mean": 0.5860398801386415, "attack_pre_std": 0.0639529065671088, "attack_rec_mean": 0.004883333333333334, "attack_rec_std": 0.007713282195163239}