{"n_classes": 100, "alpha": 0.001, "max_iter": 100, "lambda_": 1e-05, "tolerance": 1e-05, "DP": true, "L": 10, "C": 1, "epsilon": 100, "delta": 1e-05, "train_acc": 0.164, "test_acc": 0.1359, "attack_acc_mean": 0.4997416666666667, "attack_acc_std": 0.0009909661391232676, "attack_pre_mean": 0.5834534416491964, "attack_pre_std": 0.06590894896560495, "attack_rec_mean": 0.004783333333333333, "attack_rec_std": 0.007635098049286742}