{"n_classes": 100, "alpha": 0.01, "max_iter": 300, "lambda_": 1e-05, "tolerance": 1e-05, "DP": true, "L": 50, "C": 1.5, "epsilon": 1000000, "delta": 1e-05, "train_acc": 0.7494, "test_acc": 0.4875, "attack_acc_mean": 0.6371, "attack_acc_std": 0.008907113262256565, "attack_pre_mean": 0.6629316085630726, "attack_pre_std": 0.012530192537538436, "attack_rec_mean": 0.5586333333333333, "attack_rec_std": 0.01931792489431052}