{"n_classes": 100, "alpha": 0.01, "max_iter": 500, "lambda_": 1e-05, "tolerance": 1e-05, "DP": true, "L": 10, "C": 1.25, "epsilon": 100000, "delta": 1e-05, "train_acc": 0.9095, "test_acc": 0.4719, "attack_acc_mean": 0.6579, "attack_acc_std": 0.008668285105294278, "attack_pre_mean": 0.6022276475875722, "attack_pre_std": 0.007440362656171498, "attack_rec_mean": 0.9312166666666667, "attack_rec_std": 0.008957941851911212}