{"n_classes": 100, "alpha": 0.001, "max_iter": 100, "lambda_": 0.1, "tolerance": 1e-05, "DP": false, "L": 10, "C": 1, "epsilon": 0, "delta": 1e-05, "train_acc": 0.2185, "test_acc": 0.1688, "attack_acc_mean": 0.4999583333333333, "attack_acc_std": 0.000516733866597566, "attack_pre_mean": 0.5873949057039763, "attack_pre_std": 0.05821344080886536, "attack_rec_mean": 0.004333333333333334, "attack_rec_std": 0.006693446214187593}