{"n_classes": 100, "alpha": 0.001, "max_iter": 300, "lambda_": 1e-05, "tolerance": 1e-05, "DP": true, "L": 1, "C": 1, "epsilon": 1, "delta": 1e-05, "train_acc": 0.0658, "test_acc": 0.0547, "attack_acc_mean": 0.5022916666666668, "attack_acc_std": 0.002227744873683307, "attack_pre_mean": 0.5042554688793336, "attack_pre_std": 0.0043005925572067415, "attack_rec_mean": 0.31448333333333334, "attack_rec_std": 0.08998684008725326}