{"n_classes": 100, "alpha": 0.001, "max_iter": 500, "lambda_": 0.0001, "tolerance": 1e-05, "DP": true, "L": 5, "C": 1, "epsilon": 1000, "delta": 1e-05, "train_acc": 0.6678, "test_acc": 0.4334, "attack_acc_mean": 0.6239916666666666, "attack_acc_std": 0.004898759763677145, "attack_pre_mean": 0.6365000373841793, "attack_pre_std": 0.007566803580969766, "attack_rec_mean": 0.5788166666666666, "attack_rec_std": 0.015656672344048377}