{"n_classes": 100, "alpha": 0.001, "max_iter": 200, "lambda_": 1e-05, "tolerance": 1e-05, "DP": true, "L": 10, "C": 1, "epsilon": 200, "delta": 1e-05, "train_acc": 0.3196, "test_acc": 0.2379, "attack_acc_mean": 0.5001416666666667, "attack_acc_std": 0.0009488662825826523, "attack_pre_mean": 0.6373339774819676, "attack_pre_std": 0.09277324323646115, "attack_rec_mean": 0.006033333333333332, "attack_rec_std": 0.0076410441404009405}