{"n_classes": 100, "alpha": 0.01, "max_iter": 300, "lambda_": 1e-05, "tolerance": 1e-05, "DP": true, "L": 50, "C": 0.9, "epsilon": 1000000, "delta": 1e-05, "train_acc": 0.6234, "test_acc": 0.4191, "attack_acc_mean": 0.5476333333333333, "attack_acc_std": 0.003159729242971449, "attack_pre_mean": 0.6735702062358606, "attack_pre_std": 0.015532102356886427, "attack_rec_mean": 0.18633333333333335, "attack_rec_std": 0.021711185033423563}