{"n_classes": 100, "alpha": 0.001, "max_iter": 100, "lambda_": 1e-05, "tolerance": 1e-05, "DP": true, "L": 10, "C": 1, "epsilon": 70, "delta": 1e-05, "train_acc": 0.1691, "test_acc": 0.1384, "attack_acc_mean": 0.4997749999999999, "attack_acc_std": 0.0009173103800422722, "attack_pre_mean": 0.5841522536687631, "attack_pre_std": 0.06448262547120165, "attack_rec_mean": 0.004816666666666667, "attack_rec_std": 0.007707662132939894}