{"n_classes": 100, "alpha": 0.001, "max_iter": 200, "lambda_": 1e-06, "tolerance": 1e-05, "DP": true, "L": 5, "C": 1, "epsilon": 10, "delta": 1e-05, "train_acc": 0.3492, "test_acc": 0.2565, "attack_acc_mean": 0.52185, "attack_acc_std": 0.001049206049035813, "attack_pre_mean": 0.6191439773748529, "attack_pre_std": 0.018255956822372393, "attack_rec_mean": 0.11581666666666668, "attack_rec_std": 0.014510963288340149}