{"n_classes": 100, "alpha": 0.001, "max_iter": 200, "lambda_": 1e-05, "tolerance": 1e-05, "DP": true, "L": 5, "C": 1.25, "epsilon": 100000, "delta": 1e-05, "train_acc": 0.5642, "test_acc": 0.3843, "attack_acc_mean": 0.5378166666666667, "attack_acc_std": 0.0023814678013546198, "attack_pre_mean": 0.6661174949371474, "attack_pre_std": 0.014793017334129084, "attack_rec_mean": 0.153, "attack_rec_std": 0.01863285628488915}