{"n_classes": 100, "alpha": 0.01, "max_iter": 500, "lambda_": 0.0001, "tolerance": 1e-05, "DP": true, "L": 20, "C": 2, "epsilon": 1000000, "delta": 1e-05, "train_acc": 0.9377, "test_acc": 0.5137, "attack_acc_mean": 0.6530416666666666, "attack_acc_std": 0.005955838638587266, "attack_pre_mean": 0.5958595742166314, "attack_pre_std": 0.004769863710164693, "attack_rec_mean": 0.9517333333333333, "attack_rec_std": 0.0063617782279974285}