{"n_classes": 100, "alpha": 0.001, "max_iter": 100, "lambda_": 1e-05, "tolerance": 1e-05, "DP": true, "L": 6, "C": 1, "epsilon": 200, "delta": 1e-05, "train_acc": 0.2685, "test_acc": 0.2094, "attack_acc_mean": 0.49982499999999996, "attack_acc_std": 0.0008596268570335259, "attack_pre_mean": 0.5792342225416982, "attack_pre_std": 0.08032805766090925, "attack_rec_mean": 0.005066666666666666, "attack_rec_std": 0.00802011360407209}