{"n_classes": 100, "alpha": 0.001, "max_iter": 200, "lambda_": 1e-06, "tolerance": 1e-05, "DP": true, "L": 5, "C": 1, "epsilon": 100, "delta": 1e-05, "train_acc": 0.4332, "test_acc": 0.3083, "attack_acc_mean": 0.5188416666666665, "attack_acc_std": 0.0013618053784917013, "attack_pre_mean": 0.6442239443804058, "attack_pre_std": 0.01948822527593243, "attack_rec_mean": 0.08563333333333333, "attack_rec_std": 0.012880562444586375}