{"n_classes": 100, "alpha": 0.001, "max_iter": 500, "lambda_": 0.0001, "tolerance": 1e-05, "DP": true, "L": 5, "C": 1, "epsilon": 100000, "delta": 1e-05, "train_acc": 0.7323, "test_acc": 0.4698, "attack_acc_mean": 0.6406, "attack_acc_std": 0.008165374047362022, "attack_pre_mean": 0.6501443876861074, "attack_pre_std": 0.010990331592695947, "attack_rec_mean": 0.6095833333333334, "attack_rec_std": 0.015525829732703162}