{"n_classes": 100, "alpha": 0.001, "max_iter": 200, "lambda_": 1e-05, "tolerance": 1e-05, "DP": true, "L": 10, "C": 1, "epsilon": 100, "delta": 1e-05, "train_acc": 0.3304, "test_acc": 0.2418, "attack_acc_mean": 0.499825, "attack_acc_std": 0.0010804127297781457, "attack_pre_mean": 0.5456311999629778, "attack_pre_std": 0.06027385802611461, "attack_rec_mean": 0.005666666666666667, "attack_rec_std": 0.007393841281018203}