{"n_classes": 100, "alpha": 0.001, "max_iter": 100, "lambda_": 1e-05, "tolerance": 1e-05, "DP": true, "L": 3, "C": 1, "epsilon": 5, "delta": 1e-05, "train_acc": 0.1965, "test_acc": 0.1501, "attack_acc_mean": 0.5121583333333334, "attack_acc_std": 0.000799696122842212, "attack_pre_mean": 0.5749215616285287, "attack_pre_std": 0.011826266438019593, "attack_rec_mean": 0.09513333333333333, "attack_rec_std": 0.011799670428542578}