{"n_classes": 100, "alpha": 0.001, "max_iter": 100, "lambda_": 1e-05, "tolerance": 1e-05, "DP": true, "L": 10, "C": 1, "epsilon": 30, "delta": 1e-05, "train_acc": 0.1723, "test_acc": 0.1406, "attack_acc_mean": 0.4997583333333333, "attack_acc_std": 0.0010043308994328358, "attack_pre_mean": 0.5849409237379162, "attack_pre_std": 0.06534404182185992, "attack_rec_mean": 0.0048, "attack_rec_std": 0.007601534932718085}