{"n_classes": 100, "alpha": 0.001, "max_iter": 100, "lambda_": 1e-05, "tolerance": 1e-05, "DP": true, "L": 4, "C": 1, "epsilon": 1000, "delta": 1e-05, "train_acc": 0.3528, "test_acc": 0.2612, "attack_acc_mean": 0.5012, "attack_acc_std": 0.0007593857166596385, "attack_pre_mean": 0.5835817531387428, "attack_pre_std": 0.04197072017072633, "attack_rec_mean": 0.012950000000000001, "attack_rec_std": 0.008715646849201727}