{"n_classes": 100, "alpha": 0.001, "max_iter": 100, "lambda_": 1e-05, "tolerance": 1e-05, "DP": true, "L": 15, "C": 1, "epsilon": 1, "delta": 1e-05, "train_acc": 0.0975, "test_acc": 0.0833, "attack_acc_mean": 0.4997916666666666, "attack_acc_std": 0.000923948351129823, "attack_pre_mean": 0.5966191520467836, "attack_pre_std": 0.07726564315258273, "attack_rec_mean": 0.004833333333333333, "attack_rec_std": 0.007653031352927341}