{"n_classes": 100, "alpha": 0.01, "max_iter": 100, "lambda_": 0.0001, "tolerance": 1e-05, "DP": true, "L": 50, "C": 2, "epsilon": 1000000, "delta": 1e-05, "train_acc": 0.5407, "test_acc": 0.3747, "attack_acc_mean": 0.5152, "attack_acc_std": 0.0015027752105133251, "attack_pre_mean": 0.6461681895633545, "attack_pre_std": 0.01824027756906885, "attack_rec_mean": 0.06866666666666667, "attack_rec_std": 0.014232201360139463}