{"n_classes": 100, "alpha": 0.001, "max_iter": 200, "lambda_": 1e-06, "tolerance": 1e-05, "DP": true, "L": 10, "C": 1, "epsilon": 200, "delta": 1e-05, "train_acc": 0.3253, "test_acc": 0.2426, "attack_acc_mean": 0.5002583333333334, "attack_acc_std": 0.0007742828222871211, "attack_pre_mean": 0.6413628582685854, "attack_pre_std": 0.09187548221894817, "attack_rec_mean": 0.006366666666666667, "attack_rec_std": 0.008002638453798987}