{"n_classes": 100, "alpha": 0.001, "max_iter": 400, "lambda_": 1e-06, "tolerance": 1e-05, "DP": true, "L": 3, "C": 1, "epsilon": 10, "delta": 1e-05, "train_acc": 0.3555, "test_acc": 0.2244, "attack_acc_mean": 0.5618166666666666, "attack_acc_std": 0.002848488878140266, "attack_pre_mean": 0.5792388643069872, "attack_pre_std": 0.007249729819450073, "attack_rec_mean": 0.4537333333333333, "attack_rec_std": 0.01963217314059302}