{"n_classes": 100, "alpha": 0.001, "max_iter": 100, "lambda_": 1e-05, "tolerance": 1e-05, "DP": true, "L": 100, "C": 1, "epsilon": 1, "delta": 1e-05, "train_acc": 0.0293, "test_acc": 0.0227, "attack_acc_mean": 0.4998416666666666, "attack_acc_std": 0.0004936401073206494, "attack_pre_mean": 0.5767730280518005, "attack_pre_std": 0.06877535552136506, "attack_rec_mean": 0.005, "attack_rec_std": 0.006538603316713236}