{"n_classes": 100, "alpha": 0.01, "max_iter": 300, "lambda_": 1e-05, "tolerance": 1e-05, "DP": true, "L": 30, "C": 1.5, "epsilon": 1000000, "delta": 1e-05, "train_acc": 0.8353, "test_acc": 0.521, "attack_acc_mean": 0.6637333333333334, "attack_acc_std": 0.008671729290567646, "attack_pre_mean": 0.6229092289539847, "attack_pre_std": 0.00752922589148283, "attack_rec_mean": 0.8302333333333335, "attack_rec_std": 0.013776146856876266}