{"n_classes": 100, "alpha": 0.001, "max_iter": 100, "lambda_": 1e-05, "tolerance": 1e-05, "DP": true, "L": 3, "C": 1, "epsilon": 100, "delta": 1e-05, "train_acc": 0.3205, "test_acc": 0.2327, "attack_acc_mean": 0.5136999999999999, "attack_acc_std": 0.001072769002783608, "attack_pre_mean": 0.6434528001791664, "attack_pre_std": 0.023212835442746306, "attack_rec_mean": 0.06275, "attack_rec_std": 0.009133956791372877}