{"n_classes": 100, "alpha": 0.001, "max_iter": 500, "lambda_": 0.0005, "tolerance": 1e-05, "DP": true, "L": 5, "C": 1, "epsilon": 100000, "delta": 1e-05, "train_acc": 0.7275, "test_acc": 0.4652, "attack_acc_mean": 0.6393, "attack_acc_std": 0.00814918196303571, "attack_pre_mean": 0.6531752695640183, "attack_pre_std": 0.011005032526663332, "attack_rec_mean": 0.5947333333333334, "attack_rec_std": 0.01658288944129526}