{"n_classes": 100, "alpha": 0.001, "max_iter": 300, "lambda_": 1e-05, "tolerance": 1e-05, "DP": true, "L": 1, "C": 1, "epsilon": 200, "delta": 1e-05, "train_acc": 0.2756, "test_acc": 0.1616, "attack_acc_mean": 0.5462166666666666, "attack_acc_std": 0.0038955815426654217, "attack_pre_mean": 0.5603001184777165, "attack_pre_std": 0.011021002651759062, "attack_rec_mean": 0.4379166666666667, "attack_rec_std": 0.0452925827874229}