{"n_classes": 100, "alpha": 0.01, "max_iter": 500, "lambda_": 0.0001, "tolerance": 1e-05, "DP": true, "L": 100, "C": 2.5, "epsilon": 1000000, "delta": 1e-05, "train_acc": 0.8212, "test_acc": 0.5211, "attack_acc_mean": 0.6664083333333334, "attack_acc_std": 0.008900534472091477, "attack_pre_mean": 0.6389426642569881, "attack_pre_std": 0.008465305360009005, "attack_rec_mean": 0.7656833333333334, "attack_rec_std": 0.017294066098584863}