{"n_classes": 100, "alpha": 0.001, "max_iter": 200, "lambda_": 1e-05, "tolerance": 1e-05, "DP": true, "L": 3, "C": 1, "epsilon": 500, "delta": 1e-05, "train_acc": 0.4854, "test_acc": 0.3268, "attack_acc": 0.50495, "attack_pre": 0.7239819004524887, "attack_rec": 0.016}