{"n_classes": 100, "alpha": 0.001, "max_iter": 300, "lambda_": 1e-06, "tolerance": 1e-05, "DP": true, "L": 3, "C": 1, "epsilon": 200, "delta": 1e-05, "train_acc": 0.5044, "test_acc": 0.3305, "attack_acc_mean": 0.5874833333333334, "attack_acc_std": 0.0027405392818851486, "attack_pre_mean": 0.6095657752126914, "attack_pre_std": 0.0060140777119538375, "attack_rec_mean": 0.48734999999999995, "attack_rec_std": 0.01149865934214363}