{"n_classes": 100, "alpha": 0.001, "max_iter": 200, "lambda_": 1e-05, "tolerance": 1e-05, "DP": true, "L": 10, "C": 1, "epsilon": 5, "delta": 1e-05, "train_acc": 0.2816, "test_acc": 0.2202, "attack_acc_mean": 0.5006499999999999, "attack_acc_std": 0.000695221787153813, "attack_pre_mean": 0.6390580490564184, "attack_pre_std": 0.08276727338659255, "attack_rec_mean": 0.0083, "attack_rec_std": 0.009059985283284588}