{"n_classes": 100, "alpha": 0.001, "max_iter": 500, "lambda_": 0.001, "tolerance": 1e-05, "DP": true, "L": 5, "C": 1, "epsilon": 50000, "delta": 1e-05, "train_acc": 0.7152, "test_acc": 0.4667, "attack_acc": 0.51185, "attack_pre": 0.7309941520467836, "attack_rec": 0.0375}