{"n_classes": 100, "alpha": 0.001, "max_iter": 100, "lambda_": 1e-05, "tolerance": 1e-05, "DP": true, "L": 100, "C": 1, "epsilon": 500, "delta": 1e-05, "train_acc": 0.0293, "test_acc": 0.0225, "attack_acc_mean": 0.4998916666666666, "attack_acc_std": 0.000443862466186185, "attack_pre_mean": 0.5787251413530903, "attack_pre_std": 0.06609668428006625, "attack_rec_mean": 0.005083333333333333, "attack_rec_std": 0.006716749379143324}