{"n_classes": 100, "alpha": 0.01, "max_iter": 500, "lambda_": 0.0001, "tolerance": 1e-05, "DP": true, "L": 70, "C": 2, "epsilon": 1000000, "delta": 1e-05, "train_acc": 0.8369, "test_acc": 0.5235, "attack_acc_mean": 0.6663333333333333, "attack_acc_std": 0.008151414328541719, "attack_pre_mean": 0.6278521613894826, "attack_pre_std": 0.007124861692646321, "attack_rec_mean": 0.8171833333333334, "attack_rec_std": 0.015422971683678717}