{"n_classes": 100, "alpha": 0.01, "max_iter": 500, "lambda_": 0.0001, "tolerance": 1e-05, "DP": true, "L": 50, "C": 2, "epsilon": 10000, "delta": 1e-05, "train_acc": 0.8699, "test_acc": 0.5279, "attack_acc_mean": 0.6567916666666668, "attack_acc_std": 0.005112437177011456, "attack_pre_mean": 0.6068838652822323, "attack_pre_std": 0.004145335291425852, "attack_rec_mean": 0.8904833333333332, "attack_rec_std": 0.010405674199952449}