{"n_classes": 100, "alpha": 0.001, "max_iter": 300, "lambda_": 1e-05, "tolerance": 1e-05, "DP": true, "L": 5, "C": 1, "epsilon": 10, "delta": 1e-05, "train_acc": 0.3869, "test_acc": 0.2723, "attack_acc_mean": 0.5468583333333333, "attack_acc_std": 0.0021697574109153963, "attack_pre_mean": 0.6140862085367521, "attack_pre_std": 0.00802729755378645, "attack_rec_mean": 0.2529666666666667, "attack_rec_std": 0.013740410797675916}