{"n_classes": 100, "alpha": 0.01, "max_iter": 100, "lambda_": 0.001, "tolerance": 1e-05, "DP": true, "L": 3, "C": 1, "epsilon": 200, "delta": 1e-05, "train_acc": 0.284, "test_acc": 0.1793, "attack_acc_mean": 0.5451916666666666, "attack_acc_std": 0.002616839166288667, "attack_pre_mean": 0.5569817458486132, "attack_pre_std": 0.00891204923372316, "attack_rec_mean": 0.44926666666666665, "attack_rec_std": 0.0471946913210468}