{"n_classes": 100, "alpha": 0.001, "max_iter": 100, "lambda_": 1e-05, "tolerance": 1e-05, "DP": true, "L": 10, "C": 1, "epsilon": 0.6, "delta": 1e-05, "train_acc": 0.0936, "test_acc": 0.0797, "attack_acc_mean": 0.4996416666666667, "attack_acc_std": 0.000554088340329309, "attack_pre_mean": 0.48167597071900575, "attack_pre_std": 0.019451536454249276, "attack_rec_mean": 0.008083333333333333, "attack_rec_std": 0.007971285272080587}