{"n_classes": 100, "alpha": 0.001, "max_iter": 300, "lambda_": 1e-05, "tolerance": 1e-05, "DP": true, "L": 7, "C": 1, "epsilon": 100, "delta": 1e-05, "train_acc": 0.4744, "test_acc": 0.33, "attack_acc_mean": 0.5232916666666667, "attack_acc_std": 0.002013375413467536, "attack_pre_mean": 0.6463322393260774, "attack_pre_std": 0.016275483327878974, "attack_rec_mean": 0.10429999999999999, "attack_rec_std": 0.016624780700307998}