{"n_classes": 100, "alpha": 0.01, "max_iter": 500, "lambda_": 0.0001, "tolerance": 1e-05, "DP": true, "L": 50, "C": 1.5, "epsilon": 1000000, "delta": 1e-05, "train_acc": 0.8377, "test_acc": 0.5237, "attack_acc_mean": 0.6652583333333334, "attack_acc_std": 0.008274832156740236, "attack_pre_mean": 0.624242671577114, "attack_pre_std": 0.007345663281780745, "attack_rec_mean": 0.8307833333333333, "attack_rec_std": 0.014568849950798754}