{"n_classes": 100, "alpha": 0.001, "max_iter": 400, "lambda_": 1e-06, "tolerance": 1e-05, "DP": true, "L": 5, "C": 1, "epsilon": 100, "delta": 1e-05, "train_acc": 0.5614, "test_acc": 0.3701, "attack_acc_mean": 0.5932833333333333, "attack_acc_std": 0.004899716545089339, "attack_pre_mean": 0.6364171780596048, "attack_pre_std": 0.010205358161132955, "attack_rec_mean": 0.43605, "attack_rec_std": 0.013252892765983845}