{"n_classes": 100, "alpha": 0.0001, "max_iter": 100, "lambda_": 1e-07, "tolerance": 1e-05, "DP": true, "L": 3, "C": 1, "epsilon": 200, "delta": 1e-05, "train_acc": 0.0457, "test_acc": 0.0379, "attack_acc_mean": 0.4999583333333333, "attack_acc_std": 0.0005703921652882506, "attack_pre_mean": 0.5883667097329889, "attack_pre_std": 0.058591055877944546, "attack_rec_mean": 0.00425, "attack_rec_std": 0.0064471569961753955}