{"n_classes": 100, "alpha": 0.01, "max_iter": 500, "lambda_": 0.005, "tolerance": 1e-05, "DP": true, "L": 10, "C": 1.25, "epsilon": 100000, "delta": 1e-05, "train_acc": 0.7546, "test_acc": 0.4308, "attack_acc_mean": 0.6649750000000001, "attack_acc_std": 0.007480349256552149, "attack_pre_mean": 0.657627145832319, "attack_pre_std": 0.008152512099725605, "attack_rec_mean": 0.6885666666666667, "attack_rec_std": 0.012817392697251451}