{"n_classes": 100, "alpha": 0.01, "max_iter": 100, "lambda_": 0.01, "tolerance": 1e-05, "DP": true, "L": 3, "C": 1, "epsilon": 200, "delta": 1e-05, "train_acc": 0.2159, "test_acc": 0.1452, "attack_acc_mean": 0.531875, "attack_acc_std": 0.0021234307931584156, "attack_pre_mean": 0.5643645059412203, "attack_pre_std": 0.006935778425228708, "attack_rec_mean": 0.28115, "attack_rec_std": 0.018713074751805666}