{"n_classes": 100, "alpha": 0.001, "max_iter": 500, "lambda_": 0.005, "tolerance": 1e-05, "DP": false, "L": 10, "C": 1.25, "epsilon": 100000, "delta": 1e-05, "train_acc": 0.9379, "test_acc": 0.5313, "attack_acc_mean": 0.7288583333333333, "attack_acc_std": 0.009206357254033163, "attack_pre_mean": 0.6792521726979034, "attack_pre_std": 0.006841981017307924, "attack_rec_mean": 0.8673833333333333, "attack_rec_std": 0.022825819931725434}