{"n_classes": 100, "alpha": 0.001, "max_iter": 100, "lambda_": 1e-05, "tolerance": 1e-05, "DP": true, "L": 3, "C": 1, "epsilon": 70, "delta": 1e-05, "train_acc": 0.3123, "test_acc": 0.2378, "attack_acc_mean": 0.5113, "attack_acc_std": 0.0007963458210266658, "attack_pre_mean": 0.6132205761240107, "attack_pre_std": 0.012298866243714034, "attack_rec_mean": 0.062099999999999995, "attack_rec_std": 0.009766439132730688}