{"n_classes": 100, "alpha": 0.01, "max_iter": 50, "lambda_": 0.0001, "tolerance": 1e-05, "DP": true, "L": 50, "C": 2, "epsilon": 1000000, "delta": 1e-05, "train_acc": 0.3421, "test_acc": 0.2503, "attack_acc_mean": 0.500125, "attack_acc_std": 0.0009263503656824404, "attack_pre_mean": 0.6203949498020644, "attack_pre_std": 0.08034443942917069, "attack_rec_mean": 0.006083333333333333, "attack_rec_std": 0.0077249415675603806}