{"n_classes": 100, "alpha": 0.01, "max_iter": 500, "lambda_": 0.0001, "tolerance": 1e-05, "DP": true, "L": 50, "C": 4, "epsilon": 1000000, "delta": 1e-05, "train_acc": 0.9471, "test_acc": 0.5385, "attack_acc_mean": 0.6538666666666667, "attack_acc_std": 0.005337264176419289, "attack_pre_mean": 0.5956821595031863, "attack_pre_std": 0.004311868187113165, "attack_rec_mean": 0.9582999999999999, "attack_rec_std": 0.006365008510075466}