{"n_classes": 100, "alpha": 0.01, "max_iter": 500, "lambda_": 0.0001, "tolerance": 1e-05, "DP": true, "L": 10, "C": 1.25, "epsilon": 100000, "delta": 1e-05, "train_acc": 0.9085, "test_acc": 0.464, "attack_acc_mean": 0.6638, "attack_acc_std": 0.008929399009265234, "attack_pre_mean": 0.60643431860512, "attack_pre_std": 0.007625311486387406, "attack_rec_mean": 0.93425, "attack_rec_std": 0.008068405459981942}