{"n_classes": 100, "alpha": 0.01, "max_iter": 10, "lambda_": 0.0001, "tolerance": 1e-05, "DP": true, "L": 50, "C": 2, "epsilon": 1000000, "delta": 1e-05, "train_acc": 0.0533, "test_acc": 0.0441, "attack_acc_mean": 0.49985000000000007, "attack_acc_std": 0.0008036375634160889, "attack_pre_mean": 0.5864197530864198, "attack_pre_std": 0.06262371538562603, "attack_rec_mean": 0.004516666666666666, "attack_rec_std": 0.007021969492639195}