{"n_classes": 100, "alpha": 0.01, "max_iter": 500, "lambda_": 0.0005, "tolerance": 1e-05, "DP": true, "L": 5, "C": 1, "epsilon": 100000, "delta": 1e-05, "train_acc": 0.7912, "test_acc": 0.3863, "attack_acc_mean": 0.660475, "attack_acc_std": 0.007530092407578196, "attack_pre_mean": 0.615967009879831, "attack_pre_std": 0.007581398419846683, "attack_rec_mean": 0.8531999999999998, "attack_rec_std": 0.007307986498801616}