{"n_classes": 100, "alpha": 0.001, "max_iter": 500, "lambda_": 0.0001, "tolerance": 1e-05, "DP": true, "L": 5, "C": 1, "epsilon": 10000, "delta": 1e-05, "train_acc": 0.7088, "test_acc": 0.4509, "attack_acc_mean": 0.63345, "attack_acc_std": 0.007392056547402744, "attack_pre_mean": 0.6432392382019898, "attack_pre_std": 0.00980056840466686, "attack_rec_mean": 0.5999666666666666, "attack_rec_std": 0.01580819056340381}