{"n_classes": 100, "alpha": 0.001, "max_iter": 200, "lambda_": 1e-06, "tolerance": 1e-05, "DP": true, "L": 1, "C": 1, "epsilon": 100, "delta": 1e-05, "train_acc": 0.2199, "test_acc": 0.1457, "attack_acc_mean": 0.5317416666666667, "attack_acc_std": 0.0032248277301103936, "attack_pre_mean": 0.5459776366777179, "attack_pre_std": 0.01041266532994694, "attack_rec_mean": 0.38763333333333333, "attack_rec_std": 0.045501196565462844}