{"n_classes": 100, "alpha": 0.001, "max_iter": 200, "lambda_": 1e-06, "tolerance": 1e-05, "DP": true, "L": 10, "C": 1, "epsilon": 1, "delta": 1e-05, "train_acc": 0.1518, "test_acc": 0.1222, "attack_acc_mean": 0.50215, "attack_acc_std": 0.0011105554165971733, "attack_pre_mean": 0.5529368359950011, "attack_pre_std": 0.028462423645549195, "attack_rec_mean": 0.02803333333333333, "attack_rec_std": 0.010354172535209602}