{"n_classes": 100, "alpha": 0.001, "max_iter": 100, "lambda_": 1e-05, "tolerance": 1e-05, "DP": true, "L": 1, "C": 1, "epsilon": 200, "delta": 1e-05, "train_acc": 0.2119, "test_acc": 0.1536, "attack_acc_mean": 0.5276416666666667, "attack_acc_std": 0.002304599868861322, "attack_pre_mean": 0.5446259221229885, "attack_pre_std": 0.007366222800897834, "attack_rec_mean": 0.3418833333333333, "attack_rec_std": 0.026008615025709367}