{"n_classes": 100, "alpha": 0.001, "max_iter": 300, "lambda_": 1e-06, "tolerance": 1e-05, "DP": true, "L": 7, "C": 1, "epsilon": 100, "delta": 1e-05, "train_acc": 0.4736, "test_acc": 0.3294, "attack_acc_mean": 0.5235333333333333, "attack_acc_std": 0.0018061622912191966, "attack_pre_mean": 0.6465214504305656, "attack_pre_std": 0.016712787859617564, "attack_rec_mean": 0.10528333333333333, "attack_rec_std": 0.015830183897296405}