{"n_classes": 100, "alpha": 0.0001, "max_iter": 500, "lambda_": 0.01, "tolerance": 1e-05, "DP": true, "L": 5, "C": 1, "epsilon": 100000, "delta": 1e-05, "train_acc": 0.1634, "test_acc": 0.1346, "attack_acc_mean": 0.49974999999999997, "attack_acc_std": 0.0009725396307263391, "attack_pre_mean": 0.5836456880520688, "attack_pre_std": 0.06551594093770857, "attack_rec_mean": 0.0048, "attack_rec_std": 0.007671375365604267}