{"n_classes": 100, "alpha": 0.001, "max_iter": 100, "lambda_": 1e-05, "tolerance": 1e-05, "DP": true, "L": 5, "C": 1, "epsilon": 50, "delta": 1e-05, "train_acc": 0.2741, "test_acc": 0.2126, "attack_acc_mean": 0.5004416666666667, "attack_acc_std": 0.0009207861978886436, "attack_pre_mean": 0.5780838310508357, "attack_pre_std": 0.05600331569748626, "attack_rec_mean": 0.008816666666666665, "attack_rec_std": 0.007389049705852272}