{"n_classes": 100, "alpha": 0.001, "max_iter": 400, "lambda_": 1e-06, "tolerance": 1e-05, "DP": true, "L": 10, "C": 1, "epsilon": 100, "delta": 1e-05, "train_acc": 0.5029, "test_acc": 0.3487, "attack_acc_mean": 0.5161916666666667, "attack_acc_std": 0.0014661220579777411, "attack_pre_mean": 0.6475876512140869, "attack_pre_std": 0.018797025182531266, "attack_rec_mean": 0.07256666666666665, "attack_rec_std": 0.014274297024917044}