{"n_classes": 100, "alpha": 0.01, "max_iter": 500, "lambda_": 0.0001, "tolerance": 1e-05, "DP": true, "L": 1, "C": 2, "epsilon": 1000000, "delta": 1e-05, "train_acc": 0.3368, "test_acc": 0.1899, "attack_acc_mean": 0.5556083333333334, "attack_acc_std": 0.005990994399003296, "attack_pre_mean": 0.562864218074883, "attack_pre_std": 0.014370562150237262, "attack_rec_mean": 0.5134500000000001, "attack_rec_std": 0.06384415269492841}