{"n_classes": 100, "alpha": 0.01, "max_iter": 500, "lambda_": 1e-05, "tolerance": 1e-05, "DP": true, "L": 5, "C": 1, "epsilon": 100000, "delta": 1e-05, "train_acc": 0.8598, "test_acc": 0.395, "attack_acc_mean": 0.671625, "attack_acc_std": 0.013595334677748837, "attack_pre_mean": 0.6190226102306281, "attack_pre_std": 0.013077405008000743, "attack_rec_mean": 0.8952, "attack_rec_std": 0.012709445306542664}