{"n_classes": 100, "alpha": 0.01, "max_iter": 500, "lambda_": 0.0001, "tolerance": 1e-05, "DP": true, "L": 30, "C": 1.5, "epsilon": 1000000, "delta": 1e-05, "train_acc": 0.8955, "test_acc": 0.5342, "attack_acc_mean": 0.6528583333333333, "attack_acc_std": 0.005061736910938324, "attack_pre_mean": 0.5995890745428847, "attack_pre_std": 0.003983575549427531, "attack_rec_mean": 0.9205333333333335, "attack_rec_std": 0.006959565759122908}