{"n_classes": 100, "alpha": 0.001, "max_iter": 200, "lambda_": 1e-05, "tolerance": 1e-05, "DP": true, "L": 5, "C": 1, "epsilon": 50, "delta": 1e-05, "train_acc": 0.4213, "test_acc": 0.3032, "attack_acc_mean": 0.5197999999999999, "attack_acc_std": 0.0011354147553500654, "attack_pre_mean": 0.6398453631319669, "attack_pre_std": 0.014692577284522322, "attack_rec_mean": 0.09181666666666667, "attack_rec_std": 0.013182996203021862}