{"n_classes": 100, "alpha": 0.001, "max_iter": 500, "lambda_": 1e-05, "tolerance": 1e-05, "DP": true, "L": 5, "C": 1.25, "epsilon": 100000, "delta": 1e-05, "train_acc": 0.7649, "test_acc": 0.4855, "attack_acc_mean": 0.6505333333333333, "attack_acc_std": 0.008159741962151043, "attack_pre_mean": 0.6295435127927927, "attack_pre_std": 0.008002254140833621, "attack_rec_mean": 0.7320000000000001, "attack_rec_std": 0.01655878417436901}