{"n_classes": 100, "alpha": 0.01, "max_iter": 500, "lambda_": 0.001, "tolerance": 1e-05, "DP": true, "L": 50, "C": 2, "epsilon": 1000000, "delta": 1e-05, "train_acc": 0.8642, "test_acc": 0.5288, "attack_acc_mean": 0.6673333333333334, "attack_acc_std": 0.0070796460991273315, "attack_pre_mean": 0.6192505936027399, "attack_pre_std": 0.005913250807509851, "attack_rec_mean": 0.8692500000000001, "attack_rec_std": 0.012011487557056917}