{"n_classes": 100, "alpha": 0.001, "max_iter": 100, "lambda_": 1e-07, "tolerance": 1e-05, "DP": true, "L": 3, "C": 1, "epsilon": 0.1, "delta": 1e-05, "train_acc": 0.017, "test_acc": 0.0178, "attack_acc_mean": 0.5002166666666666, "attack_acc_std": 0.0017579975982792487, "attack_pre_mean": 0.5008155328234843, "attack_pre_std": 0.0032585998744534437, "attack_rec_mean": 0.26861666666666667, "attack_rec_std": 0.09469089038667988}