{"n_classes": 100, "alpha": 0.001, "max_iter": 300, "lambda_": 1e-06, "tolerance": 1e-05, "DP": true, "L": 5, "C": 1, "epsilon": 10, "delta": 1e-05, "train_acc": 0.3855, "test_acc": 0.2708, "attack_acc_mean": 0.5464749999999999, "attack_acc_std": 0.0024186342564899567, "attack_pre_mean": 0.6133238857981927, "attack_pre_std": 0.008172360713907307, "attack_rec_mean": 0.25220000000000004, "attack_rec_std": 0.013072107710694558}