{"n_classes": 100, "alpha": 0.001, "max_iter": 50, "lambda_": 1e-05, "tolerance": 1e-05, "DP": true, "L": 5, "C": 1, "epsilon": 5, "delta": 1e-05, "train_acc": 0.1437, "test_acc": 0.1179, "attack_acc_mean": 0.49993333333333334, "attack_acc_std": 0.0006222718234198088, "attack_pre_mean": 0.6172527935905544, "attack_pre_std": 0.08507290036224062, "attack_rec_mean": 0.004583333333333333, "attack_rec_std": 0.006986276229548583}