{"n_classes": 100, "alpha": 0.001, "max_iter": 400, "lambda_": 1e-06, "tolerance": 1e-05, "DP": true, "L": 3, "C": 1, "epsilon": 1, "delta": 1e-05, "train_acc": 0.094, "test_acc": 0.0766, "attack_acc_mean": 0.5034416666666667, "attack_acc_std": 0.0015098059109994741, "attack_pre_mean": 0.506493087856208, "attack_pre_std": 0.003393857102502926, "attack_rec_mean": 0.29488333333333333, "attack_rec_std": 0.06628512695586813}