{"n_classes": 100, "alpha": 0.01, "max_iter": 100, "lambda_": 1e-07, "tolerance": 1e-05, "DP": true, "L": 3, "C": 1, "epsilon": 200, "delta": 1e-05, "train_acc": 0.2878, "test_acc": 0.1779, "attack_acc_mean": 0.5424749999999999, "attack_acc_std": 0.0055800798978748265, "attack_pre_mean": 0.5530727005778662, "attack_pre_std": 0.012906719621242332, "attack_rec_mean": 0.4557166666666667, "attack_rec_std": 0.04900542203561653}