{"n_classes": 100, "alpha": 0.001, "max_iter": 500, "lambda_": 0.01, "tolerance": 1e-05, "DP": true, "L": 5, "C": 1, "epsilon": 1000, "delta": 1e-05, "train_acc": 0.6081, "test_acc": 0.3985, "attack_acc_mean": 0.5722083333333334, "attack_acc_std": 0.0032514633457704813, "attack_pre_mean": 0.673726944476469, "attack_pre_std": 0.014823543167826986, "attack_rec_mean": 0.28136666666666665, "attack_rec_std": 0.017718602904543256}