{"n_classes": 100, "alpha": 0.001, "max_iter": 300, "lambda_": 1e-05, "tolerance": 1e-05, "DP": true, "L": 7, "C": 1, "epsilon": 500, "delta": 1e-05, "train_acc": 0.5108, "test_acc": 0.3508, "attack_acc_mean": 0.5232583333333333, "attack_acc_std": 0.0021261108207763207, "attack_pre_mean": 0.6589228526559262, "attack_pre_std": 0.016053924599766956, "attack_rec_mean": 0.09761666666666664, "attack_rec_std": 0.015552536413360001}