{"n_classes": 100, "alpha": 0.001, "max_iter": 200, "lambda_": 1e-05, "tolerance": 1e-05, "DP": true, "L": 10, "C": 1, "epsilon": 1, "delta": 1e-05, "train_acc": 0.1424, "test_acc": 0.1191, "attack_acc_mean": 0.5034583333333333, "attack_acc_std": 0.0006541003151063522, "attack_pre_mean": 0.575221439947874, "attack_pre_std": 0.025402054681211133, "attack_rec_mean": 0.02916666666666667, "attack_rec_std": 0.01034885930375367}