{"n_classes": 100, "alpha": 0.01, "max_iter": 500, "lambda_": 0.05, "tolerance": 1e-05, "DP": true, "L": 5, "C": 1, "epsilon": 100000, "delta": 1e-05, "train_acc": 0.3148, "test_acc": 0.2282, "attack_acc_mean": 0.5010416666666666, "attack_acc_std": 0.000647055295593478, "attack_pre_mean": 0.5722493165757705, "attack_pre_std": 0.03938307631540444, "attack_rec_mean": 0.012683333333333333, "attack_rec_std": 0.008026085942447634}