{"n_classes": 100, "alpha": 0.001, "max_iter": 500, "lambda_": 1e-06, "tolerance": 1e-05, "DP": true, "L": 3, "C": 1, "epsilon": 1000, "delta": 1e-05, "train_acc": 0.6486, "test_acc": 0.385, "attack_acc_mean": 0.6216916666666666, "attack_acc_std": 0.004119508128675334, "attack_pre_mean": 0.6044267699737823, "attack_pre_std": 0.004368236339117741, "attack_rec_mean": 0.7045833333333333, "attack_rec_std": 0.006837742479958028}