{"n_classes": 100, "alpha": 0.001, "max_iter": 200, "lambda_": 1e-05, "tolerance": 1e-05, "DP": true, "L": 1, "C": 1, "epsilon": 100, "delta": 1e-05, "train_acc": 0.2138, "test_acc": 0.143, "attack_acc_mean": 0.5307583333333333, "attack_acc_std": 0.0038161298749154397, "attack_pre_mean": 0.5458638958411265, "attack_pre_std": 0.011113764668624898, "attack_rec_mean": 0.3786833333333333, "attack_rec_std": 0.05025420104053214}