{"n_classes": 100, "alpha": 0.01, "max_iter": 500, "lambda_": 0.0001, "tolerance": 1e-05, "DP": true, "L": 30, "C": 0.5, "epsilon": 1000000, "delta": 1e-05, "train_acc": 0.7314, "test_acc": 0.4758, "attack_acc_mean": 0.62455, "attack_acc_std": 0.006820312798300872, "attack_pre_mean": 0.6689587798954233, "attack_pre_std": 0.012195698237530672, "attack_rec_mean": 0.4940166666666667, "attack_rec_std": 0.017842871281146297}