{"n_classes": 100, "alpha": 0.001, "max_iter": 100, "lambda_": 1e-05, "tolerance": 1e-05, "DP": true, "L": 15, "C": 1, "epsilon": 0.5, "delta": 1e-05, "train_acc": 0.0796, "test_acc": 0.0759, "attack_acc_mean": 0.5000583333333333, "attack_acc_std": 0.0005442247289085044, "attack_pre_mean": 0.628679310623755, "attack_pre_std": 0.10000499775462518, "attack_rec_mean": 0.004883333333333332, "attack_rec_std": 0.006601872629960548}