{"n_classes": 100, "alpha": 0.001, "max_iter": 200, "lambda_": 1e-05, "tolerance": 1e-05, "DP": true, "L": 10, "C": 1, "epsilon": 0.5, "delta": 1e-05, "train_acc": 0.0737, "test_acc": 0.0611, "attack_acc_mean": 0.503025, "attack_acc_std": 0.0005137687547266092, "attack_pre_mean": 0.5239720750903597, "attack_pre_std": 0.0071621407919971215, "attack_rec_mean": 0.07013333333333334, "attack_rec_std": 0.013947002864016659}