{"n_classes": 100, "alpha": 0.001, "max_iter": 200, "lambda_": 1e-05, "tolerance": 1e-05, "DP": true, "L": 15, "C": 1, "epsilon": 100, "delta": 1e-05, "train_acc": 0.232, "test_acc": 0.181, "attack_acc_mean": 0.49976666666666664, "attack_acc_std": 0.0009607578027555004, "attack_pre_mean": 0.5846067480217233, "attack_pre_std": 0.06477156385199162, "attack_rec_mean": 0.0048333333333333344, "attack_rec_std": 0.007708797283335161}