{"n_classes": 100, "alpha": 0.001, "max_iter": 100, "lambda_": 1e-05, "tolerance": 1e-05, "DP": true, "L": 7, "C": 1, "epsilon": 50, "delta": 1e-05, "train_acc": 0.2351, "test_acc": 0.187, "attack_acc_mean": 0.4998833333333334, "attack_acc_std": 0.0009076832536126711, "attack_pre_mean": 0.6051258337746155, "attack_pre_std": 0.07424826926796163, "attack_rec_mean": 0.0050999999999999995, "attack_rec_std": 0.007692853826766761}