{"n_classes": 100, "alpha": 0.001, "max_iter": 100, "lambda_": 1e-05, "tolerance": 1e-05, "DP": true, "L": 15, "C": 1, "epsilon": 100, "delta": 1e-05, "train_acc": 0.1179, "test_acc": 0.1011, "attack_acc_mean": 0.49980833333333335, "attack_acc_std": 0.0008946212730659941, "attack_pre_mean": 0.5861420736022647, "attack_pre_std": 0.06320233186580614, "attack_rec_mean": 0.0048, "attack_rec_std": 0.007636316738672731}