{"n_classes": 100, "alpha": 0.01, "max_iter": 400, "lambda_": 0.0001, "tolerance": 1e-05, "DP": true, "L": 30, "C": 1.7, "epsilon": 1000000, "delta": 1e-05, "train_acc": 0.8863, "test_acc": 0.5305, "attack_acc_mean": 0.6530166666666667, "attack_acc_std": 0.005217491947499502, "attack_pre_mean": 0.6012821127586798, "attack_pre_std": 0.00407925463033548, "attack_rec_mean": 0.9086333333333333, "attack_rec_std": 0.008546474256804501}