{"n_classes": 100, "alpha": 0.01, "max_iter": 500, "lambda_": 0.001, "tolerance": 1e-05, "DP": true, "L": 5, "C": 1, "epsilon": 100000, "delta": 1e-05, "train_acc": 0.7494, "test_acc": 0.3827, "attack_acc_mean": 0.655075, "attack_acc_std": 0.006398355908616919, "attack_pre_mean": 0.6183849232360293, "attack_pre_std": 0.006177280346219269, "attack_rec_mean": 0.8104166666666667, "attack_rec_std": 0.006694130928573861}