{"n_classes": 100, "alpha": 0.001, "max_iter": 200, "lambda_": 1e-05, "tolerance": 1e-05, "DP": true, "L": 3, "C": 1, "epsilon": 200, "delta": 1e-05, "train_acc": 0.4555, "test_acc": 0.3105, "attack_acc_mean": 0.5624416666666666, "attack_acc_std": 0.00266480403698951, "attack_pre_mean": 0.6210168412468065, "attack_pre_std": 0.007853826890055045, "attack_rec_mean": 0.32098333333333334, "attack_rec_std": 0.009791734042321393}