{"n_classes": 100, "alpha": 0.001, "max_iter": 300, "lambda_": 1e-06, "tolerance": 1e-05, "DP": true, "L": 1, "C": 1, "epsilon": 200, "delta": 1e-05, "train_acc": 0.276, "test_acc": 0.1628, "attack_acc_mean": 0.5456583333333332, "attack_acc_std": 0.004038607089359185, "attack_pre_mean": 0.5594455411168072, "attack_pre_std": 0.011243765571330359, "attack_rec_mean": 0.43850000000000006, "attack_rec_std": 0.04591713550879816}