{"n_classes": 100, "alpha": 0.01, "max_iter": 500, "lambda_": 0.0001, "tolerance": 1e-05, "DP": true, "L": 40, "C": 1.7, "epsilon": 1000000, "delta": 1e-05, "train_acc": 0.8831, "test_acc": 0.5333, "attack_acc_mean": 0.6559, "attack_acc_std": 0.005420639568661008, "attack_pre_mean": 0.604078885652037, "attack_pre_std": 0.004401210001406498, "attack_rec_mean": 0.9051166666666667, "attack_rec_std": 0.008373254378608645}