{"n_classes": 100, "alpha": 0.001, "max_iter": 100, "lambda_": 1e-05, "tolerance": 1e-05, "DP": true, "L": 3, "C": 1, "epsilon": 50, "delta": 1e-05, "train_acc": 0.3114, "test_acc": 0.2294, "attack_acc_mean": 0.5131083333333334, "attack_acc_std": 0.0005790917217697308, "attack_pre_mean": 0.6128025776185673, "attack_pre_std": 0.01920384709683343, "attack_rec_mean": 0.073, "attack_rec_std": 0.010274401847958513}