{"n_classes": 100, "alpha": 0.001, "max_iter": 100, "lambda_": 0.001, "tolerance": 1e-05, "DP": true, "L": 3, "C": 1, "epsilon": 100, "delta": 1e-05, "train_acc": 0.3144, "test_acc": 0.2345, "attack_acc_mean": 0.5116833333333334, "attack_acc_std": 0.0006387922632245403, "attack_pre_mean": 0.6278561240182009, "attack_pre_std": 0.023219736704679503, "attack_rec_mean": 0.05923333333333333, "attack_rec_std": 0.010533069616951914}