{"n_classes": 100, "alpha": 0.001, "max_iter": 200, "lambda_": 1e-06, "tolerance": 1e-05, "DP": true, "L": 7, "C": 1, "epsilon": 1, "delta": 1e-05, "train_acc": 0.1403, "test_acc": 0.1139, "attack_acc_mean": 0.5071083333333334, "attack_acc_std": 0.0013151098390966698, "attack_pre_mean": 0.5477322561090759, "attack_pre_std": 0.013329562454434516, "attack_rec_mean": 0.085, "attack_rec_std": 0.012238191587539936}