{"n_classes": 100, "alpha": 0.001, "max_iter": 200, "lambda_": 1e-05, "tolerance": 1e-05, "DP": true, "L": 5, "C": 1, "epsilon": 500, "delta": 1e-05, "train_acc": 0.4686, "test_acc": 0.3348, "attack_acc_mean": 0.5184583333333334, "attack_acc_std": 0.001617718729844258, "attack_pre_mean": 0.6408304984512424, "attack_pre_std": 0.019628137972577165, "attack_rec_mean": 0.08573333333333334, "attack_rec_std": 0.015578047231779584}