{"n_classes": 100, "alpha": 0.01, "max_iter": 500, "lambda_": 0.0001, "tolerance": 1e-05, "DP": true, "L": 40, "C": 2, "epsilon": 1000000, "delta": 1e-05, "train_acc": 0.9023, "test_acc": 0.5405, "attack_acc_mean": 0.6514916666666667, "attack_acc_std": 0.004231766442305407, "attack_pre_mean": 0.5982873711458699, "attack_pre_std": 0.0032780428212107514, "attack_rec_mean": 0.9223166666666667, "attack_rec_std": 0.007984237944572743}