{"n_classes": 100, "alpha": 0.01, "max_iter": 300, "lambda_": 1e-05, "tolerance": 1e-05, "DP": true, "L": 20, "C": 1.1, "epsilon": 1000000, "delta": 1e-05, "train_acc": 0.8369, "test_acc": 0.5191, "attack_acc_mean": 0.6573166666666667, "attack_acc_std": 0.006096560961358115, "attack_pre_mean": 0.613669345089214, "attack_pre_std": 0.005244546236935574, "attack_rec_mean": 0.8496166666666666, "attack_rec_std": 0.011934182930650182}