{"n_classes": 100, "alpha": 0.001, "max_iter": 400, "lambda_": 1e-06, "tolerance": 1e-05, "DP": true, "L": 3, "C": 1, "epsilon": 10, "delta": 1e-05, "train_acc": 0.3555, "test_acc": 0.2244, "attack_acc": 0.52915, "attack_pre": 0.6522193211488251, "attack_rec": 0.1249}