{"n_classes": 100, "alpha": 0.001, "max_iter": 500, "lambda_": 0.001, "tolerance": 1e-05, "DP": true, "L": 5, "C": 1, "epsilon": 100000, "delta": 1e-05, "train_acc": 0.7234, "test_acc": 0.4637, "attack_acc_mean": 0.6352416666666666, "attack_acc_std": 0.007694284494927961, "attack_pre_mean": 0.6535037516903355, "attack_pre_std": 0.011257209656590472, "attack_rec_mean": 0.5766333333333333, "attack_rec_std": 0.01762920556601711}