{"n_classes": 100, "alpha": 0.001, "max_iter": 100, "lambda_": 1e-05, "tolerance": 1e-05, "DP": true, "L": 5, "C": 1, "epsilon": 0.5, "delta": 1e-05, "train_acc": 0.0674, "test_acc": 0.057, "attack_acc_mean": 0.5030249999999999, "attack_acc_std": 0.0006316314853879264, "attack_pre_mean": 0.5219039067472583, "attack_pre_std": 0.007537592518022645, "attack_rec_mean": 0.07621666666666665, "attack_rec_std": 0.014923071250769917}