{"n_classes": 100, "alpha": 0.001, "max_iter": 500, "lambda_": 1e-06, "tolerance": 1e-05, "DP": true, "L": 10, "C": 1, "epsilon": 200, "delta": 1e-05, "train_acc": 0.5615, "test_acc": 0.3785, "attack_acc_mean": 0.5383916666666666, "attack_acc_std": 0.0027716446180722307, "attack_pre_mean": 0.6659577421318562, "attack_pre_std": 0.01700851930272703, "attack_rec_mean": 0.1556, "attack_rec_std": 0.01955394248397664}