{"n_classes": 100, "alpha": 0.001, "max_iter": 200, "lambda_": 1e-05, "tolerance": 1e-05, "DP": true, "L": 1, "C": 1, "epsilon": 5, "delta": 1e-05, "train_acc": 0.1206, "test_acc": 0.0879, "attack_acc_mean": 0.5112666666666666, "attack_acc_std": 0.0025764424223249285, "attack_pre_mean": 0.5198328515669106, "attack_pre_std": 0.007458914884557517, "attack_rec_mean": 0.3202666666666667, "attack_rec_std": 0.0680148921601406}