{"n_classes": 100, "alpha": 0.001, "max_iter": 200, "lambda_": 1e-05, "tolerance": 1e-05, "DP": true, "L": 7, "C": 1, "epsilon": 1, "delta": 1e-05, "train_acc": 0.1398, "test_acc": 0.1133, "attack_acc_mean": 0.5073500000000001, "attack_acc_std": 0.0012832251036613367, "attack_pre_mean": 0.5491919442694179, "attack_pre_std": 0.013291592413043141, "attack_rec_mean": 0.08571666666666666, "attack_rec_std": 0.012891523916468873}