{"n_classes": 100, "alpha": 0.01, "max_iter": 500, "lambda_": 1e-05, "tolerance": 1e-05, "DP": true, "L": 50, "C": 2, "epsilon": 1000000, "delta": 1e-05, "train_acc": 0.8818, "test_acc": 0.5376, "attack_acc_mean": 0.6571416666666666, "attack_acc_std": 0.005745173094771723, "attack_pre_mean": 0.6059258964006106, "attack_pre_std": 0.004480992753475987, "attack_rec_mean": 0.8991166666666667, "attack_rec_std": 0.009997902557814579}