{"n_classes": 100, "alpha": 0.01, "max_iter": 500, "lambda_": 0.0001, "tolerance": 1e-05, "DP": true, "L": 30, "C": 3, "epsilon": 1000000, "delta": 1e-05, "train_acc": 0.9517, "test_acc": 0.526, "attack_acc_mean": 0.6559666666666667, "attack_acc_std": 0.005681524638881897, "attack_pre_mean": 0.5969160470202571, "attack_pre_std": 0.0046035423919816324, "attack_rec_mean": 0.9610500000000001, "attack_rec_std": 0.006695458659917684}