{"n_classes": 100, "alpha": 0.001, "max_iter": 200, "lambda_": 1e-06, "tolerance": 1e-05, "DP": true, "L": 5, "C": 1, "epsilon": 500, "delta": 1e-05, "train_acc": 0.466, "test_acc": 0.3264, "attack_acc_mean": 0.5186499999999999, "attack_acc_std": 0.0017876893839068504, "attack_pre_mean": 0.6462826328277681, "attack_pre_std": 0.01745383456193545, "attack_rec_mean": 0.08383333333333332, "attack_rec_std": 0.015459373280383076}