{"n_classes": 100, "alpha": 0.001, "max_iter": 100, "lambda_": 1e-05, "tolerance": 1e-05, "DP": true, "L": 6, "C": 1, "epsilon": 100, "delta": 1e-05, "train_acc": 0.2547, "test_acc": 0.2012, "attack_acc_mean": 0.49985000000000007, "attack_acc_std": 0.000882704178457692, "attack_pre_mean": 0.5598600580977112, "attack_pre_std": 0.049353683584589955, "attack_rec_mean": 0.0051333333333333335, "attack_rec_std": 0.007822332701240014}