{"n_classes": 100, "alpha": 0.01, "max_iter": 400, "lambda_": 0.0001, "tolerance": 1e-05, "DP": true, "L": 30, "C": 1.3, "epsilon": 1000000, "delta": 1e-05, "train_acc": 0.8513, "test_acc": 0.5284, "attack_acc_mean": 0.6596666666666667, "attack_acc_std": 0.0062284071443311695, "attack_pre_mean": 0.613043358683589, "attack_pre_std": 0.0053216266173820165, "attack_rec_mean": 0.8662166666666667, "attack_rec_std": 0.011604082136137353}