{"n_classes": 100, "alpha": 0.001, "max_iter": 500, "lambda_": 1e-06, "tolerance": 1e-05, "DP": true, "L": 5, "C": 1, "epsilon": 1000, "delta": 1e-05, "train_acc": 0.6699, "test_acc": 0.4339, "attack_acc": 0.51475, "attack_pre": 0.7390599675850892, "attack_rec": 0.0456}