{"n_classes": 100, "alpha": 0.0005, "max_iter": 500, "lambda_": 0.0001, "tolerance": 1e-05, "DP": true, "L": 5, "C": 1, "epsilon": 100000, "delta": 1e-05, "train_acc": 0.5928, "test_acc": 0.4054, "attack_acc_mean": 0.5374249999999999, "attack_acc_std": 0.00301534271131271, "attack_pre_mean": 0.6683120875713023, "attack_pre_std": 0.01753309765190555, "attack_rec_mean": 0.15013333333333334, "attack_rec_std": 0.02003752036111809}