{"n_classes": 100, "alpha": 0.001, "max_iter": 300, "lambda_": 1e-06, "tolerance": 1e-05, "DP": true, "L": 7, "C": 1, "epsilon": 100, "delta": 1e-05, "train_acc": 0.4736, "test_acc": 0.3294, "attack_acc": 0.50035, "attack_pre": 0.8888888888888888, "attack_rec": 0.0008}