{"n_classes": 100, "alpha": 0.001, "max_iter": 300, "lambda_": 1e-05, "tolerance": 1e-05, "DP": true, "L": 5, "C": 1, "epsilon": 1, "delta": 1e-05, "train_acc": 0.1225, "test_acc": 0.0947, "attack_acc": 0.50425, "attack_pre": 0.5726495726495726, "attack_rec": 0.0335}