{"n_classes": 100, "alpha": 0.001, "max_iter": 400, "lambda_": 1e-06, "tolerance": 1e-05, "DP": true, "L": 3, "C": 1, "epsilon": 100, "delta": 1e-05, "train_acc": 0.4972, "test_acc": 0.3149, "attack_acc_mean": 0.593425, "attack_acc_std": 0.004513844444225628, "attack_pre_mean": 0.600894225992214, "attack_pre_std": 0.006619460558916393, "attack_rec_mean": 0.5570166666666666, "attack_rec_std": 0.009583043473877291}