{"n_classes": 100, "alpha": 0.001, "max_iter": 300, "lambda_": 1e-06, "tolerance": 1e-05, "DP": true, "L": 1, "C": 1, "epsilon": 1, "delta": 1e-05, "train_acc": 0.0651, "test_acc": 0.0543, "attack_acc": 0.50535, "attack_pre": 0.5495829471733086, "attack_rec": 0.0593}