{"n_classes": 100, "alpha": 0.001, "max_iter": 100, "lambda_": 1e-05, "tolerance": 1e-05, "DP": false, "L": 1, "C": 1, "epsilon": 0, "delta": 1e-05, "train_acc": 0.9999, "test_acc": 0.5402, "attack_acc_mean": 0.66115, "attack_acc_std": 0.006285366602938384, "attack_pre_mean": 0.5970955459840978, "attack_pre_std": 0.004851245156221821, "attack_rec_mean": 0.9914666666666666, "attack_rec_std": 0.006745286420078}