{"n_classes": 100, "alpha": 0.001, "max_iter": 100, "lambda_": 1e-05, "tolerance": 1e-05, "DP": true, "L": 4, "C": 1, "epsilon": 500, "delta": 1e-05, "train_acc": 0.3286, "test_acc": 0.247, "attack_acc_mean": 0.5029416666666667, "attack_acc_std": 0.000642531884206706, "attack_pre_mean": 0.6391161290335479, "attack_pre_std": 0.05931390139596015, "attack_rec_mean": 0.016833333333333336, "attack_rec_std": 0.007933193276074618}