{"n_classes": 100, "alpha": 0.001, "max_iter": 100, "lambda_": 0.001, "tolerance": 1e-05, "DP": true, "L": 3, "C": 1, "epsilon": 1, "delta": 1e-05, "train_acc": 0.105, "test_acc": 0.0844, "attack_acc_mean": 0.5080166666666667, "attack_acc_std": 0.0014610688629295402, "attack_pre_mean": 0.5303464324161581, "attack_pre_std": 0.006862245293558311, "attack_rec_mean": 0.14295, "attack_rec_std": 0.016854153790683175}