{"n_classes": 100, "alpha": 0.001, "max_iter": 100, "lambda_": 1e-05, "tolerance": 1e-05, "DP": true, "L": 100, "C": 1, "epsilon": 0.5, "delta": 1e-05, "train_acc": 0.0301, "test_acc": 0.0237, "attack_acc_mean": 0.4998833333333333, "attack_acc_std": 0.0005542763049438637, "attack_pre_mean": 0.5790833574809234, "attack_pre_std": 0.06652892237428537, "attack_rec_mean": 0.004816666666666667, "attack_rec_std": 0.006353586039045631}