{"n_classes": 100, "alpha": 0.001, "max_iter": 200, "lambda_": 1e-06, "tolerance": 1e-05, "DP": true, "L": 3, "C": 1, "epsilon": 10, "delta": 1e-05, "train_acc": 0.2824, "test_acc": 0.2001, "attack_acc_mean": 0.5371166666666666, "attack_acc_std": 0.0013770943645549155, "attack_pre_mean": 0.5794329311059774, "attack_pre_std": 0.006004565047905071, "attack_rec_mean": 0.2717333333333333, "attack_rec_std": 0.014132311283800051}