{"n_classes": 100, "alpha": 0.001, "max_iter": 200, "lambda_": 1e-05, "tolerance": 1e-05, "DP": true, "L": 10, "C": 1, "epsilon": 30, "delta": 1e-05, "train_acc": 0.3126, "test_acc": 0.2322, "attack_acc_mean": 0.5006333333333334, "attack_acc_std": 0.0007966945601811341, "attack_pre_mean": 0.6665495714600419, "attack_pre_std": 0.09910270213526791, "attack_rec_mean": 0.007233333333333334, "attack_rec_std": 0.007760942096306492}