{"n_classes": 100, "alpha": 0.0005, "max_iter": 500, "lambda_": 0.01, "tolerance": 1e-05, "DP": true, "L": 5, "C": 1, "epsilon": 100000, "delta": 1e-05, "train_acc": 0.5394, "test_acc": 0.3741, "attack_acc_mean": 0.5147333333333334, "attack_acc_std": 0.0020995369859937245, "attack_pre_mean": 0.646409190876711, "attack_pre_std": 0.015442705686855344, "attack_rec_mean": 0.06613333333333334, "attack_rec_std": 0.014717298967164078}