{"n_classes": 100, "alpha": 0.001, "max_iter": 50, "lambda_": 1e-05, "tolerance": 1e-05, "DP": true, "L": 1, "C": 1, "epsilon": 0.5, "delta": 1e-05, "train_acc": 0.0287, "test_acc": 0.0316, "attack_acc_mean": 0.49819166666666664, "attack_acc_std": 0.0013036540526109308, "attack_pre_mean": 0.4970546820974042, "attack_pre_std": 0.0019947732924432814, "attack_rec_mean": 0.3044, "attack_rec_std": 0.07432913291570137}