{"n_classes": 100, "alpha": 0.001, "max_iter": 100, "lambda_": 1e-05, "tolerance": 1e-05, "DP": true, "L": 10, "C": 1, "epsilon": 0.4, "delta": 1e-05, "train_acc": 0.0658, "test_acc": 0.0573, "attack_acc_mean": 0.5010916666666666, "attack_acc_std": 0.0008511838161577543, "attack_pre_mean": 0.5614813861036033, "attack_pre_std": 0.038595735011171556, "attack_rec_mean": 0.015599999999999998, "attack_rec_std": 0.008836288813749808}