{"n_classes": 100, "alpha": 0.01, "max_iter": 500, "lambda_": 1e-06, "tolerance": 1e-05, "DP": true, "L": 50, "C": 2, "epsilon": 1000000, "delta": 1e-05, "train_acc": 0.8833, "test_acc": 0.5356, "attack_acc_mean": 0.65695, "attack_acc_std": 0.005279914772039406, "attack_pre_mean": 0.6057187260949393, "attack_pre_std": 0.004122508862346118, "attack_rec_mean": 0.8994499999999999, "attack_rec_std": 0.01012533950048094}