{"n_classes": 100, "alpha": 0.001, "max_iter": 500, "lambda_": 1e-06, "tolerance": 1e-05, "DP": true, "L": 5, "C": 1, "epsilon": 10000, "delta": 1e-05, "train_acc": 0.7132, "test_acc": 0.4531, "attack_acc_mean": 0.6333666666666667, "attack_acc_std": 0.007005216310404387, "attack_pre_mean": 0.6431914945876599, "attack_pre_std": 0.009917104615748839, "attack_rec_mean": 0.5998, "attack_rec_std": 0.013579764357307537}