{"n_classes": 100, "alpha": 0.001, "max_iter": 200, "lambda_": 1e-05, "tolerance": 1e-05, "DP": true, "L": 10, "C": 1, "epsilon": 10, "delta": 1e-05, "train_acc": 0.2981, "test_acc": 0.2266, "attack_acc_mean": 0.5005666666666667, "attack_acc_std": 0.00090860087802927, "attack_pre_mean": 0.6376370322152264, "attack_pre_std": 0.08627029510256423, "attack_rec_mean": 0.007883333333333334, "attack_rec_std": 0.008174842845924046}