{"n_classes": 100, "alpha": 0.001, "max_iter": 100, "lambda_": 0.001, "tolerance": 1e-05, "DP": true, "L": 3, "C": 1, "epsilon": 10, "delta": 1e-05, "train_acc": 0.2307, "test_acc": 0.1762, "attack_acc_mean": 0.5123, "attack_acc_std": 0.0010185774393731677, "attack_pre_mean": 0.5851354811092891, "attack_pre_std": 0.011135258183163962, "attack_rec_mean": 0.08603333333333334, "attack_rec_std": 0.014053429790940323}