{"n_classes": 100, "alpha": 0.01, "max_iter": 400, "lambda_": 1e-05, "tolerance": 1e-05, "DP": true, "L": 30, "C": 1.7, "epsilon": 1000000, "delta": 1e-05, "train_acc": 0.8876, "test_acc": 0.5319, "attack_acc_mean": 0.6507166666666667, "attack_acc_std": 0.004942474638837877, "attack_pre_mean": 0.5991905335339179, "attack_pre_std": 0.003895455168586803, "attack_rec_mean": 0.9106666666666666, "attack_rec_std": 0.00758565898404496}