{"n_classes": 100, "alpha": 0.001, "max_iter": 500, "lambda_": 0.005, "tolerance": 1e-05, "DP": true, "L": 20, "C": 1.25, "epsilon": 1000000, "delta": 1e-05, "train_acc": 0.4437, "test_acc": 0.3091, "attack_acc_mean": 0.5034500000000001, "attack_acc_std": 0.00021408720964443846, "attack_pre_mean": 0.6243687919523807, "attack_pre_std": 0.036189893901683555, "attack_rec_mean": 0.019866666666666664, "attack_rec_std": 0.00891116652795182}