{"n_classes": 100, "alpha": 0.001, "max_iter": 500, "lambda_": 0.001, "tolerance": 1e-05, "DP": true, "L": 5, "C": 1, "epsilon": 1000, "delta": 1e-05, "train_acc": 0.6628, "test_acc": 0.4319, "attack_acc": 0.51215, "attack_pre": 0.712784588441331, "attack_rec": 0.0407}