{"n_classes": 100, "alpha": 0.001, "max_iter": 100, "lambda_": 1e-07, "tolerance": 1e-05, "DP": true, "L": 3, "C": 1, "epsilon": 200, "delta": 1e-05, "train_acc": 0.3513, "test_acc": 0.2557, "attack_acc_mean": 0.51005, "attack_acc_std": 0.0008077747210701956, "attack_pre_mean": 0.6117427734475535, "attack_pre_std": 0.020334806183393766, "attack_rec_mean": 0.05666666666666667, "attack_rec_std": 0.01020794897235592}