{"n_classes": 100, "alpha": 0.001, "max_iter": 500, "lambda_": 1e-06, "tolerance": 1e-05, "DP": true, "L": 3, "C": 1, "epsilon": 1, "delta": 1e-05, "train_acc": 0.0936, "test_acc": 0.0736, "attack_acc_mean": 0.5051333333333333, "attack_acc_std": 0.0019976374935296737, "attack_pre_mean": 0.5094618034728624, "attack_pre_std": 0.0054954234318636466, "attack_rec_mean": 0.30465000000000003, "attack_rec_std": 0.07288570390229716}