{"n_classes": 100, "alpha": 0.001, "max_iter": 500, "lambda_": 0.0005, "tolerance": 1e-05, "DP": true, "L": 5, "C": 1, "epsilon": 10000, "delta": 1e-05, "train_acc": 0.7074, "test_acc": 0.4519, "attack_acc_mean": 0.63205, "attack_acc_std": 0.007676750614680658, "attack_pre_mean": 0.6459343635540084, "attack_pre_std": 0.010405430646394157, "attack_rec_mean": 0.5851833333333333, "attack_rec_std": 0.0159315637092604}