{"n_classes": 100, "alpha": 0.001, "max_iter": 500, "lambda_": 1e-06, "tolerance": 1e-05, "DP": true, "L": 3, "C": 1, "epsilon": 500, "delta": 1e-05, "train_acc": 0.6194, "test_acc": 0.3662, "attack_acc_mean": 0.6209916666666667, "attack_acc_std": 0.006058975206712379, "attack_pre_mean": 0.6062325801720372, "attack_pre_std": 0.0067025539305243026, "attack_rec_mean": 0.6909833333333334, "attack_rec_std": 0.007309449743691753}