{"n_classes": 100, "alpha": 0.001, "max_iter": 300, "lambda_": 1e-05, "tolerance": 1e-05, "DP": true, "L": 1, "C": 1, "epsilon": 200, "delta": 1e-05, "train_acc": 0.2756, "test_acc": 0.1616, "attack_acc": 0.54485, "attack_pre": 0.648068669527897, "attack_rec": 0.1963}