{"n_classes": 100, "alpha": 0.01, "max_iter": 500, "lambda_": 0.0001, "tolerance": 1e-05, "DP": true, "L": 100, "C": 2, "epsilon": 1000000, "delta": 1e-05, "train_acc": 0.7747, "test_acc": 0.4996, "attack_acc_mean": 0.6504250000000001, "attack_acc_std": 0.009853499801255078, "attack_pre_mean": 0.6565687478666475, "attack_pre_std": 0.011768427074205333, "attack_rec_mean": 0.6314833333333333, "attack_rec_std": 0.01916319533782286}