{"n_classes": 100, "alpha": 0.01, "max_iter": 500, "lambda_": 0.0001, "tolerance": 1e-05, "DP": true, "L": 100, "C": 1.5, "epsilon": 1000000, "delta": 1e-05, "train_acc": 0.7136, "test_acc": 0.4723, "attack_acc_mean": 0.6072333333333334, "attack_acc_std": 0.005800263403980499, "attack_pre_mean": 0.6769444462459909, "attack_pre_std": 0.01440424218636926, "attack_rec_mean": 0.41148333333333337, "attack_rec_std": 0.01887497608534172}