{"n_classes": 100, "alpha": 0.001, "max_iter": 50, "lambda_": 1e-05, "tolerance": 1e-05, "DP": true, "L": 5, "C": 1, "epsilon": 10, "delta": 1e-05, "train_acc": 0.1482, "test_acc": 0.1221, "attack_acc_mean": 0.4998583333333333, "attack_acc_std": 0.0007513413930357407, "attack_pre_mean": 0.5896865879106784, "attack_pre_std": 0.06775415479729065, "attack_rec_mean": 0.004866666666666667, "attack_rec_std": 0.007705553552831591}