{"n_classes": 100, "alpha": 0.001, "max_iter": 300, "lambda_": 1e-05, "tolerance": 1e-05, "DP": true, "L": 3, "C": 1, "epsilon": 500, "delta": 1e-05, "train_acc": 0.5384, "test_acc": 0.3567, "attack_acc_mean": 0.5944333333333334, "attack_acc_std": 0.0037938180709617, "attack_pre_mean": 0.6131925313282595, "attack_pre_std": 0.0064640475258111825, "attack_rec_mean": 0.5121000000000001, "attack_rec_std": 0.01022985825903763}