{"n_classes": 100, "alpha": 0.001, "max_iter": 200, "lambda_": 1e-06, "tolerance": 1e-05, "DP": true, "L": 3, "C": 1, "epsilon": 200, "delta": 1e-05, "train_acc": 0.4561, "test_acc": 0.3113, "attack_acc_mean": 0.5610583333333333, "attack_acc_std": 0.0023635102190503825, "attack_pre_mean": 0.6191293503624122, "attack_pre_std": 0.00712904095376666, "attack_rec_mean": 0.31784999999999997, "attack_rec_std": 0.010495197314327472}