{"n_classes": 100, "alpha": 0.001, "max_iter": 100, "lambda_": 1e-05, "tolerance": 1e-05, "DP": true, "L": 10, "C": 1, "epsilon": 1000, "delta": 1e-05, "train_acc": 0.1721, "test_acc": 0.1425, "attack_acc_mean": 0.4997416666666667, "attack_acc_std": 0.0009909661391232676, "attack_pre_mean": 0.5834891846439342, "attack_pre_std": 0.06583584492857943, "attack_rec_mean": 0.0048, "attack_rec_std": 0.007671375365604267}