{"n_classes": 100, "alpha": 0.01, "max_iter": 400, "lambda_": 1e-05, "tolerance": 1e-05, "DP": true, "L": 30, "C": 1.3, "epsilon": 1000000, "delta": 1e-05, "train_acc": 0.8509, "test_acc": 0.5262, "attack_acc_mean": 0.659425, "attack_acc_std": 0.0063854489531538485, "attack_pre_mean": 0.6126737274031042, "attack_pre_std": 0.0054511726922100625, "attack_rec_mean": 0.8672333333333334, "attack_rec_std": 0.011584280536811745}