{"n_classes": 100, "alpha": 0.001, "max_iter": 100, "lambda_": 1e-05, "tolerance": 1e-05, "DP": true, "L": 5, "C": 1, "epsilon": 5, "delta": 1e-05, "train_acc": 0.2287, "test_acc": 0.1808, "attack_acc_mean": 0.5018333333333332, "attack_acc_std": 0.0008663460945578213, "attack_pre_mean": 0.6346695273382218, "attack_pre_std": 0.07757130334945936, "attack_rec_mean": 0.014033333333333333, "attack_rec_std": 0.010106708443185427}