{"n_classes": 100, "alpha": 0.01, "max_iter": 500, "lambda_": 0.0001, "tolerance": 1e-05, "DP": true, "L": 50, "C": 2, "epsilon": 1, "delta": 1e-05, "train_acc": 0.0972, "test_acc": 0.074, "attack_acc_mean": 0.510225, "attack_acc_std": 0.0022886950430321676, "attack_pre_mean": 0.5173619223484184, "attack_pre_std": 0.005450689503476778, "attack_rec_mean": 0.3246833333333333, "attack_rec_std": 0.07841136007549473}