{"n_classes": 100, "alpha": 0.01, "max_iter": 400, "lambda_": 1e-05, "tolerance": 1e-05, "DP": true, "L": 20, "C": 1.1, "epsilon": 1000000, "delta": 1e-05, "train_acc": 0.8778, "test_acc": 0.5267, "attack_acc_mean": 0.6531583333333334, "attack_acc_std": 0.005343174514171219, "attack_pre_mean": 0.602091278708171, "attack_pre_std": 0.004186184252414585, "attack_rec_mean": 0.9034833333333334, "attack_rec_std": 0.00882145427667997}