{"n_classes": 100, "alpha": 0.001, "max_iter": 300, "lambda_": 1e-06, "tolerance": 1e-05, "DP": true, "L": 10, "C": 1, "epsilon": 500, "delta": 1e-05, "train_acc": 0.4347, "test_acc": 0.3043, "attack_acc_mean": 0.5042416666666667, "attack_acc_std": 0.0005318338295202875, "attack_pre_mean": 0.6168761952830972, "attack_pre_std": 0.035697911211354544, "attack_rec_mean": 0.024983333333333333, "attack_rec_std": 0.009010626442644757}