{"n_classes": 100, "alpha": 0.001, "max_iter": 200, "lambda_": 1e-06, "tolerance": 1e-05, "DP": true, "L": 3, "C": 1, "epsilon": 500, "delta": 1e-05, "train_acc": 0.4887, "test_acc": 0.3268, "attack_acc_mean": 0.5674666666666667, "attack_acc_std": 0.0030552777651503653, "attack_pre_mean": 0.6349863673172882, "attack_pre_std": 0.009954637697871962, "attack_rec_mean": 0.31825, "attack_rec_std": 0.013875127627040658}