{"n_classes": 100, "alpha": 0.001, "max_iter": 500, "lambda_": 0.0005, "tolerance": 1e-05, "DP": true, "L": 5, "C": 1, "epsilon": 50000, "delta": 1e-05, "train_acc": 0.7194, "test_acc": 0.4681, "attack_acc_mean": 0.6381416666666667, "attack_acc_std": 0.008745447228256691, "attack_pre_mean": 0.6521880988628744, "attack_pre_std": 0.011507759253193988, "attack_rec_mean": 0.5926499999999999, "attack_rec_std": 0.014683863024876419}