{"n_classes": 100, "alpha": 0.001, "max_iter": 500, "lambda_": 1e-06, "tolerance": 1e-05, "DP": true, "L": 10, "C": 1, "epsilon": 10000, "delta": 1e-05, "train_acc": 0.5883, "test_acc": 0.4026, "attack_acc": 0.50045, "attack_pre": 0.6285714285714286, "attack_rec": 0.0022}