{"n_classes": 100, "alpha": 0.001, "max_iter": 300, "lambda_": 1e-05, "tolerance": 1e-05, "DP": true, "L": 1, "C": 1, "epsilon": 10, "delta": 1e-05, "train_acc": 0.1493, "test_acc": 0.108, "attack_acc_mean": 0.514125, "attack_acc_std": 0.0028617812052403207, "attack_pre_mean": 0.5225524917872802, "attack_pre_std": 0.00842719944465112, "attack_rec_mean": 0.35169999999999996, "attack_rec_std": 0.0678445281507654}