{"n_classes": 100, "alpha": 0.001, "max_iter": 500, "lambda_": 1e-06, "tolerance": 1e-05, "DP": true, "L": 5, "C": 1, "epsilon": 200, "delta": 1e-05, "train_acc": 0.6235, "test_acc": 0.4002, "attack_acc_mean": 0.6113416666666667, "attack_acc_std": 0.0041420019984973, "attack_pre_mean": 0.626159289009121, "attack_pre_std": 0.006755154877883429, "attack_rec_mean": 0.5531999999999999, "attack_rec_std": 0.013658696863171116}