{"n_classes": 100, "alpha": 0.001, "max_iter": 500, "lambda_": 1e-06, "tolerance": 1e-05, "DP": true, "L": 3, "C": 1, "epsilon": 200, "delta": 1e-05, "train_acc": 0.5725, "test_acc": 0.3502, "attack_acc_mean": 0.6056083333333334, "attack_acc_std": 0.004333149034542378, "attack_pre_mean": 0.5979013364654167, "attack_pre_std": 0.0057566566987456505, "attack_rec_mean": 0.6455500000000001, "attack_rec_std": 0.007621624936105594}