{"n_classes": 100, "alpha": 0.001, "max_iter": 200, "lambda_": 1e-05, "tolerance": 1e-05, "DP": true, "L": 15, "C": 1, "epsilon": 10, "delta": 1e-05, "train_acc": 0.2197, "test_acc": 0.17, "attack_acc_mean": 0.4997, "attack_acc_std": 0.001044030650891057, "attack_pre_mean": 0.5446405706144385, "attack_pre_std": 0.046737904301397376, "attack_rec_mean": 0.004916666666666667, "attack_rec_std": 0.0077746203908758285}