{"n_classes": 100, "alpha": 0.01, "max_iter": 400, "lambda_": 0.0001, "tolerance": 1e-05, "DP": true, "L": 30, "C": 1.5, "epsilon": 1000000, "delta": 1e-05, "train_acc": 0.8741, "test_acc": 0.5291, "attack_acc_mean": 0.6574916666666667, "attack_acc_std": 0.005467435159398069, "attack_pre_mean": 0.6070353716267824, "attack_pre_std": 0.0044120100134624265, "attack_rec_mean": 0.8934333333333333, "attack_rec_std": 0.010125984177133387}