{"n_classes": 100, "alpha": 0.001, "max_iter": 100, "lambda_": 1e-05, "tolerance": 1e-05, "DP": true, "L": 1, "C": 1, "epsilon": 500, "delta": 1e-05, "train_acc": 0.2439, "test_acc": 0.1676, "attack_acc": 0.51395, "attack_pre": 0.6167364016736402, "attack_rec": 0.0737}