{"n_classes": 100, "alpha": 0.001, "max_iter": 100, "lambda_": 1e-05, "tolerance": 1e-05, "DP": true, "L": 15, "C": 1, "epsilon": 70, "delta": 1e-05, "train_acc": 0.113, "test_acc": 0.0969, "attack_acc_mean": 0.49980833333333335, "attack_acc_std": 0.0008691071408187971, "attack_pre_mean": 0.5853737604881769, "attack_pre_std": 0.06351357815150993, "attack_rec_mean": 0.0047, "attack_rec_std": 0.00745385806143369}