{"n_classes": 100, "alpha": 0.01, "max_iter": 500, "lambda_": 0.0001, "tolerance": 1e-05, "DP": true, "L": 50, "C": 3, "epsilon": 1000000, "delta": 1e-05, "train_acc": 0.9239, "test_acc": 0.5422, "attack_acc_mean": 0.651525, "attack_acc_std": 0.004158299933065598, "attack_pre_mean": 0.5960622945982581, "attack_pre_std": 0.0032000948784314076, "attack_rec_mean": 0.9403833333333332, "attack_rec_std": 0.007048029669504955}