{"n_classes": 100, "alpha": 0.001, "max_iter": 100, "lambda_": 1e-05, "tolerance": 1e-05, "DP": true, "L": 100, "C": 1, "epsilon": 5, "delta": 1e-05, "train_acc": 0.0293, "test_acc": 0.0225, "attack_acc_mean": 0.49985833333333335, "attack_acc_std": 0.00045681566912218204, "attack_pre_mean": 0.5773733452291963, "attack_pre_std": 0.06780076569421407, "attack_rec_mean": 0.005066666666666667, "attack_rec_std": 0.006686470585360328}