{"n_classes": 100, "alpha": 0.001, "max_iter": 500, "lambda_": 0.005, "tolerance": 1e-05, "DP": true, "L": 5, "C": 1, "epsilon": 10000, "delta": 1e-05, "train_acc": 0.6759, "test_acc": 0.4369, "attack_acc_mean": 0.6061666666666666, "attack_acc_std": 0.004586544329763839, "attack_pre_mean": 0.6672731502503201, "attack_pre_std": 0.0120908761536455, "attack_rec_mean": 0.42455, "attack_rec_std": 0.01603670269517188}