{"n_classes": 100, "alpha": 0.001, "max_iter": 500, "lambda_": 1e-06, "tolerance": 1e-05, "DP": true, "L": 5, "C": 1, "epsilon": 1, "delta": 1e-05, "train_acc": 0.1116, "test_acc": 0.0881, "attack_acc_mean": 0.5110083333333333, "attack_acc_std": 0.002844500053709896, "attack_pre_mean": 0.5196139495881128, "attack_pre_std": 0.007572727107364914, "attack_rec_mean": 0.3080333333333333, "attack_rec_std": 0.049731501306739395}