{"n_classes": 100, "alpha": 0.001, "max_iter": 200, "lambda_": 1e-05, "tolerance": 1e-05, "DP": true, "L": 5, "C": 1, "epsilon": 30, "delta": 1e-05, "train_acc": 0.4028, "test_acc": 0.2869, "attack_acc_mean": 0.5224916666666667, "attack_acc_std": 0.001334296527096651, "attack_pre_mean": 0.640310218105053, "attack_pre_std": 0.01847706842406252, "attack_rec_mean": 0.10408333333333335, "attack_rec_std": 0.012252675444797982}