{"n_classes": 100, "alpha": 0.001, "max_iter": 100, "lambda_": 1e-05, "tolerance": 1e-05, "DP": true, "L": 3, "C": 1, "epsilon": 1000, "delta": 1e-05, "train_acc": 0.3868, "test_acc": 0.2884, "attack_acc_mean": 0.5095916666666667, "attack_acc_std": 0.0009153399489928438, "attack_pre_mean": 0.6193422917082617, "attack_pre_std": 0.01859988322294746, "attack_rec_mean": 0.051133333333333336, "attack_rec_std": 0.010671092831674844}