{"n_classes": 100, "alpha": 0.001, "max_iter": 100, "lambda_": 0.001, "tolerance": 1e-05, "DP": true, "L": 3, "C": 1, "epsilon": 200, "delta": 1e-05, "train_acc": 0.3523, "test_acc": 0.2545, "attack_acc_mean": 0.5089416666666667, "attack_acc_std": 0.0008228085371998336, "attack_pre_mean": 0.6068532277238515, "attack_pre_std": 0.021390408427347723, "attack_rec_mean": 0.05253333333333334, "attack_rec_std": 0.009724139493491898}