{"n_classes": 100, "alpha": 0.01, "max_iter": 500, "lambda_": 0.0001, "tolerance": 1e-05, "DP": true, "L": 50, "C": 1.3, "epsilon": 1000000, "delta": 1e-05, "train_acc": 0.8181, "test_acc": 0.5221, "attack_acc_mean": 0.6656, "attack_acc_std": 0.008493919393699628, "attack_pre_mean": 0.6355330856563443, "attack_pre_std": 0.007869882253102744, "attack_rec_mean": 0.7769166666666667, "attack_rec_std": 0.016785550995490804}