{"n_classes": 100, "alpha": 0.01, "max_iter": 300, "lambda_": 1e-05, "tolerance": 1e-05, "DP": true, "L": 50, "C": 1.1, "epsilon": 1000000, "delta": 1e-05, "train_acc": 0.6762, "test_acc": 0.4517, "attack_acc_mean": 0.5817666666666667, "attack_acc_std": 0.004968456053499462, "attack_pre_mean": 0.6781714311036975, "attack_pre_std": 0.015525378844707746, "attack_rec_mean": 0.31256666666666666, "attack_rec_std": 0.02091918311555741}