{"n_classes": 100, "alpha": 0.001, "max_iter": 300, "lambda_": 1e-06, "tolerance": 1e-05, "DP": true, "L": 1, "C": 1, "epsilon": 500, "delta": 1e-05, "train_acc": 0.3185, "test_acc": 0.1818, "attack_acc_mean": 0.55665, "attack_acc_std": 0.006318293545992717, "attack_pre_mean": 0.5684084397898334, "attack_pre_std": 0.014337894840879675, "attack_rec_mean": 0.48101666666666665, "attack_rec_std": 0.043726247520479294}