{"n_classes": 100, "alpha": 0.001, "max_iter": 400, "lambda_": 1e-06, "tolerance": 1e-05, "DP": true, "L": 10, "C": 1, "epsilon": 500, "delta": 1e-05, "train_acc": 0.5091, "test_acc": 0.3572, "attack_acc_mean": 0.5163749999999999, "attack_acc_std": 0.0015391420770459472, "attack_pre_mean": 0.6460234128465773, "attack_pre_std": 0.021618038014814406, "attack_rec_mean": 0.07423333333333333, "attack_rec_std": 0.01497394032607613}