{"n_classes": 100, "alpha": 0.001, "max_iter": 500, "lambda_": 0.005, "tolerance": 1e-05, "DP": true, "L": 10, "C": 1.25, "epsilon": 100000, "delta": 1e-05, "train_acc": 0.6237, "test_acc": 0.4182, "attack_acc_mean": 0.5473583333333334, "attack_acc_std": 0.0029972788584907454, "attack_pre_mean": 0.6761257121656863, "attack_pre_std": 0.015114372765159359, "attack_rec_mean": 0.18315, "attack_rec_std": 0.020326399090837506}