{"n_classes": 100, "alpha": 0.01, "max_iter": 900, "lambda_": 0.0001, "tolerance": 1e-05, "DP": true, "L": 50, "C": 2, "epsilon": 1000000, "delta": 1e-05, "train_acc": 0.9342, "test_acc": 0.5368, "attack_acc_mean": 0.6495333333333333, "attack_acc_std": 0.004900311781464055, "attack_pre_mean": 0.5933897689527133, "attack_pre_std": 0.003826123973388149, "attack_rec_mean": 0.9504, "attack_rec_std": 0.00625539766921334}