{"n_classes": 100, "alpha": 0.001, "max_iter": 100, "lambda_": 0.0001, "tolerance": 1e-05, "DP": false, "L": 10, "C": 1, "epsilon": 0, "delta": 1e-05, "train_acc": 0.8748, "test_acc": 0.5545, "attack_acc_mean": 0.6887666666666666, "attack_acc_std": 0.010054172710317307, "attack_pre_mean": 0.662937937350721, "attack_pre_std": 0.008307138794684431, "attack_rec_mean": 0.7682833333333333, "attack_rec_std": 0.027162622398353854}