{"n_classes": 100, "alpha": 0.0005, "max_iter": 500, "lambda_": 1e-05, "tolerance": 1e-05, "DP": true, "L": 5, "C": 1, "epsilon": 100000, "delta": 1e-05, "train_acc": 0.5941, "test_acc": 0.4075, "attack_acc_mean": 0.5374833333333334, "attack_acc_std": 0.0031719692446316285, "attack_pre_mean": 0.6672333426392102, "attack_pre_std": 0.01657463827404695, "attack_rec_mean": 0.15108333333333335, "attack_rec_std": 0.02121732127819679}