{"n_classes": 100, "alpha": 0.001, "max_iter": 300, "lambda_": 1e-05, "tolerance": 1e-05, "DP": true, "L": 10, "C": 1, "epsilon": 10, "delta": 1e-05, "train_acc": 0.3759, "test_acc": 0.2775, "attack_acc_mean": 0.5062583333333334, "attack_acc_std": 0.0005783717566486974, "attack_pre_mean": 0.6309988931701812, "attack_pre_std": 0.035098870091334035, "attack_rec_mean": 0.032433333333333335, "attack_rec_std": 0.009047037575299934}