{"n_classes": 100, "alpha": 0.0005, "max_iter": 500, "lambda_": 0.001, "tolerance": 1e-05, "DP": true, "L": 5, "C": 1, "epsilon": 100000, "delta": 1e-05, "train_acc": 0.5854, "test_acc": 0.4, "attack_acc_mean": 0.5347749999999999, "attack_acc_std": 0.0027658256753936507, "attack_pre_mean": 0.6651964133001033, "attack_pre_std": 0.017340345304193636, "attack_rec_mean": 0.14161666666666667, "attack_rec_std": 0.019945878159548545}