{"n_classes": 100, "alpha": 0.001, "max_iter": 100, "lambda_": 1e-05, "tolerance": 1e-05, "DP": true, "L": 1000, "C": 1, "epsilon": 50, "delta": 1e-05, "train_acc": 0.0293, "test_acc": 0.0225, "attack_acc_mean": 0.49985833333333335, "attack_acc_std": 0.0004207301853788049, "attack_pre_mean": 0.5756177698126307, "attack_pre_std": 0.07050556604656026, "attack_rec_mean": 0.004933333333333334, "attack_rec_std": 0.006346039885016657}