{"n_classes": 100, "alpha": 0.001, "max_iter": 100, "lambda_": 1e-05, "tolerance": 1e-05, "DP": true, "L": 6, "C": 1, "epsilon": 1000, "delta": 1e-05, "train_acc": 0.2717, "test_acc": 0.2049, "attack_acc_mean": 0.5000749999999999, "attack_acc_std": 0.0009779868778942316, "attack_pre_mean": 0.6811379928315412, "attack_pre_std": 0.1256708051357712, "attack_rec_mean": 0.005716666666666666, "attack_rec_std": 0.007810125194614716}