{"n_classes": 100, "alpha": 0.001, "max_iter": 500, "lambda_": 0.005, "tolerance": 1e-05, "DP": true, "L": 5, "C": 1, "epsilon": 50000, "delta": 1e-05, "train_acc": 0.688, "test_acc": 0.4519, "attack_acc_mean": 0.6099583333333334, "attack_acc_std": 0.006747556141959032, "attack_pre_mean": 0.6707119479112161, "attack_pre_std": 0.013724420323134265, "attack_rec_mean": 0.43295, "attack_rec_std": 0.016536903176431382}