{"n_classes": 100, "alpha": 0.01, "max_iter": 300, "lambda_": 1e-05, "tolerance": 1e-05, "DP": true, "L": 30, "C": 1.1, "epsilon": 1000000, "delta": 1e-05, "train_acc": 0.7891, "test_acc": 0.5034, "attack_acc_mean": 0.6571083333333333, "attack_acc_std": 0.010067828989189068, "attack_pre_mean": 0.646829757644729, "attack_pre_std": 0.009958361416980392, "attack_rec_mean": 0.6924833333333332, "attack_rec_std": 0.019736465123105403}