{"n_classes": 100, "alpha": 0.001, "max_iter": 300, "lambda_": 1e-05, "tolerance": 1e-05, "DP": true, "L": 1, "C": 1, "epsilon": 500, "delta": 1e-05, "train_acc": 0.3199, "test_acc": 0.1819, "attack_acc": 0.55255, "attack_pre": 0.6579501051998797, "attack_rec": 0.2189}