{"n_classes": 100, "alpha": 0.001, "max_iter": 100, "lambda_": 1e-05, "tolerance": 1e-05, "DP": true, "L": 5, "C": 1, "epsilon": 70, "delta": 1e-05, "train_acc": 0.2806, "test_acc": 0.2164, "attack_acc_mean": 0.50035, "attack_acc_std": 0.0006843488389215913, "attack_pre_mean": 0.5918613314869283, "attack_pre_std": 0.05836790551433296, "attack_rec_mean": 0.00725, "attack_rec_std": 0.00765413831422802}