{"n_classes": 100, "alpha": 0.01, "max_iter": 500, "lambda_": 0.0001, "tolerance": 1e-05, "DP": true, "L": 50, "C": 2, "epsilon": 10, "delta": 1e-05, "train_acc": 0.6464, "test_acc": 0.3838, "attack_acc_mean": 0.6226916666666668, "attack_acc_std": 0.004424403600737884, "attack_pre_mean": 0.6022446063453762, "attack_pre_std": 0.004589215064540609, "attack_rec_mean": 0.72295, "attack_rec_std": 0.007221207193629967}