{"n_classes": 100, "alpha": 0.005, "max_iter": 500, "lambda_": 1e-05, "tolerance": 1e-05, "DP": true, "L": 5, "C": 1, "epsilon": 100000, "delta": 1e-05, "train_acc": 0.8607, "test_acc": 0.4505, "attack_acc_mean": 0.6546916666666667, "attack_acc_std": 0.009201241613077137, "attack_pre_mean": 0.6035735272755622, "attack_pre_std": 0.008105148086189467, "attack_rec_mean": 0.9025666666666665, "attack_rec_std": 0.008482662055955967}