{"n_classes": 100, "alpha": 0.001, "max_iter": 200, "lambda_": 1e-06, "tolerance": 1e-05, "DP": true, "L": 10, "C": 1, "epsilon": 500, "delta": 1e-05, "train_acc": 0.321, "test_acc": 0.24, "attack_acc_mean": 0.5001833333333333, "attack_acc_std": 0.0008527732536977332, "attack_pre_mean": 0.6263690853351819, "attack_pre_std": 0.08374462924253118, "attack_rec_mean": 0.006283333333333333, "attack_rec_std": 0.007867531732097149}