{"n_classes": 100, "alpha": 0.001, "max_iter": 300, "lambda_": 1e-05, "tolerance": 1e-05, "DP": true, "L": 10, "C": 1, "epsilon": 200, "delta": 1e-05, "train_acc": 0.43, "test_acc": 0.305, "attack_acc_mean": 0.5047416666666666, "attack_acc_std": 0.0004911013699385724, "attack_pre_mean": 0.6296055959505636, "attack_pre_std": 0.03897326036049871, "attack_rec_mean": 0.025566666666666665, "attack_rec_std": 0.008414207561552596}