{"n_classes": 100, "alpha": 0.01, "max_iter": 300, "lambda_": 1e-05, "tolerance": 1e-05, "DP": true, "L": 10, "C": 1.1, "epsilon": 1000000, "delta": 1e-05, "train_acc": 0.8845, "test_acc": 0.5017, "attack_acc_mean": 0.6496583333333333, "attack_acc_std": 0.005557833560740087, "attack_pre_mean": 0.5971981199953406, "attack_pre_std": 0.004468384436217145, "attack_rec_mean": 0.9198333333333332, "attack_rec_std": 0.005860508131173913}