{"n_classes": 100, "alpha": 0.001, "max_iter": 200, "lambda_": 1e-05, "tolerance": 1e-05, "DP": true, "L": 7, "C": 1, "epsilon": 10, "delta": 1e-05, "train_acc": 0.3362, "test_acc": 0.2542, "attack_acc_mean": 0.5043249999999999, "attack_acc_std": 0.00046881943930115436, "attack_pre_mean": 0.5970066875892006, "attack_pre_std": 0.024754577144267657, "attack_rec_mean": 0.028516666666666662, "attack_rec_std": 0.008136218750473437}