{"n_classes": 100, "alpha": 0.01, "max_iter": 500, "lambda_": 0.0005, "tolerance": 1e-05, "DP": true, "L": 10, "C": 1.25, "epsilon": 100000, "delta": 1e-05, "train_acc": 0.8822, "test_acc": 0.4603, "attack_acc_mean": 0.6642083333333334, "attack_acc_std": 0.006280553098431892, "attack_pre_mean": 0.6095485017904442, "attack_pre_std": 0.005203857114747024, "attack_rec_mean": 0.9140166666666666, "attack_rec_std": 0.006345974226932307}