{"n_classes": 100, "alpha": 0.001, "max_iter": 400, "lambda_": 1e-06, "tolerance": 1e-05, "DP": true, "L": 5, "C": 1, "epsilon": 500, "delta": 1e-05, "train_acc": 0.6137, "test_acc": 0.4059, "attack_acc_mean": 0.5979416666666667, "attack_acc_std": 0.005194020333250763, "attack_pre_mean": 0.6454541799690737, "attack_pre_std": 0.010352287539064985, "attack_rec_mean": 0.43543333333333334, "attack_rec_std": 0.016113624325051416}