{"n_classes": 100, "alpha": 0.001, "max_iter": 500, "lambda_": 1e-06, "tolerance": 1e-05, "DP": true, "L": 3, "C": 1, "epsilon": 100, "delta": 1e-05, "train_acc": 0.5281, "test_acc": 0.3182, "attack_acc_mean": 0.5967166666666667, "attack_acc_std": 0.00297596856315534, "attack_pre_mean": 0.5938292057725575, "attack_pre_std": 0.004500357231317416, "attack_rec_mean": 0.6125666666666666, "attack_rec_std": 0.008748079154242307}