{"n_classes": 100, "alpha": 0.001, "max_iter": 500, "lambda_": 0.001, "tolerance": 1e-05, "DP": true, "L": 5, "C": 1, "epsilon": 50000, "delta": 1e-05, "train_acc": 0.7152, "test_acc": 0.4667, "attack_acc_mean": 0.6369916666666666, "attack_acc_std": 0.008555720146324457, "attack_pre_mean": 0.6556623945444654, "attack_pre_std": 0.011449311412022198, "attack_rec_mean": 0.5776333333333333, "attack_rec_std": 0.015145479707013416}