{"n_classes": 100, "alpha": 0.001, "max_iter": 100, "lambda_": 1e-05, "tolerance": 1e-05, "DP": true, "L": 100, "C": 1, "epsilon": 10, "delta": 1e-05, "train_acc": 0.0293, "test_acc": 0.0225, "attack_acc_mean": 0.49985833333333335, "attack_acc_std": 0.00043819389417115576, "attack_pre_mean": 0.5772501276894592, "attack_pre_std": 0.06786219055294901, "attack_rec_mean": 0.005083333333333333, "attack_rec_std": 0.006716749379143324}