{"n_classes": 100, "alpha": 0.001, "max_iter": 50, "lambda_": 1e-05, "tolerance": 1e-05, "DP": true, "L": 1, "C": 1, "epsilon": 70, "delta": 1e-05, "train_acc": 0.1394, "test_acc": 0.0977, "attack_acc_mean": 0.515575, "attack_acc_std": 0.0023203358233956826, "attack_pre_mean": 0.5462627461766417, "attack_pre_std": 0.011300193678475139, "attack_rec_mean": 0.18873333333333334, "attack_rec_std": 0.018746436698447225}