{"n_classes": 100, "alpha": 0.001, "max_iter": 100, "lambda_": 1e-05, "tolerance": 1e-05, "DP": true, "L": 7, "C": 1, "epsilon": 150, "delta": 1e-05, "train_acc": 0.2244, "test_acc": 0.1751, "attack_acc_mean": 0.49984999999999996, "attack_acc_std": 0.0008568352622684512, "attack_pre_mean": 0.5935764537249685, "attack_pre_std": 0.07546563459395167, "attack_rec_mean": 0.005116666666666667, "attack_rec_std": 0.007744119632914312}