{"n_classes": 100, "alpha": 0.001, "max_iter": 200, "lambda_": 1e-06, "tolerance": 1e-05, "DP": true, "L": 5, "C": 1, "epsilon": 1, "delta": 1e-05, "train_acc": 0.1282, "test_acc": 0.1006, "attack_acc_mean": 0.5117833333333333, "attack_acc_std": 0.0010470859032996546, "attack_pre_mean": 0.540672952207839, "attack_pre_std": 0.007341991678562724, "attack_rec_mean": 0.15965, "attack_rec_std": 0.017279057651774104}