{"n_classes": 100, "alpha": 0.0005, "max_iter": 500, "lambda_": 0.005, "tolerance": 1e-05, "DP": true, "L": 5, "C": 1, "epsilon": 100000, "delta": 1e-05, "train_acc": 0.5628, "test_acc": 0.3876, "attack_acc_mean": 0.5242166666666667, "attack_acc_std": 0.002953481937570568, "attack_pre_mean": 0.6568543765008515, "attack_pre_std": 0.02148406425624197, "attack_rec_mean": 0.10291666666666666, "attack_rec_std": 0.017931296352714954}