{"n_classes": 100, "alpha": 0.01, "max_iter": 700, "lambda_": 0.0001, "tolerance": 1e-05, "DP": true, "L": 50, "C": 2, "epsilon": 1000000, "delta": 1e-05, "train_acc": 0.9141, "test_acc": 0.5402, "attack_acc_mean": 0.650375, "attack_acc_std": 0.004264362984862646, "attack_pre_mean": 0.595952856166178, "attack_pre_std": 0.003318721417800867, "attack_rec_mean": 0.9341500000000001, "attack_rec_std": 0.006662519543435982}