{"n_classes": 100, "alpha": 0.001, "max_iter": 300, "lambda_": 1e-06, "tolerance": 1e-05, "DP": true, "L": 3, "C": 1, "epsilon": 1, "delta": 1e-05, "train_acc": 0.1002, "test_acc": 0.0787, "attack_acc_mean": 0.508175, "attack_acc_std": 0.002466230254186868, "attack_pre_mean": 0.5148547399046247, "attack_pre_std": 0.006572056189518406, "attack_rec_mean": 0.30438333333333334, "attack_rec_std": 0.05367455687339725}