{"n_classes": 100, "alpha": 0.001, "max_iter": 300, "lambda_": 1e-06, "tolerance": 1e-05, "DP": true, "L": 3, "C": 1, "epsilon": 500, "delta": 1e-05, "train_acc": 0.5402, "test_acc": 0.3568, "attack_acc_mean": 0.59435, "attack_acc_std": 0.0034762287995278307, "attack_pre_mean": 0.6128335854596978, "attack_pre_std": 0.005864042615769813, "attack_rec_mean": 0.5129, "attack_rec_std": 0.01069641684552978}