{"n_classes": 100, "alpha": 0.001, "max_iter": 50, "lambda_": 1e-05, "tolerance": 1e-05, "DP": true, "L": 5, "C": 1, "epsilon": 50, "delta": 1e-05, "train_acc": 0.1675, "test_acc": 0.1366, "attack_acc_mean": 0.49985000000000007, "attack_acc_std": 0.0007268654162451985, "attack_pre_mean": 0.5851389957147566, "attack_pre_std": 0.06135503451968927, "attack_rec_mean": 0.004900000000000001, "attack_rec_std": 0.007924855414033326}