{"n_classes": 100, "alpha": 0.001, "max_iter": 200, "lambda_": 1e-05, "tolerance": 1e-05, "DP": true, "L": 10, "C": 1, "epsilon": 0.1, "delta": 1e-05, "train_acc": 0.0202, "test_acc": 0.0184, "attack_acc_mean": 0.5021249999999999, "attack_acc_std": 0.004046886663432373, "attack_pre_mean": 0.5043420577697181, "attack_pre_std": 0.008404159357684566, "attack_rec_mean": 0.26356666666666667, "attack_rec_std": 0.08692912183050179}