{"n_classes": 100, "alpha": 0.001, "max_iter": 200, "lambda_": 1e-05, "tolerance": 1e-05, "DP": true, "L": 1, "C": 1, "epsilon": 0.5, "delta": 1e-05, "train_acc": 0.0442, "test_acc": 0.0373, "attack_acc_mean": 0.5043166666666666, "attack_acc_std": 0.00225197444232586, "attack_pre_mean": 0.5102685587425285, "attack_pre_std": 0.007081398126024044, "attack_rec_mean": 0.26725, "attack_rec_std": 0.08450027120272059}