{"n_classes": 100, "alpha": 0.001, "max_iter": 500, "lambda_": 1e-06, "tolerance": 1e-05, "DP": true, "L": 5, "C": 1, "epsilon": 10, "delta": 1e-05, "train_acc": 0.4524, "test_acc": 0.2937, "attack_acc_mean": 0.5763583333333333, "attack_acc_std": 0.0028721967009396995, "attack_pre_mean": 0.5990973577821135, "attack_pre_std": 0.006194128548966173, "attack_rec_mean": 0.46235000000000004, "attack_rec_std": 0.010488843279091038}