{"n_classes": 100, "alpha": 0.001, "max_iter": 200, "lambda_": 1e-05, "tolerance": 1e-05, "DP": false, "L": 1, "C": 1, "epsilon": 0, "delta": 1e-05, "train_acc": 1.0, "test_acc": 0.5256, "attack_acc_mean": 0.6610583333333333, "attack_acc_std": 0.007514620009613839, "attack_pre_mean": 0.5974956205359468, "attack_pre_std": 0.005952239055299915, "attack_rec_mean": 0.9877666666666666, "attack_rec_std": 0.008222259759674095}