{"n_classes": 100, "alpha": 0.001, "max_iter": 100, "lambda_": 1e-08, "tolerance": 1e-05, "DP": false, "L": 10, "C": 1, "epsilon": 0, "delta": 1e-05, "train_acc": 0.8726, "test_acc": 0.5517, "attack_acc_mean": 0.6868916666666666, "attack_acc_std": 0.010678772427369893, "attack_pre_mean": 0.660319931452186, "attack_pre_std": 0.008346425571007576, "attack_rec_mean": 0.7698666666666667, "attack_rec_std": 0.02642490407845515}