{"n_classes": 100, "alpha": 0.001, "max_iter": 100, "lambda_": 1e-05, "tolerance": 1e-05, "DP": true, "L": 3, "C": 1, "epsilon": 1, "delta": 1e-05, "train_acc": 0.0988, "test_acc": 0.0826, "attack_acc_mean": 0.5075083333333333, "attack_acc_std": 0.0012771767910338726, "attack_pre_mean": 0.5280686712870064, "attack_pre_std": 0.006547676808354261, "attack_rec_mean": 0.14438333333333334, "attack_rec_std": 0.02017667107219512}