{"n_classes": 100, "alpha": 0.001, "max_iter": 200, "lambda_": 1e-05, "tolerance": 1e-05, "DP": true, "L": 5, "C": 1, "epsilon": 30, "delta": 1e-05, "train_acc": 0.4028, "test_acc": 0.2869, "attack_acc": 0.50025, "attack_pre": 0.8571428571428571, "attack_rec": 0.0006}