{"n_classes": 100, "alpha": 0.01, "max_iter": 400, "lambda_": 1e-05, "tolerance": 1e-05, "DP": true, "L": 20, "C": 1.7, "epsilon": 1000000, "delta": 1e-05, "train_acc": 0.9143, "test_acc": 0.5209, "attack_acc_mean": 0.6487166666666666, "attack_acc_std": 0.004803962484819761, "attack_pre_mean": 0.5941729685646991, "attack_pre_std": 0.003783862812079335, "attack_rec_mean": 0.9385666666666667, "attack_rec_std": 0.006742567924924605}