{"n_classes": 100, "alpha": 0.001, "max_iter": 200, "lambda_": 1e-05, "tolerance": 1e-05, "DP": true, "L": 15, "C": 1, "epsilon": 0.5, "delta": 1e-05, "train_acc": 0.0727, "test_acc": 0.0656, "attack_acc_mean": 0.5019250000000001, "attack_acc_std": 0.000855253373763198, "attack_pre_mean": 0.5642438903130779, "attack_pre_std": 0.031656495401043976, "attack_rec_mean": 0.022000000000000002, "attack_rec_std": 0.00997162641364654}