{"n_classes": 100, "alpha": 0.001, "max_iter": 200, "lambda_": 1e-05, "tolerance": 1e-05, "DP": true, "L": 10, "C": 1, "epsilon": 0.5, "delta": 1e-05, "train_acc": 0.0737, "test_acc": 0.0611, "attack_acc": 0.50045, "attack_pre": 0.6551724137931034, "attack_rec": 0.0019}