{"n_classes": 100, "alpha": 0.001, "max_iter": 300, "lambda_": 1e-05, "tolerance": 1e-05, "DP": true, "L": 20, "C": 0.9, "epsilon": 1000000, "delta": 1e-05, "train_acc": 0.2305, "test_acc": 0.1788, "attack_acc_mean": 0.49973333333333336, "attack_acc_std": 0.0010094002619817726, "attack_pre_mean": 0.58311985882219, "attack_pre_std": 0.066313696126904, "attack_rec_mean": 0.0048, "attack_rec_std": 0.007636316738672731}