{"n_classes": 100, "alpha": 0.001, "max_iter": 500, "lambda_": 0.005, "tolerance": 1e-05, "DP": true, "L": 5, "C": 1, "epsilon": 1000, "delta": 1e-05, "train_acc": 0.6408, "test_acc": 0.4193, "attack_acc_mean": 0.6018583333333334, "attack_acc_std": 0.005690007078691155, "attack_pre_mean": 0.6595680633379991, "attack_pre_std": 0.012884768971822396, "attack_rec_mean": 0.4221333333333333, "attack_rec_std": 0.017128209350529187}