{"n_classes": 100, "alpha": 0.001, "max_iter": 300, "lambda_": 1e-05, "tolerance": 1e-05, "DP": true, "L": 3, "C": 1, "epsilon": 1, "delta": 1e-05, "train_acc": 0.1005, "test_acc": 0.078, "attack_acc_mean": 0.5085666666666666, "attack_acc_std": 0.002158831988728093, "attack_pre_mean": 0.5154332445659402, "attack_pre_std": 0.006108064146099451, "attack_rec_mean": 0.3046333333333333, "attack_rec_std": 0.05409767914512498}