{"n_classes": 100, "alpha": 0.001, "max_iter": 50, "lambda_": 1e-05, "tolerance": 1e-05, "DP": true, "L": 5, "C": 1, "epsilon": 100, "delta": 1e-05, "train_acc": 0.1683, "test_acc": 0.138, "attack_acc_mean": 0.49974999999999997, "attack_acc_std": 0.0010226599304428343, "attack_pre_mean": 0.5852667645619188, "attack_pre_std": 0.06627492072199276, "attack_rec_mean": 0.00455, "attack_rec_std": 0.007197626923739054}