{"n_classes": 100, "alpha": 0.0005, "max_iter": 500, "lambda_": 0.1, "tolerance": 1e-05, "DP": true, "L": 5, "C": 1, "epsilon": 100000, "delta": 1e-05, "train_acc": 0.2181, "test_acc": 0.1688, "attack_acc_mean": 0.4998499999999999, "attack_acc_std": 0.0008296585643102496, "attack_pre_mean": 0.5870701586287661, "attack_pre_std": 0.06179679127916686, "attack_rec_mean": 0.004833333333333334, "attack_rec_std": 0.007604969135739838}