{"n_classes": 100, "alpha": 0.005, "max_iter": 500, "lambda_": 0.0005, "tolerance": 1e-05, "DP": true, "L": 5, "C": 1, "epsilon": 100000, "delta": 1e-05, "train_acc": 0.8396, "test_acc": 0.443, "attack_acc_mean": 0.6577916666666668, "attack_acc_std": 0.007274350868328788, "attack_pre_mean": 0.6086772384943347, "attack_pre_std": 0.006351405536905022, "attack_rec_mean": 0.8842666666666666, "attack_rec_std": 0.006271540657782775}