{"n_classes": 100, "alpha": 0.001, "max_iter": 400, "lambda_": 1e-06, "tolerance": 1e-05, "DP": true, "L": 3, "C": 1, "epsilon": 500, "delta": 1e-05, "train_acc": 0.5818, "test_acc": 0.3626, "attack_acc": 0.53585, "attack_pre": 0.7281985996180776, "attack_rec": 0.1144}