{"n_classes": 100, "alpha": 0.005, "max_iter": 500, "lambda_": 0.0001, "tolerance": 1e-05, "DP": true, "L": 5, "C": 1, "epsilon": 100000, "delta": 1e-05, "train_acc": 0.8561, "test_acc": 0.4512, "attack_acc_mean": 0.6542833333333333, "attack_acc_std": 0.008494148312547623, "attack_pre_mean": 0.6036502250464347, "attack_pre_std": 0.007608261849255995, "attack_rec_mean": 0.8995333333333333, "attack_rec_std": 0.007847434117099835}