{"n_classes": 100, "alpha": 0.001, "max_iter": 50, "lambda_": 1e-05, "tolerance": 1e-05, "DP": true, "L": 1, "C": 1, "epsilon": 100, "delta": 1e-05, "train_acc": 0.1583, "test_acc": 0.1198, "attack_acc_mean": 0.5184833333333333, "attack_acc_std": 0.0010934146311237971, "attack_pre_mean": 0.5491476766762999, "attack_pre_std": 0.007315737051976248, "attack_rec_mean": 0.20961666666666665, "attack_rec_std": 0.020937320480159085}