{"n_classes": 100, "alpha": 0.001, "max_iter": 1, "lambda_": 1e-05, "tolerance": 1e-05, "DP": false, "L": 1, "C": 1, "epsilon": 0, "delta": 1e-05, "train_acc": 0.1981, "test_acc": 0.1539, "attack_acc_mean": 0.499975, "attack_acc_std": 0.0009560116805422998, "attack_pre_mean": 0.5753962464488781, "attack_pre_std": 0.05885566514690069, "attack_rec_mean": 0.005983333333333333, "attack_rec_std": 0.007298496801092369}