{"n_classes": 100, "alpha": 0.001, "max_iter": 300, "lambda_": 1e-05, "tolerance": 1e-05, "DP": true, "L": 5, "C": 1, "epsilon": 10, "delta": 1e-05, "train_acc": 0.3869, "test_acc": 0.2723, "attack_acc": 0.50335, "attack_pre": 0.7189542483660131, "attack_rec": 0.011}