{"n_classes": 100, "alpha": 0.001, "max_iter": 100, "lambda_": 0.001, "tolerance": 1e-05, "DP": true, "L": 3, "C": 1, "epsilon": 10, "delta": 1e-05, "train_acc": 0.2307, "test_acc": 0.1762, "attack_acc": 0.50025, "attack_pre": 0.7777777777777778, "attack_rec": 0.0007}