{"n_classes": 100, "alpha": 0.001, "max_iter": 300, "lambda_": 1e-06, "tolerance": 1e-05, "DP": true, "L": 5, "C": 1, "epsilon": 1, "delta": 1e-05, "train_acc": 0.1238, "test_acc": 0.0951, "attack_acc_mean": 0.5109833333333332, "attack_acc_std": 0.0006599663291074665, "attack_pre_mean": 0.5263697803968346, "attack_pre_std": 0.004556196023337141, "attack_rec_mean": 0.22396666666666665, "attack_rec_std": 0.030212616937667323}