{"n_classes": 100, "alpha": 0.001, "max_iter": 50, "lambda_": 1e-05, "tolerance": 1e-05, "DP": true, "L": 5, "C": 1, "epsilon": 150, "delta": 1e-05, "train_acc": 0.1673, "test_acc": 0.139, "attack_acc_mean": 0.4998333333333333, "attack_acc_std": 0.0008919392106839768, "attack_pre_mean": 0.5873872755853395, "attack_pre_std": 0.062387682936103306, "attack_rec_mean": 0.004900000000000001, "attack_rec_std": 0.007715136637372882}