{"n_classes": 100, "alpha": 0.001, "max_iter": 300, "lambda_": 1e-05, "tolerance": 1e-05, "DP": true, "L": 10, "C": 0.9, "epsilon": 1000000, "delta": 1e-05, "train_acc": 0.4165, "test_acc": 0.298, "attack_acc_mean": 0.5024583333333333, "attack_acc_std": 0.0004729487874554492, "attack_pre_mean": 0.6248445327534541, "attack_pre_std": 0.04816191847227313, "attack_rec_mean": 0.015533333333333335, "attack_rec_std": 0.008062188839818183}