{"n_classes": 100, "alpha": 0.001, "max_iter": 400, "lambda_": 1e-06, "tolerance": 1e-05, "DP": true, "L": 3, "C": 1, "epsilon": 500, "delta": 1e-05, "train_acc": 0.5818, "test_acc": 0.3626, "attack_acc_mean": 0.6104083333333333, "attack_acc_std": 0.004430426678724704, "attack_pre_mean": 0.6088509879327081, "attack_pre_std": 0.00579607379055805, "attack_rec_mean": 0.6179666666666667, "attack_rec_std": 0.007016330158201552}