{"n_classes": 100, "alpha": 0.01, "max_iter": 500, "lambda_": 0.0001, "tolerance": 1e-05, "DP": true, "L": 30, "C": 1.7, "epsilon": 1000000, "delta": 1e-05, "train_acc": 0.9078, "test_acc": 0.5366, "attack_acc_mean": 0.6491333333333333, "attack_acc_std": 0.004117813605408681, "attack_pre_mean": 0.5953911451500694, "attack_pre_std": 0.003256499989616968, "attack_rec_mean": 0.9310166666666667, "attack_rec_std": 0.0064803334962193265}