{"n_classes": 100, "alpha": 0.005, "max_iter": 500, "lambda_": 0.01, "tolerance": 1e-05, "DP": true, "L": 5, "C": 1, "epsilon": 100000, "delta": 1e-05, "train_acc": 0.648, "test_acc": 0.3923, "attack_acc_mean": 0.6133166666666666, "attack_acc_std": 0.006739910154363268, "attack_pre_mean": 0.6754549975800658, "attack_pre_std": 0.013211629692244098, "attack_rec_mean": 0.43694999999999995, "attack_rec_std": 0.014547708868867764}