{"n_classes": 100, "alpha": 0.001, "max_iter": 300, "lambda_": 1e-05, "tolerance": 1e-05, "DP": true, "L": 20, "C": 1.1, "epsilon": 1000000, "delta": 1e-05, "train_acc": 0.2805, "test_acc": 0.2103, "attack_acc_mean": 0.49974999999999997, "attack_acc_std": 0.000955248658727152, "attack_pre_mean": 0.5571350196350195, "attack_pre_std": 0.054290513003757736, "attack_rec_mean": 0.004883333333333333, "attack_rec_std": 0.007737014210203372}