{"n_classes": 100, "alpha": 0.001, "max_iter": 300, "lambda_": 1e-06, "tolerance": 1e-05, "DP": true, "L": 7, "C": 1, "epsilon": 500, "delta": 1e-05, "train_acc": 0.5076, "test_acc": 0.351, "attack_acc_mean": 0.5230166666666668, "attack_acc_std": 0.0019321116829923452, "attack_pre_mean": 0.6556647104946035, "attack_pre_std": 0.016327536648558322, "attack_rec_mean": 0.09823333333333334, "attack_rec_std": 0.015668510529792623}