{"n_classes": 100, "alpha": 0.01, "max_iter": 500, "lambda_": 0.005, "tolerance": 1e-05, "DP": false, "L": 10, "C": 1.25, "epsilon": 100000, "delta": 1e-05, "train_acc": 0.9283, "test_acc": 0.5192, "attack_acc_mean": 0.7237083333333333, "attack_acc_std": 0.008991728452058355, "attack_pre_mean": 0.6770187671777225, "attack_pre_std": 0.006216097899838461, "attack_rec_mean": 0.8556833333333334, "attack_rec_std": 0.02363820471656469}