{"n_classes": 100, "alpha": 0.001, "max_iter": 50, "lambda_": 1e-05, "tolerance": 1e-05, "DP": true, "L": 1, "C": 1, "epsilon": 150, "delta": 1e-05, "train_acc": 0.1693, "test_acc": 0.1264, "attack_acc_mean": 0.5212083333333334, "attack_acc_std": 0.0021609058028727117, "attack_pre_mean": 0.5614276817389455, "attack_pre_std": 0.010666254415195704, "attack_rec_mean": 0.19646666666666668, "attack_rec_std": 0.016899375399371683}