{"n_classes": 100, "alpha": 0.001, "max_iter": 300, "lambda_": 1e-05, "tolerance": 1e-05, "DP": true, "L": 1, "C": 1, "epsilon": 500, "delta": 1e-05, "train_acc": 0.3199, "test_acc": 0.1819, "attack_acc_mean": 0.5571083333333333, "attack_acc_std": 0.00609476665308489, "attack_pre_mean": 0.5687123172743986, "attack_pre_std": 0.013937916306518009, "attack_rec_mean": 0.48229999999999995, "attack_rec_std": 0.04279750771559795}