{"n_classes": 100, "alpha": 0.0005, "max_iter": 500, "lambda_": 0.001, "tolerance": 1e-05, "DP": true, "L": 5, "C": 1.25, "epsilon": 100000, "delta": 1e-05, "train_acc": 0.6399, "test_acc": 0.433, "attack_acc_mean": 0.5669333333333334, "attack_acc_std": 0.0036057438745547106, "attack_pre_mean": 0.6759817396116747, "attack_pre_std": 0.017445511758926842, "attack_rec_mean": 0.2589666666666666, "attack_rec_std": 0.021936853820809298}