{"n_classes": 100, "alpha": 0.001, "max_iter": 200, "lambda_": 1e-05, "tolerance": 1e-05, "DP": true, "L": 3, "C": 1, "epsilon": 10, "delta": 1e-05, "train_acc": 0.2819, "test_acc": 0.2015, "attack_acc_mean": 0.5370833333333335, "attack_acc_std": 0.001718930546072816, "attack_pre_mean": 0.5797510572111119, "attack_pre_std": 0.006686762814730748, "attack_rec_mean": 0.27055, "attack_rec_std": 0.012340009454345373}