{"n_classes": 100, "alpha": 0.001, "max_iter": 300, "lambda_": 1e-06, "tolerance": 1e-05, "DP": true, "L": 5, "C": 1, "epsilon": 500, "delta": 1e-05, "train_acc": 0.5599, "test_acc": 0.3785, "attack_acc": 0.50245, "attack_pre": 0.7425742574257426, "attack_rec": 0.0075}