{"n_classes": 100, "alpha": 0.01, "max_iter": 500, "lambda_": 0.0001, "tolerance": 1e-05, "DP": true, "L": 40, "C": 1.1, "epsilon": 1000000, "delta": 1e-05, "train_acc": 0.8225, "test_acc": 0.5184, "attack_acc_mean": 0.665525, "attack_acc_std": 0.008485318202636821, "attack_pre_mean": 0.6310221056081381, "attack_pre_std": 0.007937151006212758, "attack_rec_mean": 0.7976833333333334, "attack_rec_std": 0.015461502370583377}