{"n_classes": 100, "alpha": 0.001, "max_iter": 100, "lambda_": 1e-05, "tolerance": 1e-05, "DP": true, "L": 7, "C": 1, "epsilon": 70, "delta": 1e-05, "train_acc": 0.2314, "test_acc": 0.1795, "attack_acc_mean": 0.49982499999999996, "attack_acc_std": 0.000884001319757688, "attack_pre_mean": 0.5867372302083765, "attack_pre_std": 0.06249237480384304, "attack_rec_mean": 0.004916666666666667, "attack_rec_std": 0.007785545724110945}