{"n_classes": 100, "alpha": 0.01, "max_iter": 300, "lambda_": 0.0001, "tolerance": 1e-05, "DP": true, "L": 50, "C": 2, "epsilon": 1000000, "delta": 1e-05, "train_acc": 0.8047, "test_acc": 0.5078, "attack_acc_mean": 0.6621833333333335, "attack_acc_std": 0.008941880239760665, "attack_pre_mean": 0.6412155777483799, "attack_pre_std": 0.008881312473656176, "attack_rec_mean": 0.7368833333333332, "attack_rec_std": 0.017233921653400753}