{"n_classes": 100, "alpha": 0.001, "max_iter": 200, "lambda_": 1e-05, "tolerance": 1e-05, "DP": true, "L": 1, "C": 1, "epsilon": 500, "delta": 1e-05, "train_acc": 0.2883, "test_acc": 0.1812, "attack_acc_mean": 0.5466583333333334, "attack_acc_std": 0.0050005346936325005, "attack_pre_mean": 0.5612670101107642, "attack_pre_std": 0.011728127414107021, "attack_rec_mean": 0.43500000000000005, "attack_rec_std": 0.034997333231738294}