{"n_classes": 100, "alpha": 0.01, "max_iter": 500, "lambda_": 0.0001, "tolerance": 1e-05, "DP": true, "L": 50, "C": 0.5, "epsilon": 1000000, "delta": 1e-05, "train_acc": 0.6077, "test_acc": 0.4088, "attack_acc_mean": 0.5370916666666666, "attack_acc_std": 0.0031492613772473796, "attack_pre_mean": 0.671559300677787, "attack_pre_std": 0.016952682224033754, "attack_rec_mean": 0.14658333333333332, "attack_rec_std": 0.01992514463909582}