{"n_classes": 100, "alpha": 0.001, "max_iter": 100, "lambda_": 1e-05, "tolerance": 1e-05, "DP": true, "L": 3, "C": 1, "epsilon": 200, "delta": 1e-05, "train_acc": 0.3433, "test_acc": 0.2543, "attack_acc_mean": 0.5113500000000001, "attack_acc_std": 0.0006211548384528195, "attack_pre_mean": 0.6311012879929582, "attack_pre_std": 0.02484480691369756, "attack_rec_mean": 0.0564, "attack_rec_std": 0.00893998508574446}