{"n_classes": 100, "alpha": 0.001, "max_iter": 200, "lambda_": 1e-05, "tolerance": 1e-05, "DP": true, "L": 7, "C": 1, "epsilon": 100, "delta": 1e-05, "train_acc": 0.3867, "test_acc": 0.2834, "attack_acc_mean": 0.5035583333333332, "attack_acc_std": 0.0003552190247657943, "attack_pre_mean": 0.6154787663641258, "attack_pre_std": 0.035751038276974394, "attack_rec_mean": 0.02173333333333333, "attack_rec_std": 0.009343209060893132}