{"n_classes": 100, "alpha": 0.001, "max_iter": 100, "lambda_": 1e-05, "tolerance": 1e-05, "DP": true, "L": 10, "C": 1, "epsilon": 0.7, "delta": 1e-05, "train_acc": 0.1112, "test_acc": 0.0912, "attack_acc_mean": 0.5004583333333333, "attack_acc_std": 0.0007014370170506371, "attack_pre_mean": 0.627272104835961, "attack_pre_std": 0.08473645386602728, "attack_rec_mean": 0.007316666666666667, "attack_rec_std": 0.007860537866810105}