{"n_classes": 100, "alpha": 0.001, "max_iter": 50, "lambda_": 1e-05, "tolerance": 1e-05, "DP": true, "L": 5, "C": 1, "epsilon": 70, "delta": 1e-05, "train_acc": 0.1771, "test_acc": 0.1416, "attack_acc_mean": 0.49980833333333335, "attack_acc_std": 0.0008691071408187971, "attack_pre_mean": 0.585239651416122, "attack_pre_std": 0.0631638048962661, "attack_rec_mean": 0.004866666666666668, "attack_rec_std": 0.007746325293683164}