{"n_classes": 100, "alpha": 0.001, "max_iter": 100, "lambda_": 1e-05, "tolerance": 1e-05, "DP": true, "L": 10, "C": 1, "epsilon": 500, "delta": 1e-05, "train_acc": 0.173, "test_acc": 0.1408, "attack_acc_mean": 0.4997583333333333, "attack_acc_std": 0.0009791223394221855, "attack_pre_mean": 0.5844501718213059, "attack_pre_std": 0.06509482542720635, "attack_rec_mean": 0.0048333333333333344, "attack_rec_std": 0.007708797283335161}