{"n_classes": 100, "alpha": 0.001, "max_iter": 400, "lambda_": 1e-06, "tolerance": 1e-05, "DP": true, "L": 5, "C": 1, "epsilon": 200, "delta": 1e-05, "train_acc": 0.5809, "test_acc": 0.3815, "attack_acc_mean": 0.5981833333333334, "attack_acc_std": 0.004988960034137599, "attack_pre_mean": 0.6461904657538665, "attack_pre_std": 0.010975275658332556, "attack_rec_mean": 0.4349, "attack_rec_std": 0.013745423480805048}