{"n_classes": 100, "alpha": 0.001, "max_iter": 300, "lambda_": 1e-06, "tolerance": 1e-05, "DP": true, "L": 3, "C": 1, "epsilon": 10, "delta": 1e-05, "train_acc": 0.3221, "test_acc": 0.2169, "attack_acc_mean": 0.5523, "attack_acc_std": 0.001961929322546234, "attack_pre_mean": 0.5772599197268805, "attack_pre_std": 0.006220915388043786, "attack_rec_mean": 0.3920166666666667, "attack_rec_std": 0.013869200489654123}