{"n_classes": 100, "alpha": 0.0001, "max_iter": 100, "lambda_": 0.01, "tolerance": 1e-05, "DP": true, "L": 3, "C": 1, "epsilon": 200, "delta": 1e-05, "train_acc": 0.0418, "test_acc": 0.0346, "attack_acc_mean": 0.49991666666666673, "attack_acc_std": 0.0006593346814950889, "attack_pre_mean": 0.5876524390243902, "attack_pre_std": 0.06006529584973803, "attack_rec_mean": 0.0044, "attack_rec_std": 0.0067700320038633}