{"n_classes": 100, "alpha": 0.001, "max_iter": 400, "lambda_": 1e-06, "tolerance": 1e-05, "DP": true, "L": 10, "C": 1, "epsilon": 200, "delta": 1e-05, "train_acc": 0.5067, "test_acc": 0.3504, "attack_acc_mean": 0.5163333333333333, "attack_acc_std": 0.0016996731711976252, "attack_pre_mean": 0.643570088412926, "attack_pre_std": 0.018605388914043234, "attack_rec_mean": 0.07453333333333333, "attack_rec_std": 0.013789569326930491}