{"n_classes": 100, "alpha": 0.001, "max_iter": 100, "lambda_": 1e-05, "tolerance": 1e-05, "DP": true, "L": 2, "C": 1, "epsilon": 1000, "delta": 1e-05, "train_acc": 0.3789, "test_acc": 0.2629, "attack_acc_mean": 0.5375, "attack_acc_std": 0.00163299316185542, "attack_pre_mean": 0.6280535748298621, "attack_pre_std": 0.012911068222737384, "attack_rec_mean": 0.18525, "attack_rec_std": 0.013930870994545416}