{"n_classes": 100, "alpha": 0.001, "max_iter": 100, "lambda_": 0.005, "tolerance": 1e-05, "DP": false, "L": 10, "C": 1, "epsilon": 0, "delta": 1e-05, "train_acc": 0.8271, "test_acc": 0.5255, "attack_acc_mean": 0.6609916666666668, "attack_acc_std": 0.012225227218974512, "attack_pre_mean": 0.7028438344760762, "attack_pre_std": 0.01414516755480288, "attack_rec_mean": 0.5579166666666667, "attack_rec_std": 0.022791183724316624}