{"n_classes": 100, "alpha": 0.001, "max_iter": 200, "lambda_": 1e-05, "tolerance": 1e-05, "DP": true, "L": 5, "C": 1, "epsilon": 0.1, "delta": 1e-05, "train_acc": 0.0184, "test_acc": 0.0173, "attack_acc_mean": 0.5002083333333333, "attack_acc_std": 0.0011137087690335351, "attack_pre_mean": 0.5002081235357325, "attack_pre_std": 0.002031000293041288, "attack_rec_mean": 0.299, "attack_rec_std": 0.09653781642444582}