{"n_classes": 100, "alpha": 0.001, "max_iter": 100, "lambda_": 1e-05, "tolerance": 1e-05, "DP": true, "L": 7, "C": 1, "epsilon": 0.1, "delta": 1e-05, "train_acc": 0.0211, "test_acc": 0.0212, "attack_acc_mean": 0.496725, "attack_acc_std": 0.00154643407015409, "attack_pre_mean": 0.49115387032988195, "attack_pre_std": 0.005029361446916229, "attack_rec_mean": 0.20825000000000002, "attack_rec_std": 0.06996419917834167}