{"n_classes": 100, "alpha": 0.001, "max_iter": 50, "lambda_": 1e-05, "tolerance": 1e-05, "DP": true, "L": 1, "C": 1, "epsilon": 0.1, "delta": 1e-05, "train_acc": 0.0147, "test_acc": 0.0139, "attack_acc": 0.50095, "attack_pre": 0.5276967930029155, "attack_rec": 0.0181}