{"n_classes": 100, "alpha": 0.001, "max_iter": 100, "lambda_": 1e-05, "tolerance": 1e-05, "DP": true, "L": 10, "C": 1, "epsilon": 200, "delta": 1e-05, "train_acc": 0.1798, "test_acc": 0.1467, "attack_acc_mean": 0.4998, "attack_acc_std": 0.000837157890324947, "attack_pre_mean": 0.5837802885425597, "attack_pre_std": 0.06383303766012584, "attack_rec_mean": 0.004783333333333333, "attack_rec_std": 0.007635098049286742}