{"n_classes": 100, "alpha": 0.0005, "max_iter": 500, "lambda_": 0.0005, "tolerance": 1e-05, "DP": true, "L": 5, "C": 1, "epsilon": 100000, "delta": 1e-05, "train_acc": 0.59, "test_acc": 0.4034, "attack_acc_mean": 0.5356833333333333, "attack_acc_std": 0.0030256771510229485, "attack_pre_mean": 0.6654659429611756, "attack_pre_std": 0.015687450792847852, "attack_rec_mean": 0.14504999999999998, "attack_rec_std": 0.021443472200182508}