{"n_classes": 100, "alpha": 0.001, "max_iter": 50, "lambda_": 1e-05, "tolerance": 1e-05, "DP": true, "L": 1, "C": 1, "epsilon": 1, "delta": 1e-05, "train_acc": 0.0407, "test_acc": 0.0393, "attack_acc_mean": 0.4997, "attack_acc_std": 0.0024669481821338107, "attack_pre_mean": 0.4991905477773995, "attack_pre_std": 0.004677723930485932, "attack_rec_mean": 0.26338333333333336, "attack_rec_std": 0.06972810090311908}