{"n_classes": 100, "alpha": 0.01, "max_iter": 500, "lambda_": 0.1, "tolerance": 1e-05, "DP": true, "L": 50, "C": 2, "epsilon": 1000000, "delta": 1e-05, "train_acc": 0.225, "test_acc": 0.1735, "attack_acc_mean": 0.49980833333333335, "attack_acc_std": 0.0009203335747917067, "attack_pre_mean": 0.5861571070900193, "attack_pre_std": 0.06370705870424208, "attack_rec_mean": 0.004783333333333334, "attack_rec_std": 0.007496758558796521}