{"n_classes": 100, "alpha": 0.001, "max_iter": 100, "lambda_": 1e-05, "tolerance": 1e-05, "DP": true, "L": 5, "C": 1, "epsilon": 5000, "delta": 1e-05, "train_acc": 0.3099, "test_acc": 0.2284, "attack_acc_mean": 0.5001166666666667, "attack_acc_std": 0.0009325889889025288, "attack_pre_mean": 0.598595201654098, "attack_pre_std": 0.07742173279323358, "attack_rec_mean": 0.006533333333333333, "attack_rec_std": 0.00767542977443102}