{"n_classes": 100, "alpha": 0.001, "max_iter": 300, "lambda_": 1e-05, "tolerance": 1e-05, "DP": true, "L": 3, "C": 1, "epsilon": 100, "delta": 1e-05, "train_acc": 0.4713, "test_acc": 0.308, "attack_acc_mean": 0.581225, "attack_acc_std": 0.0032668473589481687, "attack_pre_mean": 0.6044103539549678, "attack_pre_std": 0.006086402841724155, "attack_rec_mean": 0.47069999999999995, "attack_rec_std": 0.008424171571535488}