{"n_classes": 100, "alpha": 0.01, "max_iter": 500, "lambda_": 0.0001, "tolerance": 1e-05, "DP": true, "L": 100, "C": 1.7, "epsilon": 1000000, "delta": 1e-05, "train_acc": 0.7427, "test_acc": 0.4824, "attack_acc_mean": 0.628375, "attack_acc_std": 0.008274446104322231, "attack_pre_mean": 0.6690586590437942, "attack_pre_std": 0.013656534059470163, "attack_rec_mean": 0.5090500000000001, "attack_rec_std": 0.01943834269341569}