{"n_classes": 100, "alpha": 0.01, "max_iter": 300, "lambda_": 1e-05, "tolerance": 1e-05, "DP": true, "L": 30, "C": 0.9, "epsilon": 1000000, "delta": 1e-05, "train_acc": 0.7468, "test_acc": 0.485, "attack_acc_mean": 0.6364500000000001, "attack_acc_std": 0.008213454409280752, "attack_pre_mean": 0.6628813888101018, "attack_pre_std": 0.012341154354564803, "attack_rec_mean": 0.5561666666666666, "attack_rec_std": 0.017780951105669848}