{"n_classes": 100, "alpha": 0.001, "max_iter": 100, "lambda_": 1e-05, "tolerance": 1e-05, "DP": true, "L": 15, "C": 1, "epsilon": 5, "delta": 1e-05, "train_acc": 0.1174, "test_acc": 0.0967, "attack_acc_mean": 0.4997749999999999, "attack_acc_std": 0.0009932060880468614, "attack_pre_mean": 0.5862622658340767, "attack_pre_std": 0.06470424168138876, "attack_rec_mean": 0.0047666666666666664, "attack_rec_std": 0.007563876137419374}