{"n_classes": 100, "alpha": 0.001, "max_iter": 300, "lambda_": 1e-05, "tolerance": 1e-05, "DP": true, "L": 10, "C": 1.1, "epsilon": 1000000, "delta": 1e-05, "train_acc": 0.4791, "test_acc": 0.3338, "attack_acc_mean": 0.507375, "attack_acc_std": 0.0008449605513474042, "attack_pre_mean": 0.6422773957880299, "attack_pre_std": 0.036434079250354016, "attack_rec_mean": 0.035416666666666666, "attack_rec_std": 0.009670818074093951}