{"n_classes": 100, "alpha": 0.001, "max_iter": 100, "lambda_": 1e-05, "tolerance": 1e-05, "DP": true, "L": 100, "C": 1, "epsilon": 0.1, "delta": 1e-05, "train_acc": 0.0309, "test_acc": 0.0237, "attack_acc_mean": 0.49999166666666667, "attack_acc_std": 0.0005126862805090706, "attack_pre_mean": 0.5987343120678515, "attack_pre_std": 0.07175424318349609, "attack_rec_mean": 0.004366666666666667, "attack_rec_std": 0.006015720147155192}