{"n_classes": 100, "alpha": 0.001, "max_iter": 200, "lambda_": 1e-05, "tolerance": 1e-05, "DP": true, "L": 1, "C": 1, "epsilon": 1, "delta": 1e-05, "train_acc": 0.0604, "test_acc": 0.0486, "attack_acc_mean": 0.5017583333333334, "attack_acc_std": 0.001213952451933569, "attack_pre_mean": 0.503289620924844, "attack_pre_std": 0.00248854856556951, "attack_rec_mean": 0.29695, "attack_rec_std": 0.0877575970120726}