{"n_classes": 100, "alpha": 0.001, "max_iter": 200, "lambda_": 1e-05, "tolerance": 1e-05, "DP": true, "L": 5, "C": 1, "epsilon": 70, "delta": 1e-05, "train_acc": 0.4155, "test_acc": 0.2882, "attack_acc_mean": 0.5185083333333333, "attack_acc_std": 0.0015608268819941216, "attack_pre_mean": 0.6267690020073698, "attack_pre_std": 0.010357640226015007, "attack_rec_mean": 0.09241666666666666, "attack_rec_std": 0.013937170524257149}