{"n_classes": 100, "alpha": 0.001, "max_iter": 100, "lambda_": 1e-05, "tolerance": 1e-05, "DP": true, "L": 15, "C": 1, "epsilon": 0.1, "delta": 1e-05, "train_acc": 0.0252, "test_acc": 0.0221, "attack_acc_mean": 0.5012333333333333, "attack_acc_std": 0.0006605973727535318, "attack_pre_mean": 0.5068452486601926, "attack_pre_std": 0.0040148071982622794, "attack_rec_mean": 0.10536666666666668, "attack_rec_std": 0.029585901296995426}