{"n_classes": 100, "alpha": 0.001, "max_iter": 200, "lambda_": 1e-06, "tolerance": 1e-05, "DP": true, "L": 5, "C": 1, "epsilon": 10, "delta": 1e-05, "train_acc": 0.3492, "test_acc": 0.2565, "attack_acc": 0.50025, "attack_pre": 0.6923076923076923, "attack_rec": 0.0009}