{"n_classes": 100, "alpha": 0.001, "max_iter": 300, "lambda_": 1e-06, "tolerance": 1e-05, "DP": true, "L": 10, "C": 1, "epsilon": 10, "delta": 1e-05, "train_acc": 0.3715, "test_acc": 0.2737, "attack_acc_mean": 0.5063, "attack_acc_std": 0.000600694043031346, "attack_pre_mean": 0.6314230631583864, "attack_pre_std": 0.034426970489110344, "attack_rec_mean": 0.03255, "attack_rec_std": 0.009444354574735817}