{"n_classes": 100, "alpha": 0.001, "max_iter": 500, "lambda_": 1e-06, "tolerance": 1e-05, "DP": true, "L": 5, "C": 1, "epsilon": 500, "delta": 1e-05, "train_acc": 0.6476, "test_acc": 0.4188, "attack_acc_mean": 0.6165249999999999, "attack_acc_std": 0.005690470835821331, "attack_pre_mean": 0.6294895490255399, "attack_pre_std": 0.008011528592301437, "attack_rec_mean": 0.5670833333333334, "attack_rec_std": 0.015194233189675036}