{"n_classes": 100, "alpha": 0.01, "max_iter": 300, "lambda_": 1e-05, "tolerance": 1e-05, "DP": true, "L": 10, "C": 0.9, "epsilon": 1000000, "delta": 1e-05, "train_acc": 0.8653, "test_acc": 0.5081, "attack_acc_mean": 0.6459166666666666, "attack_acc_std": 0.004532260902561647, "attack_pre_mean": 0.5963341771839578, "attack_pre_std": 0.003578902713882843, "attack_rec_mean": 0.90345, "attack_rec_std": 0.0066767631878528215}