{"n_classes": 100, "alpha": 0.001, "max_iter": 100, "lambda_": 1e-05, "tolerance": 1e-05, "DP": true, "L": 1, "C": 1, "epsilon": 500, "delta": 1e-05, "train_acc": 0.2439, "test_acc": 0.1676, "attack_acc_mean": 0.5359666666666667, "attack_acc_std": 0.0023683092891108796, "attack_pre_mean": 0.5584901128961212, "attack_pre_std": 0.008299422227893562, "attack_rec_mean": 0.34696666666666665, "attack_rec_std": 0.023500898327983594}