{"n_classes": 100, "alpha": 0.001, "max_iter": 100, "lambda_": 1e-07, "tolerance": 1e-05, "DP": true, "L": 3, "C": 1, "epsilon": 10, "delta": 1e-05, "train_acc": 0.2282, "test_acc": 0.1748, "attack_acc_mean": 0.5128250000000001, "attack_acc_std": 0.000977560739800866, "attack_pre_mean": 0.5839604360343479, "attack_pre_std": 0.010075612160005487, "attack_rec_mean": 0.09063333333333334, "attack_rec_std": 0.014464515969164751}