{"n_classes": 100, "alpha": 0.001, "max_iter": 100, "lambda_": 1e-05, "tolerance": 1e-05, "DP": true, "L": 7, "C": 1, "epsilon": 100, "delta": 1e-05, "train_acc": 0.236, "test_acc": 0.1831, "attack_acc_mean": 0.49980833333333335, "attack_acc_std": 0.0010191567865424514, "attack_pre_mean": 0.6247852666049308, "attack_pre_std": 0.10626667796439283, "attack_rec_mean": 0.00505, "attack_rec_std": 0.007746773521925112}