{"n_classes": 100, "alpha": 0.001, "max_iter": 500, "lambda_": 1e-06, "tolerance": 1e-05, "DP": true, "L": 3, "C": 1, "epsilon": 10, "delta": 1e-05, "train_acc": 0.3707, "test_acc": 0.2308, "attack_acc_mean": 0.5649000000000001, "attack_acc_std": 0.0040330922792980225, "attack_pre_mean": 0.577037535629254, "attack_pre_std": 0.008571505152106598, "attack_rec_mean": 0.4887666666666666, "attack_rec_std": 0.021500439271998364}