{"n_classes": 100, "alpha": 0.01, "max_iter": 500, "lambda_": 0.0001, "tolerance": 1e-05, "DP": true, "L": 50, "C": 2, "epsilon": 100, "delta": 1e-05, "train_acc": 0.8231, "test_acc": 0.4898, "attack_acc_mean": 0.65225, "attack_acc_std": 0.004795744641519888, "attack_pre_mean": 0.6084338723781128, "attack_pre_std": 0.004184562333911848, "attack_rec_mean": 0.8545166666666666, "attack_rec_std": 0.008504982199994442}