{"n_classes": 100, "alpha": 0.001, "max_iter": 400, "lambda_": 1e-06, "tolerance": 1e-05, "DP": true, "L": 10, "C": 1, "epsilon": 10, "delta": 1e-05, "train_acc": 0.4388, "test_acc": 0.3165, "attack_acc_mean": 0.519675, "attack_acc_std": 0.0013591510830907314, "attack_pre_mean": 0.6406992627902106, "attack_pre_std": 0.021244944180833353, "attack_rec_mean": 0.09165000000000001, "attack_rec_std": 0.015381021855953959}