{"n_classes": 100, "alpha": 0.001, "max_iter": 100, "lambda_": 1e-05, "tolerance": 1e-05, "DP": true, "L": 5, "C": 1, "epsilon": 30, "delta": 1e-05, "train_acc": 0.2729, "test_acc": 0.2073, "attack_acc_mean": 0.5008333333333334, "attack_acc_std": 0.0009136313382443627, "attack_pre_mean": 0.6332536962740322, "attack_pre_std": 0.08061016973055112, "attack_rec_mean": 0.00865, "attack_rec_std": 0.0076036723583629865}