{"n_classes": 100, "alpha": 0.001, "max_iter": 100, "lambda_": 1e-05, "tolerance": 1e-05, "DP": true, "L": 3, "C": 1, "epsilon": 0.5, "delta": 1e-05, "train_acc": 0.0614, "test_acc": 0.0491, "attack_acc_mean": 0.5035833333333334, "attack_acc_std": 0.0016972199490801387, "attack_pre_mean": 0.5102051924887571, "attack_pre_std": 0.0053760098825494035, "attack_rec_mean": 0.18878333333333333, "attack_rec_std": 0.042869274804015776}