{"n_classes": 100, "alpha": 0.01, "max_iter": 300, "lambda_": 1e-05, "tolerance": 1e-05, "DP": true, "L": 50, "C": 1.3, "epsilon": 1000000, "delta": 1e-05, "train_acc": 0.7224, "test_acc": 0.4742, "attack_acc_mean": 0.6139416666666667, "attack_acc_std": 0.0059707213876456266, "attack_pre_mean": 0.673442934803074, "attack_pre_std": 0.01352840580901013, "attack_rec_mean": 0.4435166666666666, "attack_rec_std": 0.017303315353487097}