{"n_classes": 100, "alpha": 0.01, "max_iter": 500, "lambda_": 0.0001, "tolerance": 1e-05, "DP": true, "L": 50, "C": 1, "epsilon": 1000000, "delta": 1e-05, "train_acc": 0.7713, "test_acc": 0.4978, "attack_acc_mean": 0.6479, "attack_acc_std": 0.00930716569817759, "attack_pre_mean": 0.6547041926952107, "attack_pre_std": 0.011157950121367593, "attack_rec_mean": 0.62655, "attack_rec_std": 0.018999539468102896}