{"n_classes": 100, "alpha": 0.001, "max_iter": 200, "lambda_": 1e-06, "tolerance": 1e-05, "DP": true, "L": 1, "C": 1, "epsilon": 100, "delta": 1e-05, "train_acc": 0.2199, "test_acc": 0.1457, "attack_acc": 0.52395, "attack_pre": 0.607350963693411, "attack_rec": 0.1355}