{"n_classes": 100, "alpha": 0.001, "max_iter": 300, "lambda_": 1e-05, "tolerance": 1e-05, "DP": true, "L": 1, "C": 1, "epsilon": 1, "delta": 1e-05, "train_acc": 0.0658, "test_acc": 0.0547, "attack_acc": 0.50535, "attack_pre": 0.5497674418604651, "attack_rec": 0.0591}