{"n_classes": 100, "alpha": 0.001, "max_iter": 100, "lambda_": 1e-05, "tolerance": 1e-05, "DP": true, "L": 100, "C": 1, "epsilon": 30, "delta": 1e-05, "train_acc": 0.0293, "test_acc": 0.0225, "attack_acc_mean": 0.49985833333333335, "attack_acc_std": 0.00043819389417115576, "attack_pre_mean": 0.5772303730421785, "attack_pre_std": 0.0678866115707558, "attack_rec_mean": 0.00505, "attack_rec_std": 0.00668674061108998}