{"n_classes": 100, "alpha": 0.001, "max_iter": 200, "lambda_": 1e-05, "tolerance": 1e-05, "DP": true, "L": 5, "C": 1, "epsilon": 10, "delta": 1e-05, "train_acc": 0.3454, "test_acc": 0.2416, "attack_acc_mean": 0.5210333333333333, "attack_acc_std": 0.0014622091353686548, "attack_pre_mean": 0.6205914696772569, "attack_pre_std": 0.018362426523385364, "attack_rec_mean": 0.11006666666666666, "attack_rec_std": 0.012966580976580606}