{"n_classes": 100, "alpha": 0.001, "max_iter": 100, "lambda_": 1e-05, "tolerance": 1e-05, "DP": true, "L": 10, "C": 1, "epsilon": 0.1, "delta": 1e-05, "train_acc": 0.0231, "test_acc": 0.021, "attack_acc_mean": 0.49984999999999996, "attack_acc_std": 0.001977582699492811, "attack_pre_mean": 0.4989879596481818, "attack_pre_std": 0.006055151612160789, "attack_rec_mean": 0.19043333333333334, "attack_rec_std": 0.06182094215465248}