{"n_classes": 100, "alpha": 0.001, "max_iter": 50, "lambda_": 1e-05, "tolerance": 1e-05, "DP": true, "L": 5, "C": 1, "epsilon": 0.5, "delta": 1e-05, "train_acc": 0.0646, "test_acc": 0.0595, "attack_acc_mean": 0.4990916666666667, "attack_acc_std": 0.0008772194074967121, "attack_pre_mean": 0.4615048712644681, "attack_pre_std": 0.022711145196025944, "attack_rec_mean": 0.011016666666666666, "attack_rec_std": 0.009715179989183021}