{"n_classes": 100, "alpha": 0.01, "max_iter": 500, "lambda_": 0.0001, "tolerance": 1e-05, "DP": true, "L": 50, "C": 5, "epsilon": 1000000, "delta": 1e-05, "train_acc": 0.9657, "test_acc": 0.5376, "attack_acc_mean": 0.6570916666666666, "attack_acc_std": 0.00575488319217302, "attack_pre_mean": 0.596775722226354, "attack_pre_std": 0.004664240027465861, "attack_rec_mean": 0.9691833333333334, "attack_rec_std": 0.00665267281290426}