{"n_classes": 100, "alpha": 0.001, "max_iter": 100, "lambda_": 1e-05, "tolerance": 1e-05, "DP": true, "L": 2, "C": 1, "epsilon": 200, "delta": 1e-05, "train_acc": 0.3201, "test_acc": 0.2343, "attack_acc_mean": 0.5323166666666667, "attack_acc_std": 0.0012157530816557804, "attack_pre_mean": 0.6004110596443745, "attack_pre_std": 0.009961968289007991, "attack_rec_mean": 0.19476666666666667, "attack_rec_std": 0.016613816204860608}