{"n_classes": 100, "alpha": 0.01, "max_iter": 500, "lambda_": 0.0001, "tolerance": 1e-05, "DP": true, "L": 50, "C": 2, "epsilon": 0.1, "delta": 1e-05, "train_acc": 0.02, "test_acc": 0.0176, "attack_acc_mean": 0.5007166666666666, "attack_acc_std": 0.001173551116152268, "attack_pre_mean": 0.5013906699196403, "attack_pre_std": 0.002040765766360214, "attack_rec_mean": 0.30683333333333335, "attack_rec_std": 0.10139509630921781}