{"n_classes": 100, "alpha": 0.001, "max_iter": 200, "lambda_": 1e-05, "tolerance": 1e-05, "DP": true, "L": 1, "C": 1, "epsilon": 30, "delta": 1e-05, "train_acc": 0.1738, "test_acc": 0.1136, "attack_acc_mean": 0.5263166666666667, "attack_acc_std": 0.001701388321995362, "attack_pre_mean": 0.5409686993979587, "attack_pre_std": 0.007731715890367784, "attack_rec_mean": 0.3563666666666667, "attack_rec_std": 0.05121619752469808}