{"n_classes": 100, "alpha": 0.001, "max_iter": 200, "lambda_": 1e-05, "tolerance": 1e-05, "DP": true, "L": 3, "C": 1, "epsilon": 500, "delta": 1e-05, "train_acc": 0.4854, "test_acc": 0.3268, "attack_acc_mean": 0.566025, "attack_acc_std": 0.002631499889163353, "attack_pre_mean": 0.6325874918817084, "attack_pre_std": 0.009748273370639687, "attack_rec_mean": 0.31601666666666667, "attack_rec_std": 0.015270823669846872}