{"n_classes": 100, "alpha": 0.01, "max_iter": 500, "lambda_": 0.001, "tolerance": 1e-05, "DP": true, "L": 50, "C": 1.5, "epsilon": 1000000, "delta": 1e-05, "train_acc": 0.8286, "test_acc": 0.517, "attack_acc_mean": 0.6683500000000001, "attack_acc_std": 0.00774790294208696, "attack_pre_mean": 0.6345671044172402, "attack_pre_std": 0.007613041585244659, "attack_rec_mean": 0.7943833333333333, "attack_rec_std": 0.01592779715535774}