{"n_classes": 100, "alpha": 0.001, "max_iter": 500, "lambda_": 0.01, "tolerance": 1e-05, "DP": true, "L": 5, "C": 1, "epsilon": 50000, "delta": 1e-05, "train_acc": 0.6499, "test_acc": 0.4241, "attack_acc": 0.50225, "attack_pre": 0.7586206896551724, "attack_rec": 0.0066}