{"n_classes": 100, "alpha": 0.001, "max_iter": 200, "lambda_": 1e-05, "tolerance": 1e-05, "DP": true, "L": 5, "C": 1, "epsilon": 0.5, "delta": 1e-05, "train_acc": 0.0637, "test_acc": 0.0557, "attack_acc": 0.50115, "attack_pre": 0.5325779036827195, "attack_rec": 0.0188}