{"n_classes": 100, "alpha": 0.001, "max_iter": 500, "lambda_": 1e-06, "tolerance": 1e-05, "DP": true, "L": 10, "C": 1, "epsilon": 1000, "delta": 1e-05, "train_acc": 0.5808, "test_acc": 0.3968, "attack_acc_mean": 0.5378416666666667, "attack_acc_std": 0.002852691224479494, "attack_pre_mean": 0.6709619385368027, "attack_pre_std": 0.015939443817055345, "attack_rec_mean": 0.14974999999999997, "attack_rec_std": 0.018228434747211107}