{"n_classes": 100, "alpha": 0.001, "max_iter": 200, "lambda_": 1e-05, "tolerance": 1e-05, "DP": true, "L": 15, "C": 1, "epsilon": 30, "delta": 1e-05, "train_acc": 0.2332, "test_acc": 0.1873, "attack_acc_mean": 0.4998, "attack_acc_std": 0.0009128709291752737, "attack_pre_mean": 0.5858985260770975, "attack_pre_std": 0.06334797010942571, "attack_rec_mean": 0.004883333333333333, "attack_rec_std": 0.007782548140265858}