{"n_classes": 100, "alpha": 0.001, "max_iter": 200, "lambda_": 1e-05, "tolerance": 1e-05, "DP": true, "L": 5, "C": 1, "epsilon": 200, "delta": 1e-05, "train_acc": 0.4528, "test_acc": 0.3247, "attack_acc_mean": 0.517925, "attack_acc_std": 0.0013834588296488387, "attack_pre_mean": 0.6429586455755959, "attack_pre_std": 0.019397561652123096, "attack_rec_mean": 0.08216666666666667, "attack_rec_std": 0.013670365353160421}