{"n_classes": 100, "alpha": 0.001, "max_iter": 200, "lambda_": 1e-05, "tolerance": 1e-05, "DP": true, "L": 1, "C": 1, "epsilon": 50, "delta": 1e-05, "train_acc": 0.1959, "test_acc": 0.124, "attack_acc_mean": 0.529825, "attack_acc_std": 0.0022131708022654, "attack_pre_mean": 0.5441615292594871, "attack_pre_std": 0.008873835442281755, "attack_rec_mean": 0.37788333333333335, "attack_rec_std": 0.05054880205196645}