{"n_classes": 100, "alpha": 0.01, "max_iter": 200, "lambda_": 0.0001, "tolerance": 1e-05, "DP": true, "L": 50, "C": 2, "epsilon": 1000000, "delta": 1e-05, "train_acc": 0.7256, "test_acc": 0.4771, "attack_acc_mean": 0.6179500000000001, "attack_acc_std": 0.006334758611554717, "attack_pre_mean": 0.671878720003543, "attack_pre_std": 0.012812983702506936, "attack_rec_mean": 0.46208333333333335, "attack_rec_std": 0.01846387614295066}