{"n_classes": 100, "alpha": 0.001, "max_iter": 100, "lambda_": 1e-05, "tolerance": 1e-05, "DP": true, "L": 3, "C": 1, "epsilon": 500, "delta": 1e-05, "train_acc": 0.3746, "test_acc": 0.2752, "attack_acc_mean": 0.5096416666666667, "attack_acc_std": 0.0005255288341809078, "attack_pre_mean": 0.6325589169276745, "attack_pre_std": 0.02715062540250977, "attack_rec_mean": 0.04855, "attack_rec_std": 0.012953345771138308}