{"n_classes": 100, "alpha": 0.01, "max_iter": 500, "lambda_": 0.0001, "tolerance": 1e-05, "DP": true, "L": 40, "C": 1.5, "epsilon": 1000000, "delta": 1e-05, "train_acc": 0.8701, "test_acc": 0.534, "attack_acc_mean": 0.6592833333333333, "attack_acc_std": 0.005551701440899786, "attack_pre_mean": 0.6096825372744568, "attack_pre_std": 0.004603036739968894, "attack_rec_mean": 0.8856666666666668, "attack_rec_std": 0.011175518879328262}