{"n_classes": 100, "alpha": 0.01, "max_iter": 100, "lambda_": 0.0001, "tolerance": 1e-05, "DP": false, "L": 1, "C": 1, "epsilon": 100000, "delta": 1e-05, "train_acc": 0.9204, "test_acc": 0.5408, "accuracy": 0.1967, "out_dp_train_acc": 0.309, "out_dp_test_acc": 0.1967, "mi_attack": {"attack_acc_mean": 0.6677, "attack_acc_std": 0.005485359301510375, "attack_pre_mean": 0.6078640214734519, "attack_pre_std": 0.004460481264499853, "attack_rec_mean": 0.9453666666666667, "attack_rec_std": 0.007323857514239936}, "out_dp_mi_attack": {"attack_acc_mean": 0.5508083333333333, "attack_acc_std": 0.0035810166930015444, "attack_pre_mean": 0.5679490700932436, "attack_pre_std": 0.010078360783547806, "attack_rec_mean": 0.4295833333333334, "attack_rec_std": 0.03109530600517634}}