{"n_classes": 100, "alpha": 0.01, "max_iter": 100, "lambda_": 0.0001, "tolerance": 1e-05, "DP": false, "L": 1, "C": 1, "epsilon": 100000, "delta": 1e-05, "train_acc": 0.9201, "test_acc": 0.5383, "accuracy": 0.1839, "out_dp_train_acc": 0.3038, "out_dp_test_acc": 0.1839, "mi_attack": {"attack_acc_mean": 0.66725, "attack_acc_std": 0.005476388712768073, "attack_pre_mean": 0.6076118916053661, "attack_pre_std": 0.004376149308386652, "attack_rec_mean": 0.9446166666666667, "attack_rec_std": 0.0068822032970715236}, "out_dp_mi_attack": {"attack_acc_mean": 0.5543083333333333, "attack_acc_std": 0.0031217538695775147, "attack_pre_mean": 0.5701346540236442, "attack_pre_std": 0.008504576110738482, "attack_rec_mean": 0.4446166666666667, "attack_rec_std": 0.023066817196040618}}