{"n_classes": 100, "alpha": 0.01, "max_iter": 100, "lambda_": 0.0001, "tolerance": 1e-05, "DP": false, "L": 1, "C": 1, "epsilon": 100000, "delta": 1e-05, "train_acc": 0.9229, "test_acc": 0.5442, "accuracy": 0.1707, "out_dp_train_acc": 0.2945, "out_dp_test_acc": 0.1707, "mi_attack": {"attack_acc_mean": 0.6675666666666666, "attack_acc_std": 0.005127187879876806, "attack_pre_mean": 0.6076106437680499, "attack_pre_std": 0.004235977626721497, "attack_rec_mean": 0.9464333333333332, "attack_rec_std": 0.007211487749109442}, "out_dp_mi_attack": {"attack_acc_mean": 0.5570416666666667, "attack_acc_std": 0.0035368791170874003, "attack_pre_mean": 0.5823184162678752, "attack_pre_std": 0.014874055918828028, "attack_rec_mean": 0.4129666666666667, "attack_rec_std": 0.050443587853715895}}