{"n_classes": 100, "alpha": 0.01, "max_iter": 100, "lambda_": 0.0001, "tolerance": 1e-05, "DP": false, "L": 1, "C": 1, "epsilon": 100000, "delta": 1e-05, "train_acc": 0.9198, "test_acc": 0.5408, "accuracy": 0.1627, "out_dp_train_acc": 0.2736, "out_dp_test_acc": 0.1627, "mi_attack": {"attack_acc_mean": 0.6676166666666666, "attack_acc_std": 0.005457080008779623, "attack_pre_mean": 0.6078217499758122, "attack_pre_std": 0.004446554137679569, "attack_rec_mean": 0.9451999999999999, "attack_rec_std": 0.007057147676882871}, "out_dp_mi_attack": {"attack_acc_mean": 0.5529666666666667, "attack_acc_std": 0.0033319997332266057, "attack_pre_mean": 0.567667780992949, "attack_pre_std": 0.009777330840988918, "attack_rec_mean": 0.45078333333333337, "attack_rec_std": 0.047710495584188696}}