{"n_classes": 100, "alpha": 0.01, "max_iter": 100, "lambda_": 0.0001, "tolerance": 1e-05, "DP": false, "L": 1, "C": 1, "epsilon": 100000, "delta": 1e-05, "train_acc": 0.9185, "test_acc": 0.5395, "accuracy": 0.1946, "out_dp_train_acc": 0.3208, "out_dp_test_acc": 0.1946, "mi_attack": {"attack_acc_mean": 0.667075, "attack_acc_std": 0.005695008779624474, "attack_pre_mean": 0.6074232405953235, "attack_pre_std": 0.004645892714643282, "attack_rec_mean": 0.9450500000000002, "attack_rec_std": 0.007060158166311377}, "out_dp_mi_attack": {"attack_acc_mean": 0.5564416666666666, "attack_acc_std": 0.003844196563941856, "attack_pre_mean": 0.5693891840557509, "attack_pre_std": 0.009611105430433083, "attack_rec_mean": 0.46805, "attack_rec_std": 0.034230529745633}}