{"n_classes": 100, "alpha": 0.001, "max_iter": 100, "lambda_": 0.001, "tolerance": 1e-05, "DP": false, "L": 10, "C": 1, "epsilon": 0, "delta": 1e-05, "train_acc": 0.8658, "test_acc": 0.5489, "attack_acc": 0.50815, "attack_pre": 0.7654723127035831, "attack_rec": 0.0235, "outDP_epsilon": 600, "outDP_train_acc": 0.8657, "outDP_test_acc": 0.548, "attack_acc_mean": 0.5315, "attack_acc_std": 0.070772752525248, "attack_pre_mean": 0.5841609865641831, "attack_pre_std": 0.07619389890428944, "attack_rec_mean": 0.1305333333333333, "attack_rec_std": 0.27633755123439563}