{"n_classes": 100, "alpha": 0.001, "max_iter": 100, "lambda_": 1, "tolerance": 1e-05, "DP": false, "L": 10, "C": 1, "epsilon": 0, "delta": 1e-05, "train_acc": 0.0325, "test_acc": 0.0248, "attack_acc": 0.5, "attack_pre": 0, "attack_rec": 0.0, "outDP_epsilon": 50, "outDP_train_acc": 0.0325, "outDP_test_acc": 0.0249, "attack_acc_mean": 0.4998916666666666, "attack_acc_std": 0.00042270622843240793, "attack_pre_mean": 0.5766793409378961, "attack_pre_std": 0.06930078663902585, "attack_rec_mean": 0.005916666666666666, "attack_rec_std": 0.008117145776413995}