{"n_classes": 100, "alpha": 0.001, "max_iter": 100, "lambda_": 0.0005, "tolerance": 1e-05, "DP": false, "L": 10, "C": 1, "epsilon": 0, "delta": 1e-05, "train_acc": 0.8688, "test_acc": 0.5478, "attack_acc": 0.50975, "attack_pre": 0.773109243697479, "attack_rec": 0.0276, "outDP_epsilon": 300, "outDP_train_acc": 0.8674, "outDP_test_acc": 0.5449, "attack_acc_mean": 0.5317416666666667, "attack_acc_std": 0.07131312651881765, "attack_pre_mean": 0.583599592926516, "attack_pre_std": 0.07557003864396038, "attack_rec_mean": 0.1333833333333333, "attack_rec_std": 0.282707896462448}