{"n_classes": 100, "alpha": 0.001, "max_iter": 100, "lambda_": 0.001, "tolerance": 1e-05, "DP": false, "L": 10, "C": 1, "epsilon": 0, "delta": 1e-05, "train_acc": 0.8658, "test_acc": 0.5489, "attack_acc": 0.50815, "attack_pre": 0.7654723127035831, "attack_rec": 0.0235, "outDP_epsilon": 900, "outDP_train_acc": 0.8662, "outDP_test_acc": 0.5493, "attack_acc_mean": 0.5316, "attack_acc_std": 0.07099635554026701, "attack_pre_mean": 0.5842606963640791, "attack_pre_std": 0.0763063297560091, "attack_rec_mean": 0.13059999999999997, "attack_rec_std": 0.2764865638688434}