{"n_classes": 100, "alpha": 0.001, "max_iter": 100, "lambda_": 0.0001, "tolerance": 1e-05, "DP": false, "L": 10, "C": 1, "epsilon": 0, "delta": 1e-05, "train_acc": 0.8748, "test_acc": 0.5545, "attack_acc": 0.5106, "attack_pre": 0.7804232804232805, "attack_rec": 0.0295, "outDP_epsilon": 10, "outDP_train_acc": 0.0229, "outDP_test_acc": 0.0172, "attack_acc_mean": 0.5006499999999999, "attack_acc_std": 0.0018357559750685987, "attack_pre_mean": 0.5582476190083433, "attack_pre_std": 0.06870207415106705, "attack_rec_mean": 0.0335, "attack_rec_std": 0.059760103748236586}