{"n_classes": 100, "alpha": 0.001, "max_iter": 100, "lambda_": 0.01, "tolerance": 1e-05, "DP": false, "L": 10, "C": 1, "epsilon": 0, "delta": 1e-05, "train_acc": 0.7754, "test_acc": 0.4985, "attack_acc": 0.50095, "attack_pre": 0.6862745098039216, "attack_rec": 0.0035, "outDP_epsilon": 500, "outDP_train_acc": 0.7757, "outDP_test_acc": 0.4981, "attack_acc_mean": 0.518125, "attack_acc_std": 0.04086622229910665, "attack_pre_mean": 0.594825076378591, "attack_pre_std": 0.0905680152897707, "attack_rec_mean": 0.0631, "attack_rec_std": 0.12568241722691367}