{"n_classes": 100, "alpha": 0.001, "max_iter": 100, "lambda_": 0.005, "tolerance": 1e-05, "DP": false, "L": 10, "C": 1, "epsilon": 0, "delta": 1e-05, "train_acc": 0.8271, "test_acc": 0.5255, "attack_acc": 0.503, "attack_pre": 0.7459016393442623, "attack_rec": 0.0091, "outDP_epsilon": 30, "outDP_train_acc": 0.8216, "outDP_test_acc": 0.5189, "attack_acc_mean": 0.5279166666666666, "attack_acc_std": 0.06276032894184741, "attack_pre_mean": 0.5900890979289817, "attack_pre_std": 0.08365191888373782, "attack_rec_mean": 0.10211666666666663, "attack_rec_std": 0.21282838482892474}