{"n_classes": 100, "alpha": 0.001, "max_iter": 100, "lambda_": 0.005, "tolerance": 1e-05, "DP": false, "L": 10, "C": 1, "epsilon": 0, "delta": 1e-05, "train_acc": 0.8271, "test_acc": 0.5255, "attack_acc": 0.503, "attack_pre": 0.7459016393442623, "attack_rec": 0.0091, "outDP_epsilon": 200, "outDP_train_acc": 0.8265, "outDP_test_acc": 0.5243, "attack_acc_mean": 0.5280583333333334, "attack_acc_std": 0.06307709843693053, "attack_pre_mean": 0.5905630971997011, "attack_pre_std": 0.08430976796391923, "attack_rec_mean": 0.10166666666666663, "attack_rec_std": 0.2118228242869235}