{"n_classes": 100, "alpha": 0.001, "max_iter": 100, "lambda_": 1e-07, "tolerance": 1e-05, "DP": false, "L": 10, "C": 1, "epsilon": 0, "delta": 1e-05, "train_acc": 0.8737, "test_acc": 0.5488, "attack_acc": 0.51105, "attack_pre": 0.7728395061728395, "attack_rec": 0.0313, "outDP_epsilon": 500, "outDP_train_acc": 0.0122, "outDP_test_acc": 0.0099, "attack_acc_mean": 0.49976666666666664, "attack_acc_std": 0.00045246239868326635, "attack_pre_mean": 0.5556529344744018, "attack_pre_std": 0.07057710844587435, "attack_rec_mean": 0.052483333333333326, "attack_rec_std": 0.10199847084910417}