{"n_classes": 100, "alpha": 0.001, "max_iter": 100, "lambda_": 0.001, "tolerance": 1e-05, "DP": false, "L": 10, "C": 1, "epsilon": 0, "delta": 1e-05, "train_acc": 0.8658, "test_acc": 0.5489, "attack_acc": 0.50815, "attack_pre": 0.7654723127035831, "attack_rec": 0.0235, "outDP_epsilon": 0.2, "outDP_train_acc": 0.0139, "outDP_test_acc": 0.0132, "attack_acc_mean": 0.5000999999999999, "attack_acc_std": 0.0006946221994724777, "attack_pre_mean": 0.5561035920350149, "attack_pre_std": 0.07022064331799231, "attack_rec_mean": 0.07884999999999999, "attack_rec_std": 0.16084816598270557}