{"n_classes": 100, "alpha": 0.001, "max_iter": 100, "lambda_": 1e-06, "tolerance": 1e-05, "DP": false, "L": 10, "C": 1, "epsilon": 0, "delta": 1e-05, "train_acc": 0.8736, "test_acc": 0.5502, "attack_acc": 0.51135, "attack_pre": 0.774818401937046, "attack_rec": 0.032, "outDP_epsilon": 0.5, "outDP_train_acc": 0.0087, "outDP_test_acc": 0.0085, "attack_acc_mean": 0.5003583333333333, "attack_acc_std": 0.0012091376633323854, "attack_pre_mean": 0.5568656981812153, "attack_pre_std": 0.06964685687370845, "attack_rec_mean": 0.045816666666666665, "attack_rec_std": 0.08714176986701357}