{"n_classes": 100, "alpha": 0.001, "max_iter": 100, "lambda_": 0.0005, "tolerance": 1e-05, "DP": false, "L": 10, "C": 1, "epsilon": 0, "delta": 1e-05, "train_acc": 0.8688, "test_acc": 0.5478, "attack_acc": 0.50975, "attack_pre": 0.773109243697479, "attack_rec": 0.0276, "outDP_epsilon": 0.6, "outDP_train_acc": 0.0102, "outDP_test_acc": 0.0093, "attack_acc_mean": 0.4996833333333333, "attack_acc_std": 0.0005557777333510932, "attack_pre_mean": 0.5553966133099164, "attack_pre_std": 0.07078545510184404, "attack_rec_mean": 0.041183333333333336, "attack_rec_std": 0.07682786856921704}