{"n_classes": 100, "alpha": 0.001, "max_iter": 100, "lambda_": 1e-05, "tolerance": 1e-05, "DP": false, "L": 1, "C": 1, "epsilon": 0, "delta": 1e-05, "train_acc": 0.9999, "test_acc": 0.5402, "attack_acc": 0.85065, "attack_pre": 0.8093515659461844, "attack_rec": 0.9174, "outDP_epsilon": 60, "outDP_train_acc": 0.0421, "outDP_test_acc": 0.0386, "attack_acc_mean": 0.4993083333333333, "attack_acc_std": 0.0012794584357801123, "attack_pre_mean": 0.555084154059703, "attack_pre_std": 0.0710448603718877, "attack_rec_mean": 0.06724999999999999, "attack_rec_std": 0.13494566499150684}