{"n_classes": 100, "alpha": 0.001, "max_iter": 100, "lambda_": 1e-05, "tolerance": 1e-05, "DP": false, "L": 1, "C": 1, "epsilon": 0, "delta": 1e-05, "train_acc": 0.9999, "test_acc": 0.5402, "attack_acc": 0.85065, "attack_pre": 0.8093515659461844, "attack_rec": 0.9174, "outDP_epsilon": 0.1, "outDP_train_acc": 0.0095, "outDP_test_acc": 0.0103, "attack_acc_mean": 0.49905, "attack_acc_std": 0.0018357559750685824, "attack_pre_mean": 0.5543613936042028, "attack_pre_std": 0.07166740574752617, "attack_rec_mean": 0.051316666666666656, "attack_rec_std": 0.09939745832878334}