{"n_classes": 100, "alpha": 0.001, "max_iter": 100, "lambda_": 1e-05, "tolerance": 1e-05, "DP": false, "L": 1, "C": 1, "epsilon": 0, "delta": 1e-05, "train_acc": 0.9999, "test_acc": 0.5402, "attack_acc": 0.85065, "attack_pre": 0.8093515659461844, "attack_rec": 0.9174, "outDP_epsilon": 700, "outDP_train_acc": 0.769, "outDP_test_acc": 0.3884, "attack_acc_mean": 0.52515, "attack_acc_std": 0.05657402230706244, "attack_pre_mean": 0.5741545914509952, "attack_pre_std": 0.0677530494538681, "attack_rec_mean": 0.14614999999999997, "attack_rec_std": 0.3112452931371011}