{"n_classes": 100, "alpha": 0.001, "max_iter": 100, "lambda_": 1e-06, "tolerance": 1e-05, "DP": false, "L": 10, "C": 1, "epsilon": 0, "delta": 1e-05, "train_acc": 0.8736, "test_acc": 0.5502, "attack_acc": 0.51135, "attack_pre": 0.774818401937046, "attack_rec": 0.032, "outDP_epsilon": 5000, "outDP_train_acc": 0.1809, "outDP_test_acc": 0.127, "attack_acc_mean": 0.50435, "attack_acc_std": 0.010070749723828924, "attack_pre_mean": 0.5613334386284744, "attack_pre_std": 0.06705993133199223, "attack_rec_mean": 0.07826666666666666, "attack_rec_std": 0.15954531923215073}