{"n_classes": 100, "alpha": 0.001, "max_iter": 100, "lambda_": 0.001, "tolerance": 1e-05, "DP": false, "L": 10, "C": 1, "epsilon": 0, "delta": 1e-05, "train_acc": 0.8658, "test_acc": 0.5489, "attack_acc": 0.50815, "attack_pre": 0.7654723127035831, "attack_rec": 0.0235, "outDP_epsilon": 40, "outDP_train_acc": 0.823, "outDP_test_acc": 0.5084, "attack_acc_mean": 0.52835, "attack_acc_std": 0.06372927113972038, "attack_pre_mean": 0.5828647000801297, "attack_pre_std": 0.07477736039709429, "attack_rec_mean": 0.1221333333333333, "attack_rec_std": 0.2575625015840276}