{"n_classes": 100, "alpha": 0.001, "max_iter": 100, "lambda_": 1e-08, "tolerance": 1e-05, "DP": false, "L": 10, "C": 1, "epsilon": 0, "delta": 1e-05, "train_acc": 0.8726, "test_acc": 0.5517, "attack_acc": 0.51095, "attack_pre": 0.7772151898734178, "attack_rec": 0.0307, "outDP_epsilon": 0.5, "outDP_train_acc": 0.0124, "outDP_test_acc": 0.0108, "attack_acc_mean": 0.5002166666666666, "attack_acc_std": 0.000917726659862412, "attack_pre_mean": 0.5562408610272678, "attack_pre_std": 0.07011458261342862, "attack_rec_mean": 0.07828333333333333, "attack_rec_std": 0.15958254307898329}