{"n_classes": 100, "alpha": 0.001, "max_iter": 100, "lambda_": 0.001, "tolerance": 1e-05, "DP": false, "L": 10, "C": 1, "epsilon": 0, "delta": 1e-05, "train_acc": 0.8658, "test_acc": 0.5489, "attack_acc": 0.50815, "attack_pre": 0.7654723127035831, "attack_rec": 0.0235, "outDP_epsilon": 90, "outDP_train_acc": 0.8647, "outDP_test_acc": 0.5427, "attack_acc_mean": 0.5314583333333333, "attack_acc_std": 0.07067958460938742, "attack_pre_mean": 0.5846576599794335, "attack_pre_std": 0.07675872700234301, "attack_rec_mean": 0.12876666666666664, "attack_rec_std": 0.2723887397737938}