{"n_classes": 100, "alpha": 0.001, "max_iter": 100, "lambda_": 0.0005, "tolerance": 1e-05, "DP": false, "L": 10, "C": 1, "epsilon": 0, "delta": 1e-05, "train_acc": 0.8688, "test_acc": 0.5478, "attack_acc": 0.50975, "attack_pre": 0.773109243697479, "attack_rec": 0.0276, "outDP_epsilon": 400, "outDP_train_acc": 0.8645, "outDP_test_acc": 0.5447, "attack_acc_mean": 0.5316166666666667, "attack_acc_std": 0.07103362271175219, "attack_pre_mean": 0.583435461465203, "attack_pre_std": 0.0753906177508199, "attack_rec_mean": 0.13344999999999999, "attack_rec_std": 0.28285691170625477}