{"n_classes": 100, "alpha": 0.001, "max_iter": 100, "lambda_": 0.01, "tolerance": 1e-05, "DP": false, "L": 10, "C": 1, "epsilon": 0, "delta": 1e-05, "train_acc": 0.7754, "test_acc": 0.4985, "attack_acc": 0.50095, "attack_pre": 0.6862745098039216, "attack_rec": 0.0035, "outDP_epsilon": 50, "outDP_train_acc": 0.7766, "outDP_test_acc": 0.4962, "attack_acc_mean": 0.5179916666666666, "attack_acc_std": 0.040568095188488, "attack_pre_mean": 0.5946231194767089, "attack_pre_std": 0.09025854740775147, "attack_rec_mean": 0.06288333333333333, "attack_rec_std": 0.1251988607065664}