{"n_classes": 100, "alpha": 0.001, "max_iter": 100, "lambda_": 0.0001, "tolerance": 1e-05, "DP": false, "L": 10, "C": 1, "epsilon": 0, "delta": 1e-05, "train_acc": 0.8748, "test_acc": 0.5545, "attack_acc": 0.5106, "attack_pre": 0.7804232804232805, "attack_rec": 0.0295, "outDP_epsilon": 6, "outDP_train_acc": 0.0167, "outDP_test_acc": 0.0161, "attack_acc_mean": 0.49854166666666666, "attack_acc_std": 0.0029544340499587317, "attack_pre_mean": 0.5528764456149562, "attack_pre_std": 0.07304207676661785, "attack_rec_mean": 0.041916666666666665, "attack_rec_std": 0.07845946759668686}