{"n_classes": 100, "alpha": 0.001, "max_iter": 100, "lambda_": 1e-08, "tolerance": 1e-05, "DP": false, "L": 10, "C": 1, "epsilon": 0, "delta": 1e-05, "train_acc": 0.8726, "test_acc": 0.5517, "attack_acc": 0.51095, "attack_pre": 0.7772151898734178, "attack_rec": 0.0307, "outDP_epsilon": 0.2, "outDP_train_acc": 0.0057, "outDP_test_acc": 0.0064, "attack_acc_mean": 0.49965833333333326, "attack_acc_std": 0.0005947104804487281, "attack_pre_mean": 0.555020296222449, "attack_pre_std": 0.07109860398140394, "attack_rec_mean": 0.027483333333333332, "attack_rec_std": 0.04645271490690529}