{"n_classes": 100, "alpha": 0.001, "max_iter": 100, "lambda_": 1e-05, "tolerance": 1e-05, "DP": false, "L": 1, "C": 1, "epsilon": 0, "delta": 1e-05, "train_acc": 0.9999, "test_acc": 0.5402, "attack_acc": 0.85065, "attack_pre": 0.8093515659461844, "attack_rec": 0.9174, "outDP_epsilon": 200, "outDP_train_acc": 0.1916, "outDP_test_acc": 0.1239, "attack_acc_mean": 0.5034416666666667, "attack_acc_std": 0.008041787563858057, "attack_pre_mean": 0.5609238360024367, "attack_pre_std": 0.0672394671526251, "attack_rec_mean": 0.06793333333333333, "attack_rec_std": 0.13647115283295422}