{"n_classes": 100, "alpha": 0.001, "max_iter": 100, "lambda_": 1e-07, "tolerance": 1e-05, "DP": false, "L": 10, "C": 1, "epsilon": 0, "delta": 1e-05, "train_acc": 0.8737, "test_acc": 0.5488, "attack_acc": 0.51105, "attack_pre": 0.7728395061728395, "attack_rec": 0.0313, "outDP_epsilon": 900, "outDP_train_acc": 0.0105, "outDP_test_acc": 0.0092, "attack_acc_mean": 0.49952499999999994, "attack_acc_std": 0.0008355387483534129, "attack_pre_mean": 0.5552934341912378, "attack_pre_std": 0.07087045822056716, "attack_rec_mean": 0.05826666666666666, "attack_rec_std": 0.11489723911198019}