{"n_classes": 100, "alpha": 0.001, "max_iter": 100, "lambda_": 0.01, "tolerance": 1e-05, "DP": false, "L": 10, "C": 1, "epsilon": 0, "delta": 1e-05, "train_acc": 0.7754, "test_acc": 0.4985, "attack_acc": 0.50095, "attack_pre": 0.6862745098039216, "attack_rec": 0.0035, "outDP_epsilon": 0.5, "outDP_train_acc": 0.133, "outDP_test_acc": 0.1, "attack_acc_mean": 0.5024083333333333, "attack_acc_std": 0.00573544655822214, "attack_pre_mean": 0.5616378076350459, "attack_pre_std": 0.06693432635273867, "attack_rec_mean": 0.044816666666666664, "attack_rec_std": 0.08491478898807255}