{"n_classes": 100, "alpha": 0.001, "max_iter": 100, "lambda_": 0.0001, "tolerance": 1e-05, "DP": false, "L": 10, "C": 1, "epsilon": 0, "delta": 1e-05, "train_acc": 0.8748, "test_acc": 0.5545, "attack_acc": 0.5106, "attack_pre": 0.7804232804232805, "attack_rec": 0.0295, "outDP_epsilon": 900, "outDP_train_acc": 0.8578, "outDP_test_acc": 0.5419, "attack_acc_mean": 0.5312833333333332, "attack_acc_std": 0.07028827940860569, "attack_pre_mean": 0.5824249475498393, "attack_pre_std": 0.07431636429404478, "attack_rec_mean": 0.13571666666666662, "attack_rec_std": 0.28792346446388994}