{"n_classes": 100, "alpha": 0.001, "max_iter": 100, "lambda_": 0.001, "tolerance": 1e-05, "DP": false, "L": 10, "C": 1, "epsilon": 0, "delta": 1e-05, "train_acc": 0.8658, "test_acc": 0.5489, "attack_acc": 0.50815, "attack_pre": 0.7654723127035831, "attack_rec": 0.0235, "outDP_epsilon": 8, "outDP_train_acc": 0.3541, "outDP_test_acc": 0.2294, "attack_acc_mean": 0.5106583333333333, "attack_acc_std": 0.024171684823822724, "attack_pre_mean": 0.5695269684436053, "attack_pre_std": 0.06608454043654712, "attack_rec_mean": 0.0823, "attack_rec_std": 0.1685540566109282}