{"n_classes": 100, "alpha": 0.001, "max_iter": 100, "lambda_": 0.0005, "tolerance": 1e-05, "DP": false, "L": 10, "C": 1, "epsilon": 0, "delta": 1e-05, "train_acc": 0.8688, "test_acc": 0.5478, "attack_acc": 0.50975, "attack_pre": 0.773109243697479, "attack_rec": 0.0276, "outDP_epsilon": 40, "outDP_train_acc": 0.7122, "outDP_test_acc": 0.4265, "attack_acc_mean": 0.5232833333333332, "attack_acc_std": 0.05240014843066339, "attack_pre_mean": 0.5795458489868989, "attack_pre_std": 0.07155911183792073, "attack_rec_mean": 0.11154999999999997, "attack_rec_std": 0.2339092398773507}