{"n_classes": 100, "alpha": 0.001, "max_iter": 100, "lambda_": 1e-05, "tolerance": 1e-05, "DP": false, "L": 1, "C": 1, "epsilon": 0, "delta": 1e-05, "train_acc": 0.9999, "test_acc": 0.5402, "attack_acc": 0.85065, "attack_pre": 0.8093515659461844, "attack_rec": 0.9174, "outDP_epsilon": 20, "outDP_train_acc": 0.0189, "outDP_test_acc": 0.0195, "attack_acc_mean": 0.5002916666666666, "attack_acc_std": 0.0010702089619425653, "attack_pre_mean": 0.5566167561555554, "attack_pre_std": 0.0698302293508101, "attack_rec_mean": 0.05129999999999999, "attack_rec_std": 0.09936030394478472}