{"n_classes": 100, "alpha": 0.001, "max_iter": 100, "lambda_": 0.05, "tolerance": 1e-05, "DP": false, "L": 10, "C": 1, "epsilon": 0, "delta": 1e-05, "train_acc": 0.3943, "test_acc": 0.2762, "attack_acc": 0.5, "attack_pre": 0, "attack_rec": 0.0, "outDP_epsilon": 8, "outDP_train_acc": 0.3963, "outDP_test_acc": 0.2744, "attack_acc_mean": 0.5000333333333332, "attack_acc_std": 0.0005814254514170799, "attack_pre_mean": 0.5769571187156738, "attack_pre_std": 0.06949697577482764, "attack_rec_mean": 0.0066166666666666665, "attack_rec_std": 0.007794531558870117}