{"n_classes": 100, "alpha": 0.001, "max_iter": 100, "lambda_": 1e-06, "tolerance": 1e-05, "DP": false, "L": 10, "C": 1, "epsilon": 0, "delta": 1e-05, "train_acc": 0.8736, "test_acc": 0.5502, "attack_acc": 0.51135, "attack_pre": 0.774818401937046, "attack_rec": 0.032, "outDP_epsilon": 4, "outDP_train_acc": 0.0091, "outDP_test_acc": 0.0101, "attack_acc_mean": 0.5001666666666668, "attack_acc_std": 0.0008193832368854656, "attack_pre_mean": 0.556558606350389, "attack_pre_std": 0.06987363249701767, "attack_rec_mean": 0.040233333333333336, "attack_rec_std": 0.0747147389891862}