{"n_classes": 100, "alpha": 0.001, "max_iter": 100, "lambda_": 1e-05, "tolerance": 1e-05, "DP": false, "L": 1, "C": 1, "epsilon": 0, "delta": 1e-05, "train_acc": 0.9999, "test_acc": 0.5402, "attack_acc": 0.85065, "attack_pre": 0.8093515659461844, "attack_rec": 0.9174, "outDP_epsilon": 800, "outDP_train_acc": 0.8315, "outDP_test_acc": 0.3957, "attack_acc_mean": 0.5273833333333333, "attack_acc_std": 0.06156778558809975, "attack_pre_mean": 0.5748684357446175, "attack_pre_std": 0.06814680955119318, "attack_rec_mean": 0.15384999999999996, "attack_rec_std": 0.3284579615415038}