{"n_classes": 100, "alpha": 0.001, "max_iter": 100, "lambda_": 0.005, "tolerance": 1e-05, "DP": false, "L": 10, "C": 1, "epsilon": 0, "delta": 1e-05, "train_acc": 0.8271, "test_acc": 0.5255, "attack_acc": 0.503, "attack_pre": 0.7459016393442623, "attack_rec": 0.0091, "outDP_epsilon": 2, "outDP_train_acc": 0.3578, "outDP_test_acc": 0.2279, "attack_acc_mean": 0.5100750000000001, "attack_acc_std": 0.02286751243576792, "attack_pre_mean": 0.5723829725851075, "attack_pre_std": 0.0669304581871466, "attack_rec_mean": 0.06743333333333333, "attack_rec_std": 0.1353549366993642}