{"n_classes": 100, "alpha": 0.001, "max_iter": 100, "lambda_": 0.05, "tolerance": 1e-05, "DP": false, "L": 10, "C": 1, "epsilon": 0, "delta": 1e-05, "train_acc": 0.3943, "test_acc": 0.2762, "attack_acc": 0.5, "attack_pre": 0, "attack_rec": 0.0, "outDP_epsilon": 80, "outDP_train_acc": 0.3937, "outDP_test_acc": 0.2763, "attack_acc_mean": 0.50005, "attack_acc_std": 0.0006082762530298189, "attack_pre_mean": 0.5812083264451424, "attack_pre_std": 0.0730947652475726, "attack_rec_mean": 0.0065833333333333325, "attack_rec_std": 0.007803079876276774}