{"n_classes": 100, "alpha": 0.001, "max_iter": 100, "lambda_": 1e-07, "tolerance": 1e-05, "DP": false, "L": 10, "C": 1, "epsilon": 0, "delta": 1e-05, "train_acc": 0.8737, "test_acc": 0.5488, "attack_acc": 0.51105, "attack_pre": 0.7728395061728395, "attack_rec": 0.0313, "outDP_epsilon": 80, "outDP_train_acc": 0.0078, "outDP_test_acc": 0.0084, "attack_acc_mean": 0.5001166666666667, "attack_acc_std": 0.0007249521056977022, "attack_pre_mean": 0.556133193185866, "attack_pre_std": 0.0701976720760605, "attack_rec_mean": 0.0762, "attack_rec_std": 0.15492972600505045}