{"n_classes": 100, "alpha": 0.001, "max_iter": 100, "lambda_": 1e-06, "tolerance": 1e-05, "DP": false, "L": 10, "C": 1, "epsilon": 0, "delta": 1e-05, "train_acc": 0.8736, "test_acc": 0.5502, "attack_acc": 0.51135, "attack_pre": 0.774818401937046, "attack_rec": 0.032, "outDP_epsilon": 7, "outDP_train_acc": 0.0093, "outDP_test_acc": 0.0091, "attack_acc_mean": 0.4997749999999999, "attack_acc_std": 0.0004451123453691145, "attack_pre_mean": 0.5556807183483644, "attack_pre_std": 0.07055476749469611, "attack_rec_mean": 0.05615, "attack_rec_std": 0.11017546233168254}