{"n_classes": 100, "alpha": 0.001, "max_iter": 100, "lambda_": 1e-05, "tolerance": 1e-05, "DP": false, "L": 1, "C": 1, "epsilon": 0, "delta": 1e-05, "train_acc": 0.9999, "test_acc": 0.5402, "attack_acc": 0.85065, "attack_pre": 0.8093515659461844, "attack_rec": 0.9174, "outDP_epsilon": 0.2, "outDP_train_acc": 0.0143, "outDP_test_acc": 0.0119, "attack_acc_mean": 0.49993333333333334, "attack_acc_std": 0.0004524623986832646, "attack_pre_mean": 0.5559826516273628, "attack_pre_std": 0.07031506549164523, "attack_rec_mean": 0.041466666666666666, "attack_rec_std": 0.07745821812794015}