{"n_classes": 100, "alpha": 0.001, "max_iter": 100, "lambda_": 1e-08, "tolerance": 1e-05, "DP": false, "L": 10, "C": 1, "epsilon": 0, "delta": 1e-05, "train_acc": 0.8726, "test_acc": 0.5517, "attack_acc": 0.51095, "attack_pre": 0.7772151898734178, "attack_rec": 0.0307, "outDP_epsilon": 80, "outDP_train_acc": 0.007, "outDP_test_acc": 0.0098, "attack_acc_mean": 0.5004, "attack_acc_std": 0.0012971121771072802, "attack_pre_mean": 0.5569510381244532, "attack_pre_std": 0.0695849085652746, "attack_rec_mean": 0.04595, "attack_rec_std": 0.08743873569534273}