{"n_classes": 100, "alpha": 0.001, "max_iter": 100, "lambda_": 1e-08, "tolerance": 1e-05, "DP": false, "L": 10, "C": 1, "epsilon": 0, "delta": 1e-05, "train_acc": 0.8726, "test_acc": 0.5517, "attack_acc": 0.51095, "attack_pre": 0.7772151898734178, "attack_rec": 0.0307, "outDP_epsilon": 8, "outDP_train_acc": 0.0121, "outDP_test_acc": 0.011, "attack_acc_mean": 0.5000999999999999, "attack_acc_std": 0.0006946221994724777, "attack_pre_mean": 0.5566253633371571, "attack_pre_std": 0.06982382321152093, "attack_rec_mean": 0.030116666666666667, "attack_rec_std": 0.05226778538343564}