{"n_classes": 100, "alpha": 0.001, "max_iter": 100, "lambda_": 0.1, "tolerance": 1e-05, "DP": false, "L": 10, "C": 1, "epsilon": 0, "delta": 1e-05, "train_acc": 0.2185, "test_acc": 0.1688, "attack_acc": 0.5, "attack_pre": 0, "attack_rec": 0.0, "outDP_epsilon": 0.4, "outDP_train_acc": 0.1561, "outDP_test_acc": 0.1179, "attack_acc_mean": 0.4999666666666666, "attack_acc_std": 0.00048790937227682186, "attack_pre_mean": 0.5925126742712293, "attack_pre_std": 0.08709894060574616, "attack_rec_mean": 0.0061333333333333335, "attack_rec_std": 0.007985959901950144}