{"n_classes": 100, "alpha": 0.001, "max_iter": 100, "lambda_": 0.0001, "tolerance": 1e-05, "DP": false, "L": 10, "C": 1, "epsilon": 0, "delta": 1e-05, "train_acc": 0.8748, "test_acc": 0.5545, "attack_acc": 0.5106, "attack_pre": 0.7804232804232805, "attack_rec": 0.0295, "outDP_epsilon": 70, "outDP_train_acc": 0.3146, "outDP_test_acc": 0.2077, "attack_acc_mean": 0.508925, "attack_acc_std": 0.02029650524105074, "attack_pre_mean": 0.5706529447773376, "attack_pre_std": 0.06634596757688231, "attack_rec_mean": 0.06581666666666666, "attack_rec_std": 0.13174604885494248}