{"n_classes": 100, "alpha": 0.001, "max_iter": 100, "lambda_": 0.0001, "tolerance": 1e-05, "DP": false, "L": 10, "C": 1, "epsilon": 0, "delta": 1e-05, "train_acc": 0.8748, "test_acc": 0.5545, "attack_acc": 0.5106, "attack_pre": 0.7804232804232805, "attack_rec": 0.0295, "outDP_epsilon": 200, "outDP_train_acc": 0.6848, "outDP_test_acc": 0.4189, "attack_acc_mean": 0.52365, "attack_acc_std": 0.05322001503194078, "attack_pre_mean": 0.5786168149984905, "attack_pre_std": 0.07077152043380498, "attack_rec_mean": 0.11661666666666663, "attack_rec_std": 0.24523272223656362}