{"n_classes": 100, "alpha": 0.001, "max_iter": 100, "lambda_": 1e-06, "tolerance": 1e-05, "DP": false, "L": 10, "C": 1, "epsilon": 0, "delta": 1e-05, "train_acc": 0.8736, "test_acc": 0.5502, "attack_acc": 0.51135, "attack_pre": 0.774818401937046, "attack_rec": 0.032, "outDP_epsilon": 2, "outDP_train_acc": 0.0044, "outDP_test_acc": 0.006, "attack_acc_mean": 0.5007666666666667, "attack_acc_std": 0.002090786667474432, "attack_pre_mean": 0.5564767401975221, "attack_pre_std": 0.06993510168059913, "attack_rec_mean": 0.12453333333333332, "attack_rec_std": 0.2629266860214502}