{"n_classes": 100, "alpha": 0.001, "max_iter": 100, "lambda_": 1e-05, "tolerance": 1e-05, "DP": false, "L": 1, "C": 1, "epsilon": 0, "delta": 1e-05, "train_acc": 0.9999, "test_acc": 0.5402, "attack_acc": 0.85065, "attack_pre": 0.8093515659461844, "attack_rec": 0.9174, "outDP_epsilon": 2000, "outDP_train_acc": 0.9905, "outDP_test_acc": 0.5088, "attack_acc_mean": 0.529275, "attack_acc_std": 0.06579759209120042, "attack_pre_mean": 0.5739874367048959, "attack_pre_std": 0.06766595597081843, "attack_rec_mean": 0.17028333333333331, "attack_rec_std": 0.3651948174909143}