{"n_classes": 100, "alpha": 0.001, "max_iter": 100, "lambda_": 0.001, "tolerance": 1e-05, "DP": false, "L": 10, "C": 1, "epsilon": 0, "delta": 1e-05, "train_acc": 0.8658, "test_acc": 0.5489, "attack_acc": 0.50815, "attack_pre": 0.7654723127035831, "attack_rec": 0.0235, "outDP_epsilon": 50000, "outDP_train_acc": 0.8658, "outDP_test_acc": 0.5489, "attack_acc_mean": 0.5316166666666667, "attack_acc_std": 0.07103362271175219, "attack_pre_mean": 0.5842603542760036, "attack_pre_std": 0.07630594319358441, "attack_rec_mean": 0.13066666666666663, "attack_rec_std": 0.27663557656639576}