{"n_classes": 100, "alpha": 0.001, "max_iter": 100, "lambda_": 0.005, "tolerance": 1e-05, "DP": false, "L": 10, "C": 1, "epsilon": 0, "delta": 1e-05, "train_acc": 0.8271, "test_acc": 0.5255, "attack_acc": 0.503, "attack_pre": 0.7459016393442623, "attack_rec": 0.0091, "outDP_epsilon": 0.5, "outDP_train_acc": 0.0568, "outDP_test_acc": 0.0483, "attack_acc_mean": 0.5010666666666667, "attack_acc_std": 0.0027516156869898953, "attack_pre_mean": 0.5589070573519727, "attack_pre_std": 0.06829591815225372, "attack_rec_mean": 0.03946666666666667, "attack_rec_std": 0.07300987756613637}