{"n_classes": 100, "alpha": 0.001, "max_iter": 100, "lambda_": 1e-06, "tolerance": 1e-05, "DP": false, "L": 10, "C": 1, "epsilon": 0, "delta": 1e-05, "train_acc": 0.8736, "test_acc": 0.5502, "attack_acc": 0.51135, "attack_pre": 0.774818401937046, "attack_rec": 0.032, "outDP_epsilon": 80000, "outDP_train_acc": 0.8653, "outDP_test_acc": 0.5404, "attack_acc_mean": 0.5307749999999999, "attack_acc_std": 0.06915163139796486, "attack_pre_mean": 0.5823969613766885, "attack_pre_std": 0.07428736986821573, "attack_rec_mean": 0.13371666666666662, "attack_rec_std": 0.2834529732699157}