{"n_classes": 100, "alpha": 0.001, "max_iter": 100, "lambda_": 1e-05, "tolerance": 1e-05, "DP": false, "L": 1, "C": 1, "epsilon": 0, "delta": 1e-05, "train_acc": 0.9999, "test_acc": 0.5402, "attack_acc": 0.85065, "attack_pre": 0.8093515659461844, "attack_rec": 0.9174, "outDP_epsilon": 4, "outDP_train_acc": 0.0113, "outDP_test_acc": 0.0097, "attack_acc_mean": 0.5001583333333333, "attack_acc_std": 0.0008033350622388138, "attack_pre_mean": 0.5563143271637914, "attack_pre_std": 0.07005830560424671, "attack_rec_mean": 0.05653333333333333, "attack_rec_std": 0.11103051632571813}