{"n_classes": 100, "alpha": 0.001, "max_iter": 100, "lambda_": 1e-05, "tolerance": 1e-05, "DP": false, "L": 1, "C": 1, "epsilon": 0, "delta": 1e-05, "train_acc": 0.9999, "test_acc": 0.5402, "attack_acc": 0.85065, "attack_pre": 0.8093515659461844, "attack_rec": 0.9174, "outDP_epsilon": 900, "outDP_train_acc": 0.8861, "outDP_test_acc": 0.4235, "attack_acc_mean": 0.5291583333333333, "attack_acc_std": 0.0655367226361594, "attack_pre_mean": 0.575922336504421, "attack_pre_std": 0.06879176114239548, "attack_rec_mean": 0.15666666666666665, "attack_rec_std": 0.3347545004261415}