{"n_classes": 100, "alpha": 0.001, "max_iter": 100, "lambda_": 1e-07, "tolerance": 1e-05, "DP": false, "L": 10, "C": 1, "epsilon": 0, "delta": 1e-05, "train_acc": 0.8737, "test_acc": 0.5488, "attack_acc": 0.51105, "attack_pre": 0.7728395061728395, "attack_rec": 0.0313, "outDP_epsilon": 50000, "outDP_train_acc": 0.2075, "outDP_test_acc": 0.1411, "attack_acc_mean": 0.5052583333333334, "attack_acc_std": 0.012100427563612052, "attack_pre_mean": 0.5641204209665875, "attack_pre_std": 0.06616283551037358, "attack_rec_mean": 0.06543333333333333, "attack_rec_std": 0.13089038246648307}