{"n_classes": 100, "alpha": 0.001, "max_iter": 100, "lambda_": 1e-07, "tolerance": 1e-05, "DP": false, "L": 10, "C": 1, "epsilon": 0, "delta": 1e-05, "train_acc": 0.8737, "test_acc": 0.5488, "attack_acc": 0.51105, "attack_pre": 0.7728395061728395, "attack_rec": 0.0313, "outDP_epsilon": 10000, "outDP_train_acc": 0.0324, "outDP_test_acc": 0.036, "attack_acc_mean": 0.4997916666666667, "attack_acc_std": 0.0004324510248442987, "attack_pre_mean": 0.5554330574889367, "attack_pre_std": 0.07075558630247815, "attack_rec_mean": 0.022566666666666665, "attack_rec_std": 0.0356598591634285}