{"n_classes": 100, "alpha": 0.001, "max_iter": 100, "lambda_": 1e-08, "tolerance": 1e-05, "DP": false, "L": 10, "C": 1, "epsilon": 0, "delta": 1e-05, "train_acc": 0.8726, "test_acc": 0.5517, "attack_acc": 0.51095, "attack_pre": 0.7772151898734178, "attack_rec": 0.0307, "outDP_epsilon": 0.3, "outDP_train_acc": 0.0092, "outDP_test_acc": 0.0098, "attack_acc_mean": 0.49973333333333336, "attack_acc_std": 0.00048790937227681297, "attack_pre_mean": 0.5553596819380106, "attack_pre_std": 0.07081580600711412, "attack_rec_mean": 0.02996666666666667, "attack_rec_std": 0.05193610390555774}