{"n_classes": 100, "alpha": 0.001, "max_iter": 100, "lambda_": 0.1, "tolerance": 1e-05, "DP": false, "L": 10, "C": 1, "epsilon": 0, "delta": 1e-05, "train_acc": 0.2185, "test_acc": 0.1688, "attack_acc": 0.5, "attack_pre": 0, "attack_rec": 0.0, "outDP_epsilon": 0.6, "outDP_train_acc": 0.1901, "outDP_test_acc": 0.1435, "attack_acc_mean": 0.49991666666666673, "attack_acc_std": 0.0004384315479321894, "attack_pre_mean": 0.5712781063699949, "attack_pre_std": 0.06653182152124823, "attack_rec_mean": 0.0061, "attack_rec_std": 0.00800437380436471}