{"n_classes": 100, "alpha": 0.001, "max_iter": 100, "lambda_": 1e-08, "tolerance": 1e-05, "DP": false, "L": 10, "C": 1, "epsilon": 0, "delta": 1e-05, "train_acc": 0.8726, "test_acc": 0.5517, "attack_acc": 0.51095, "attack_pre": 0.7772151898734178, "attack_rec": 0.0307, "outDP_epsilon": 100000, "outDP_train_acc": 0.0397, "outDP_test_acc": 0.0347, "attack_acc_mean": 0.49999166666666667, "attack_acc_std": 0.0005199492496602217, "attack_pre_mean": 0.5560182856120445, "attack_pre_std": 0.07028714992194376, "attack_rec_mean": 0.062383333333333325, "attack_rec_std": 0.12408298858246262}