{"n_classes": 100, "alpha": 0.001, "max_iter": 100, "lambda_": 0.0005, "tolerance": 1e-05, "DP": false, "L": 10, "C": 1, "epsilon": 0, "delta": 1e-05, "train_acc": 0.8688, "test_acc": 0.5478, "attack_acc": 0.50975, "attack_pre": 0.773109243697479, "attack_rec": 0.0276, "outDP_epsilon": 0.1, "outDP_train_acc": 0.0162, "outDP_test_acc": 0.0156, "attack_acc_mean": 0.49961666666666665, "attack_acc_std": 0.0006649979114419941, "attack_pre_mean": 0.5551918335520599, "attack_pre_std": 0.07095479448281655, "attack_rec_mean": 0.038483333333333335, "attack_rec_std": 0.07082387583921744}