{"n_classes": 100, "alpha": 0.001, "max_iter": 100, "lambda_": 1e-07, "tolerance": 1e-05, "DP": false, "L": 10, "C": 1, "epsilon": 0, "delta": 1e-05, "train_acc": 0.8737, "test_acc": 0.5488, "attack_acc": 0.51105, "attack_pre": 0.7728395061728395, "attack_rec": 0.0313, "outDP_epsilon": 3000, "outDP_train_acc": 0.0235, "outDP_test_acc": 0.0194, "attack_acc_mean": 0.499875, "attack_acc_std": 0.00041608292442732626, "attack_pre_mean": 0.5558460076045627, "attack_pre_std": 0.07042284518125026, "attack_rec_mean": 0.030116666666666667, "attack_rec_std": 0.05226778538343564}