{"n_classes": 100, "alpha": 0.001, "max_iter": 100, "lambda_": 0.0005, "tolerance": 1e-05, "DP": false, "L": 10, "C": 1, "epsilon": 0, "delta": 1e-05, "train_acc": 0.8688, "test_acc": 0.5478, "attack_acc": 0.50975, "attack_pre": 0.773109243697479, "attack_rec": 0.0276, "outDP_epsilon": 80, "outDP_train_acc": 0.8203, "outDP_test_acc": 0.5202, "attack_acc_mean": 0.5287083333333333, "attack_acc_std": 0.064530512270467, "attack_pre_mean": 0.5825732353885202, "attack_pre_std": 0.07447068360339218, "attack_rec_mean": 0.12456666666666665, "attack_rec_std": 0.2630011892664282}