{"n_classes": 100, "alpha": 0.001, "max_iter": 100, "lambda_": 1e-07, "tolerance": 1e-05, "DP": false, "L": 10, "C": 1, "epsilon": 0, "delta": 1e-05, "train_acc": 0.8737, "test_acc": 0.5488, "attack_acc": 0.51105, "attack_pre": 0.7728395061728395, "attack_rec": 0.0313, "outDP_epsilon": 30, "outDP_train_acc": 0.0098, "outDP_test_acc": 0.0089, "attack_acc_mean": 0.5002916666666666, "attack_acc_std": 0.0010702089619425653, "attack_pre_mean": 0.5566442196096714, "attack_pre_std": 0.06980980538601399, "attack_rec_mean": 0.049749999999999996, "attack_rec_std": 0.09590533092586669}