{"n_classes": 100, "alpha": 0.001, "max_iter": 100, "lambda_": 0.0001, "tolerance": 1e-05, "DP": false, "L": 10, "C": 1, "epsilon": 0, "delta": 1e-05, "train_acc": 0.8748, "test_acc": 0.5545, "attack_acc": 0.5106, "attack_pre": 0.7804232804232805, "attack_rec": 0.0295, "outDP_epsilon": 500, "outDP_train_acc": 0.8409, "outDP_test_acc": 0.5222, "attack_acc_mean": 0.5304083333333334, "attack_acc_std": 0.06833175455493265, "attack_pre_mean": 0.5823875004186564, "attack_pre_std": 0.07427757742657352, "attack_rec_mean": 0.13223333333333329, "attack_rec_std": 0.2801373928787245}