{"n_classes": 100, "alpha": 0.001, "max_iter": 100, "lambda_": 0.0001, "tolerance": 1e-05, "DP": false, "L": 10, "C": 1, "epsilon": 0, "delta": 1e-05, "train_acc": 0.8748, "test_acc": 0.5545, "attack_acc": 0.5106, "attack_pre": 0.7804232804232805, "attack_rec": 0.0295, "outDP_epsilon": 800, "outDP_train_acc": 0.8551, "outDP_test_acc": 0.5373, "attack_acc_mean": 0.5307333333333334, "attack_acc_std": 0.06905846355725627, "attack_pre_mean": 0.5822499892365754, "attack_pre_std": 0.07413578377218684, "attack_rec_mean": 0.1340833333333333, "attack_rec_std": 0.2842725594487719}