{"n_classes": 100, "alpha": 0.001, "max_iter": 100, "lambda_": 1e-07, "tolerance": 1e-05, "DP": false, "L": 10, "C": 1, "epsilon": 0, "delta": 1e-05, "train_acc": 0.8737, "test_acc": 0.5488, "attack_acc": 0.51105, "attack_pre": 0.7728395061728395, "attack_rec": 0.0313, "outDP_epsilon": 7000, "outDP_train_acc": 0.023, "outDP_test_acc": 0.0233, "attack_acc_mean": 0.4990083333333333, "attack_acc_std": 0.0019266587370078939, "attack_pre_mean": 0.5540501794515029, "attack_pre_std": 0.07194499136551123, "attack_rec_mean": 0.04518333333333333, "attack_rec_std": 0.08573129371601844}