{"n_classes": 100, "alpha": 0.001, "max_iter": 100, "lambda_": 0.0001, "tolerance": 1e-05, "DP": false, "L": 10, "C": 1, "epsilon": 0, "delta": 1e-05, "train_acc": 0.8748, "test_acc": 0.5545, "attack_acc": 0.5106, "attack_pre": 0.7804232804232805, "attack_rec": 0.0295, "outDP_epsilon": 0.4, "outDP_train_acc": 0.0099, "outDP_test_acc": 0.0094, "attack_acc_mean": 0.499125, "attack_acc_std": 0.0016727596958320086, "attack_pre_mean": 0.5547818759360043, "attack_pre_std": 0.07130143066567199, "attack_rec_mean": 0.06381666666666666, "attack_rec_std": 0.12728192352237436}