{"n_classes": 100, "alpha": 0.001, "max_iter": 100, "lambda_": 0.0005, "tolerance": 1e-05, "DP": false, "L": 10, "C": 1, "epsilon": 0, "delta": 1e-05, "train_acc": 0.8688, "test_acc": 0.5478, "attack_acc": 0.50975, "attack_pre": 0.773109243697479, "attack_rec": 0.0276, "outDP_epsilon": 0.9, "outDP_train_acc": 0.0157, "outDP_test_acc": 0.0143, "attack_acc_mean": 0.49980833333333335, "attack_acc_std": 0.00042270622843240885, "attack_pre_mean": 0.5557672612465818, "attack_pre_std": 0.07048548409268457, "attack_rec_mean": 0.07631666666666666, "attack_rec_std": 0.15519027478836708}