{"n_classes": 100, "alpha": 0.001, "max_iter": 100, "lambda_": 0.005, "tolerance": 1e-05, "DP": false, "L": 10, "C": 1, "epsilon": 0, "delta": 1e-05, "train_acc": 0.8271, "test_acc": 0.5255, "attack_acc": 0.503, "attack_pre": 0.7459016393442623, "attack_rec": 0.0091, "outDP_epsilon": 0.6, "outDP_train_acc": 0.0869, "outDP_test_acc": 0.0679, "attack_acc_mean": 0.5019666666666667, "attack_acc_std": 0.00475093558037664, "attack_pre_mean": 0.5601828657150058, "attack_pre_std": 0.06759457369302287, "attack_rec_mean": 0.04811666666666666, "attack_rec_std": 0.0922654940315657}