{"n_classes": 100, "alpha": 0.001, "max_iter": 100, "lambda_": 1e-06, "tolerance": 1e-05, "DP": false, "L": 10, "C": 1, "epsilon": 0, "delta": 1e-05, "train_acc": 0.8736, "test_acc": 0.5502, "attack_acc": 0.51135, "attack_pre": 0.774818401937046, "attack_rec": 0.032, "outDP_epsilon": 9, "outDP_train_acc": 0.0078, "outDP_test_acc": 0.0093, "attack_acc_mean": 0.5003666666666667, "attack_acc_std": 0.0012266711956438164, "attack_pre_mean": 0.556772107937331, "attack_pre_std": 0.06971533131314361, "attack_rec_mean": 0.05056666666666667, "attack_rec_std": 0.09772559655598026}