{"n_classes": 100, "alpha": 0.001, "max_iter": 100, "lambda_": 1e-05, "tolerance": 1e-05, "DP": false, "L": 1, "C": 1, "epsilon": 0, "delta": 1e-05, "train_acc": 0.9999, "test_acc": 0.5402, "attack_acc": 0.85065, "attack_pre": 0.8093515659461844, "attack_rec": 0.9174, "outDP_epsilon": 4000, "outDP_train_acc": 0.9998, "outDP_test_acc": 0.5316, "attack_acc_mean": 0.5282583333333334, "attack_acc_std": 0.0635243025454738, "attack_pre_mean": 0.573117112225065, "attack_pre_std": 0.06724424077593913, "attack_rec_mean": 0.17116666666666666, "attack_rec_std": 0.36716956875839013}