{"n_classes": 100, "alpha": 0.001, "max_iter": 100, "lambda_": 1e-05, "tolerance": 1e-05, "DP": false, "L": 1, "C": 1, "epsilon": 0, "delta": 1e-05, "train_acc": 0.9999, "test_acc": 0.5402, "attack_acc": 0.85065, "attack_pre": 0.8093515659461844, "attack_rec": 0.9174, "outDP_epsilon": 20000, "outDP_train_acc": 0.9998, "outDP_test_acc": 0.539, "attack_acc_mean": 0.5269750000000001, "attack_acc_std": 0.060654745280150996, "attack_pre_mean": 0.5721595159118106, "attack_pre_std": 0.06684266056874338, "attack_rec_mean": 0.17136666666666667, "attack_rec_std": 0.3676166829124537}