{"n_classes": 100, "alpha": 0.001, "max_iter": 100, "lambda_": 0.0001, "tolerance": 1e-05, "DP": false, "L": 10, "C": 1, "epsilon": 0, "delta": 1e-05, "train_acc": 0.8748, "test_acc": 0.5545, "attack_acc": 0.5106, "attack_pre": 0.7804232804232805, "attack_rec": 0.0295, "outDP_epsilon": 20, "outDP_train_acc": 0.0416, "outDP_test_acc": 0.0376, "attack_acc_mean": 0.49989999999999996, "attack_acc_std": 0.00042720018726587065, "attack_pre_mean": 0.5559692210101813, "attack_pre_std": 0.07032560755204785, "attack_rec_mean": 0.022766666666666668, "attack_rec_std": 0.03609652183921449}