{"n_classes": 100, "alpha": 0.001, "max_iter": 100, "lambda_": 0.005, "tolerance": 1e-05, "DP": false, "L": 10, "C": 1, "epsilon": 0, "delta": 1e-05, "train_acc": 0.8271, "test_acc": 0.5255, "attack_acc": 0.503, "attack_pre": 0.7459016393442623, "attack_rec": 0.0091, "outDP_epsilon": 8, "outDP_train_acc": 0.7746, "outDP_test_acc": 0.4742, "attack_acc_mean": 0.5263083333333333, "attack_acc_std": 0.0591640686049302, "attack_pre_mean": 0.5888629115932379, "attack_pre_std": 0.08198922079119896, "attack_rec_mean": 0.0989833333333333, "attack_rec_std": 0.20582683997854978}