{"n_classes": 100, "alpha": 0.001, "max_iter": 100, "lambda_": 1e-05, "tolerance": 1e-05, "DP": false, "L": 1, "C": 1, "epsilon": 0, "delta": 1e-05, "train_acc": 0.9999, "test_acc": 0.5402, "attack_acc": 0.85065, "attack_pre": 0.8093515659461844, "attack_rec": 0.9174, "outDP_epsilon": 0.8, "outDP_train_acc": 0.0118, "outDP_test_acc": 0.0116, "attack_acc_mean": 0.49981666666666663, "attack_acc_std": 0.0004189935029992136, "attack_pre_mean": 0.5557196629363077, "attack_pre_std": 0.07052353244773445, "attack_rec_mean": 0.044250000000000005, "attack_rec_std": 0.08365304836047519}