{"n_classes": 100, "alpha": 0.001, "max_iter": 100, "lambda_": 1e-05, "tolerance": 1e-05, "DP": false, "L": 1, "C": 1, "epsilon": 0, "delta": 1e-05, "train_acc": 0.9999, "test_acc": 0.5402, "attack_acc": 0.85065, "attack_pre": 0.8093515659461844, "attack_rec": 0.9174, "outDP_epsilon": 400, "outDP_train_acc": 0.494, "outDP_test_acc": 0.2605, "attack_acc_mean": 0.5151, "attack_acc_std": 0.03410252923171537, "attack_pre_mean": 0.569392586481687, "attack_pre_std": 0.06605968078803975, "attack_rec_mean": 0.11471666666666663, "attack_rec_std": 0.24098635104272792}