{"n_classes": 100, "alpha": 0.001, "max_iter": 100, "lambda_": 0.0001, "tolerance": 1e-05, "DP": false, "L": 10, "C": 1, "epsilon": 0, "delta": 1e-05, "train_acc": 0.8748, "test_acc": 0.5545, "attack_acc": 0.5106, "attack_pre": 0.7804232804232805, "attack_rec": 0.0295, "outDP_epsilon": 5, "outDP_train_acc": 0.0143, "outDP_test_acc": 0.0107, "attack_acc_mean": 0.5004166666666666, "attack_acc_std": 0.0013324997394204372, "attack_pre_mean": 0.5576473600045184, "attack_pre_std": 0.06909706792703747, "attack_rec_mean": 0.031433333333333334, "attack_rec_std": 0.05518114613605709}