{"n_classes": 100, "alpha": 0.001, "max_iter": 100, "lambda_": 1e-06, "tolerance": 1e-05, "DP": false, "L": 10, "C": 1, "epsilon": 0, "delta": 1e-05, "train_acc": 0.8736, "test_acc": 0.5502, "attack_acc": 0.51135, "attack_pre": 0.774818401937046, "attack_rec": 0.032, "outDP_epsilon": 1, "outDP_train_acc": 0.0171, "outDP_test_acc": 0.0189, "attack_acc_mean": 0.4991416666666666, "attack_acc_std": 0.0016366675152747314, "attack_pre_mean": 0.5544592199091517, "attack_pre_std": 0.07158132533245479, "attack_rec_mean": 0.049166666666666664, "attack_rec_std": 0.09460527939226696}