{"n_classes": 100, "alpha": 0.001, "max_iter": 100, "lambda_": 0.05, "tolerance": 1e-05, "DP": false, "L": 10, "C": 1, "epsilon": 0, "delta": 1e-05, "train_acc": 0.3943, "test_acc": 0.2762, "attack_acc": 0.5, "attack_pre": 0, "attack_rec": 0.0, "outDP_epsilon": 0.4, "outDP_train_acc": 0.2032, "outDP_test_acc": 0.1514, "attack_acc_mean": 0.5010166666666667, "attack_acc_std": 0.0026411277052720505, "attack_pre_mean": 0.5779285350062391, "attack_pre_std": 0.07022197105783425, "attack_rec_mean": 0.011283333333333333, "attack_rec_std": 0.012318876662351248}