{"n_classes": 100, "alpha": 0.001, "max_iter": 100, "lambda_": 1e-07, "tolerance": 1e-05, "DP": false, "L": 10, "C": 1, "epsilon": 0, "delta": 1e-05, "train_acc": 0.8737, "test_acc": 0.5488, "attack_acc": 0.51105, "attack_pre": 0.7728395061728395, "attack_rec": 0.0313, "outDP_epsilon": 300, "outDP_train_acc": 0.0109, "outDP_test_acc": 0.0097, "attack_acc_mean": 0.4998416666666666, "attack_acc_std": 0.00041273141656798757, "attack_pre_mean": 0.555735044444332, "attack_pre_std": 0.0705112217063152, "attack_rec_mean": 0.030833333333333334, "attack_rec_std": 0.05385312329743642}