{"n_classes": 100, "alpha": 0.001, "max_iter": 100, "lambda_": 1e-07, "tolerance": 1e-05, "DP": false, "L": 10, "C": 1, "epsilon": 0, "delta": 1e-05, "train_acc": 0.8737, "test_acc": 0.5488, "attack_acc": 0.51105, "attack_pre": 0.7728395061728395, "attack_rec": 0.0313, "outDP_epsilon": 5000, "outDP_train_acc": 0.0143, "outDP_test_acc": 0.0148, "attack_acc_mean": 0.4999583333333333, "attack_acc_std": 0.00047820555784677213, "attack_pre_mean": 0.5559582259365494, "attack_pre_std": 0.07033424625706533, "attack_rec_mean": 0.0678, "attack_rec_std": 0.13617349228098694}