{"n_classes": 100, "alpha": 0.001, "max_iter": 100, "lambda_": 1e-07, "tolerance": 1e-05, "DP": false, "L": 10, "C": 1, "epsilon": 0, "delta": 1e-05, "train_acc": 0.8737, "test_acc": 0.5488, "attack_acc": 0.51105, "attack_pre": 0.7728395061728395, "attack_rec": 0.0313, "outDP_epsilon": 0.8, "outDP_train_acc": 0.0094, "outDP_test_acc": 0.0091, "attack_acc_mean": 0.4995083333333333, "attack_acc_std": 0.0008681477728794428, "attack_pre_mean": 0.555336040057043, "attack_pre_std": 0.07083527907048641, "attack_rec_mean": 0.06538333333333333, "attack_rec_std": 0.13077877524872128}