{"n_classes": 100, "alpha": 0.001, "max_iter": 100, "lambda_": 0.01, "tolerance": 1e-05, "DP": false, "L": 10, "C": 1, "epsilon": 0, "delta": 1e-05, "train_acc": 0.7754, "test_acc": 0.4985, "attack_acc": 0.50095, "attack_pre": 0.6862745098039216, "attack_rec": 0.0035, "outDP_epsilon": 20, "outDP_train_acc": 0.7744, "outDP_test_acc": 0.4956, "attack_acc_mean": 0.5183416666666667, "attack_acc_std": 0.04135067932399123, "attack_pre_mean": 0.5943985476184807, "attack_pre_std": 0.08991583812355367, "attack_rec_mean": 0.06421666666666666, "attack_rec_std": 0.12817470390924343}