{"n_classes": 100, "alpha": 0.001, "max_iter": 100, "lambda_": 0.05, "tolerance": 1e-05, "DP": false, "L": 10, "C": 1, "epsilon": 0, "delta": 1e-05, "train_acc": 0.3943, "test_acc": 0.2762, "attack_acc": 0.5, "attack_pre": 0, "attack_rec": 0.0, "outDP_epsilon": 5, "outDP_train_acc": 0.3917, "outDP_test_acc": 0.2775, "attack_acc_mean": 0.5000833333333333, "attack_acc_std": 0.000664997911441991, "attack_pre_mean": 0.5822173156214404, "attack_pre_std": 0.07410224031648359, "attack_rec_mean": 0.0067, "attack_rec_std": 0.007776245880886226}