{"n_classes": 100, "alpha": 0.001, "max_iter": 100, "lambda_": 1e-07, "tolerance": 1e-05, "DP": false, "L": 10, "C": 1, "epsilon": 0, "delta": 1e-05, "train_acc": 0.8737, "test_acc": 0.5488, "attack_acc": 0.51105, "attack_pre": 0.7728395061728395, "attack_rec": 0.0313, "outDP_epsilon": 0.4, "outDP_train_acc": 0.0119, "outDP_test_acc": 0.0116, "attack_acc_mean": 0.5003666666666667, "attack_acc_std": 0.0012266711956438164, "attack_pre_mean": 0.5566435204458712, "attack_pre_std": 0.06981032474270338, "attack_rec_mean": 0.057699999999999994, "attack_rec_std": 0.11363304976986228}