{"n_classes": 100, "alpha": 0.001, "max_iter": 100, "lambda_": 0.0005, "tolerance": 1e-05, "DP": false, "L": 10, "C": 1, "epsilon": 0, "delta": 1e-05, "train_acc": 0.8688, "test_acc": 0.5478, "attack_acc": 0.50975, "attack_pre": 0.773109243697479, "attack_rec": 0.0276, "outDP_epsilon": 90, "outDP_train_acc": 0.8161, "outDP_test_acc": 0.5061, "attack_acc_mean": 0.5293, "attack_acc_std": 0.06585349269400978, "attack_pre_mean": 0.5825887141391443, "attack_pre_std": 0.07448685858862907, "attack_rec_mean": 0.12694999999999998, "attack_rec_std": 0.2683282178601423}