{"n_classes": 100, "alpha": 0.001, "max_iter": 100, "lambda_": 0.05, "tolerance": 1e-05, "DP": false, "L": 10, "C": 1, "epsilon": 0, "delta": 1e-05, "train_acc": 0.3943, "test_acc": 0.2762, "attack_acc": 0.5, "attack_pre": 0, "attack_rec": 0.0, "outDP_epsilon": 40, "outDP_train_acc": 0.3939, "outDP_test_acc": 0.2754, "attack_acc_mean": 0.5000666666666667, "attack_acc_std": 0.0006361778227997378, "attack_pre_mean": 0.5836237853823405, "attack_pre_std": 0.0755965993729156, "attack_rec_mean": 0.006599999999999999, "attack_rec_std": 0.007798717843338096}