{"n_classes": 100, "alpha": 0.001, "max_iter": 100, "lambda_": 0.0001, "tolerance": 1e-05, "DP": false, "L": 10, "C": 1, "epsilon": 0, "delta": 1e-05, "train_acc": 0.8748, "test_acc": 0.5545, "attack_acc": 0.5106, "attack_pre": 0.7804232804232805, "attack_rec": 0.0295, "outDP_epsilon": 0.3, "outDP_train_acc": 0.0077, "outDP_test_acc": 0.0089, "attack_acc_mean": 0.5001083333333334, "attack_acc_std": 0.0007097045551182092, "attack_pre_mean": 0.5562588408199437, "attack_pre_std": 0.07010077821229795, "attack_rec_mean": 0.05316666666666666, "attack_rec_std": 0.10352210177327135}