{"n_classes": 100, "alpha": 0.001, "max_iter": 100, "lambda_": 1e-05, "tolerance": 1e-05, "DP": false, "L": 1, "C": 1, "epsilon": 0, "delta": 1e-05, "train_acc": 0.9999, "test_acc": 0.5402, "attack_acc": 0.85065, "attack_pre": 0.8093515659461844, "attack_rec": 0.9174, "outDP_epsilon": 0.9, "outDP_train_acc": 0.008, "outDP_test_acc": 0.0094, "attack_acc_mean": 0.49958333333333327, "attack_acc_std": 0.0007249521056977055, "attack_pre_mean": 0.5555320837355856, "attack_pre_std": 0.0706748374879505, "attack_rec_mean": 0.08296666666666666, "attack_rec_std": 0.17004320692759894}