{"n_classes": 100, "alpha": 0.001, "max_iter": 100, "lambda_": 1e-05, "tolerance": 1e-05, "DP": false, "L": 1, "C": 1, "epsilon": 0, "delta": 1e-05, "train_acc": 0.9999, "test_acc": 0.5402, "attack_acc": 0.85065, "attack_pre": 0.8093515659461844, "attack_rec": 0.9174, "outDP_epsilon": 0.4, "outDP_train_acc": 0.0082, "outDP_test_acc": 0.0083, "attack_acc_mean": 0.4989333333333333, "attack_acc_std": 0.0020907866674744363, "attack_pre_mean": 0.5530241116900687, "attack_pre_std": 0.07289976575808575, "attack_rec_mean": 0.0327, "attack_rec_std": 0.05798680884477089}