{"n_classes": 100, "alpha": 0.001, "max_iter": 100, "lambda_": 0.0001, "tolerance": 1e-05, "DP": false, "L": 10, "C": 1, "epsilon": 0, "delta": 1e-05, "train_acc": 0.8748, "test_acc": 0.5545, "attack_acc": 0.5106, "attack_pre": 0.7804232804232805, "attack_rec": 0.0295, "outDP_epsilon": 100, "outDP_train_acc": 0.4365, "outDP_test_acc": 0.279, "attack_acc_mean": 0.5135583333333332, "attack_acc_std": 0.03065553806229615, "attack_pre_mean": 0.5719858204535051, "attack_pre_std": 0.06677691738333133, "attack_rec_mean": 0.09016666666666663, "attack_rec_std": 0.18612762347975711}