{"n_classes": 100, "alpha": 0.001, "max_iter": 100, "lambda_": 0.0005, "tolerance": 1e-05, "DP": false, "L": 10, "C": 1, "epsilon": 0, "delta": 1e-05, "train_acc": 0.8688, "test_acc": 0.5478, "attack_acc": 0.50975, "attack_pre": 0.773109243697479, "attack_rec": 0.0276, "outDP_epsilon": 200, "outDP_train_acc": 0.8579, "outDP_test_acc": 0.5389, "attack_acc_mean": 0.5312, "attack_acc_std": 0.07010194362498087, "attack_pre_mean": 0.5831635274441023, "attack_pre_std": 0.07509635632270774, "attack_rec_mean": 0.13271666666666662, "attack_rec_std": 0.2812177472864913}