{"n_classes": 100, "alpha": 0.001, "max_iter": 100, "lambda_": 0.0001, "tolerance": 1e-05, "DP": false, "L": 10, "C": 1, "epsilon": 0, "delta": 1e-05, "train_acc": 0.8748, "test_acc": 0.5545, "attack_acc": 0.5106, "attack_pre": 0.7804232804232805, "attack_rec": 0.0295, "outDP_epsilon": 0.5, "outDP_train_acc": 0.0105, "outDP_test_acc": 0.0085, "attack_acc_mean": 0.5000749999999999, "attack_acc_std": 0.0006504805915628767, "attack_pre_mean": 0.5561578255029102, "attack_pre_std": 0.07017859863224898, "attack_rec_mean": 0.05948333333333333, "attack_rec_std": 0.1176117400130144}