{"n_classes": 100, "alpha": 0.001, "max_iter": 100, "lambda_": 1e-05, "tolerance": 1e-05, "DP": false, "L": 1, "C": 1, "epsilon": 0, "delta": 1e-05, "train_acc": 0.9999, "test_acc": 0.5402, "attack_acc": 0.85065, "attack_pre": 0.8093515659461844, "attack_rec": 0.9174, "outDP_epsilon": 7, "outDP_train_acc": 0.0147, "outDP_test_acc": 0.014, "attack_acc_mean": 0.4992916666666667, "attack_acc_std": 0.001314792970606228, "attack_pre_mean": 0.5550083664021886, "attack_pre_std": 0.07110867156161249, "attack_rec_mean": 0.06328333333333333, "attack_rec_std": 0.1260915859823944}