{"n_classes": 100, "alpha": 0.001, "max_iter": 100, "lambda_": 1e-05, "tolerance": 1e-05, "DP": false, "L": 1, "C": 1, "epsilon": 0, "delta": 1e-05, "train_acc": 0.9999, "test_acc": 0.5402, "attack_acc": 0.85065, "attack_pre": 0.8093515659461844, "attack_rec": 0.9174, "outDP_epsilon": 1000, "outDP_train_acc": 0.9154, "outDP_test_acc": 0.4503, "attack_acc_mean": 0.5299916666666666, "attack_acc_std": 0.06740007675976505, "attack_pre_mean": 0.5758570818016834, "attack_pre_std": 0.06874965725339982, "attack_rec_mean": 0.16136666666666663, "attack_rec_std": 0.34526129074787526}