{"n_classes": 100, "alpha": 0.001, "max_iter": 100, "lambda_": 1e-08, "tolerance": 1e-05, "DP": false, "L": 10, "C": 1, "epsilon": 0, "delta": 1e-05, "train_acc": 0.8726, "test_acc": 0.5517, "attack_acc": 0.51095, "attack_pre": 0.7772151898734178, "attack_rec": 0.0307, "outDP_epsilon": 800, "outDP_train_acc": 0.0091, "outDP_test_acc": 0.0066, "attack_acc_mean": 0.5005333333333333, "attack_acc_std": 0.0015826314233649713, "attack_pre_mean": 0.556502437291803, "attack_pre_std": 0.06991576123080422, "attack_rec_mean": 0.09006666666666663, "attack_rec_std": 0.18590421069883156}