{"n_classes": 100, "alpha": 0.001, "max_iter": 100, "lambda_": 0.001, "tolerance": 1e-05, "DP": false, "L": 10, "C": 1, "epsilon": 0, "delta": 1e-05, "train_acc": 0.8658, "test_acc": 0.5489, "attack_acc": 0.50815, "attack_pre": 0.7654723127035831, "attack_rec": 0.0235, "outDP_epsilon": 0.7, "outDP_train_acc": 0.0303, "outDP_test_acc": 0.032, "attack_acc_mean": 0.4999416666666667, "attack_acc_std": 0.000460449659451366, "attack_pre_mean": 0.5560827500288051, "attack_pre_std": 0.07023685015609962, "attack_rec_mean": 0.029366666666666666, "attack_rec_std": 0.05060986948104973}