{"n_classes": 100, "alpha": 0.001, "max_iter": 100, "lambda_": 0.001, "tolerance": 1e-05, "DP": false, "L": 10, "C": 1, "epsilon": 0, "delta": 1e-05, "train_acc": 0.8658, "test_acc": 0.5489, "attack_acc": 0.50815, "attack_pre": 0.7654723127035831, "attack_rec": 0.0235, "outDP_epsilon": 9, "outDP_train_acc": 0.4182, "outDP_test_acc": 0.2725, "attack_acc_mean": 0.5135416666666667, "attack_acc_std": 0.030618273637740497, "attack_pre_mean": 0.5727811583687098, "attack_pre_std": 0.06709584684409572, "attack_rec_mean": 0.08675, "attack_rec_std": 0.178494628770728}