{"n_classes": 100, "alpha": 0.001, "max_iter": 100, "lambda_": 0.1, "tolerance": 1e-05, "DP": false, "L": 10, "C": 1, "epsilon": 0, "delta": 1e-05, "train_acc": 0.2185, "test_acc": 0.1688, "attack_acc": 0.5, "attack_pre": 0, "attack_rec": 0.0, "outDP_epsilon": 0.5, "outDP_train_acc": 0.2024, "outDP_test_acc": 0.1557, "attack_acc_mean": 0.4998916666666666, "attack_acc_std": 0.00042270622843240793, "attack_pre_mean": 0.5697348964934517, "attack_pre_std": 0.06612567812314833, "attack_rec_mean": 0.0059499999999999996, "attack_rec_std": 0.00809521463582035}