{"n_classes": 100, "alpha": 0.001, "max_iter": 100, "lambda_": 0.05, "tolerance": 1e-05, "DP": false, "L": 10, "C": 1, "epsilon": 0, "delta": 1e-05, "train_acc": 0.3943, "test_acc": 0.2762, "attack_acc": 0.5, "attack_pre": 0, "attack_rec": 0.0, "outDP_epsilon": 80000, "outDP_train_acc": 0.3943, "outDP_test_acc": 0.2762, "attack_acc_mean": 0.5000583333333334, "attack_acc_std": 0.0006221044035279635, "attack_pre_mean": 0.5820364837950389, "attack_pre_std": 0.07391762492018354, "attack_rec_mean": 0.006599999999999999, "attack_rec_std": 0.007798717843338096}