{"n_classes": 100, "alpha": 0.001, "max_iter": 100, "lambda_": 0.01, "tolerance": 1e-05, "DP": false, "L": 10, "C": 1, "epsilon": 0, "delta": 1e-05, "train_acc": 0.7754, "test_acc": 0.4985, "attack_acc": 0.50095, "attack_pre": 0.6862745098039216, "attack_rec": 0.0035, "outDP_epsilon": 6, "outDP_train_acc": 0.7536, "outDP_test_acc": 0.4791, "attack_acc_mean": 0.5184333333333333, "attack_acc_std": 0.04155564208250051, "attack_pre_mean": 0.5932846465663003, "attack_pre_std": 0.08823853198935074, "attack_rec_mean": 0.0657, "attack_rec_std": 0.13148562659089397}