{"n_classes": 100, "alpha": 0.001, "max_iter": 100, "lambda_": 0.0001, "tolerance": 1e-05, "DP": false, "L": 10, "C": 1, "epsilon": 0, "delta": 1e-05, "train_acc": 0.8748, "test_acc": 0.5545, "attack_acc": 0.5106, "attack_pre": 0.7804232804232805, "attack_rec": 0.0295, "outDP_epsilon": 700, "outDP_train_acc": 0.8533, "outDP_test_acc": 0.5371, "attack_acc_mean": 0.5305583333333334, "attack_acc_std": 0.06866715867542182, "attack_pre_mean": 0.5819417154913916, "attack_pre_std": 0.07382157389142595, "attack_rec_mean": 0.13449999999999998, "attack_rec_std": 0.2852039095103712}