{"n_classes": 100, "alpha": 0.001, "max_iter": 100, "lambda_": 0.001, "tolerance": 1e-05, "DP": false, "L": 10, "C": 1, "epsilon": 0, "delta": 1e-05, "train_acc": 0.8658, "test_acc": 0.5489, "attack_acc": 0.50815, "attack_pre": 0.7654723127035831, "attack_rec": 0.0235, "outDP_epsilon": 6000, "outDP_train_acc": 0.8657, "outDP_test_acc": 0.5494, "attack_acc_mean": 0.531625, "attack_acc_std": 0.07105225629774187, "attack_pre_mean": 0.5842652700463816, "attack_pre_std": 0.07631149860423041, "attack_rec_mean": 0.1306833333333333, "attack_rec_std": 0.276672829750632}