{"n_classes": 100, "alpha": 0.001, "max_iter": 100, "lambda_": 0.05, "tolerance": 1e-05, "DP": false, "L": 10, "C": 1, "epsilon": 0, "delta": 1e-05, "train_acc": 0.3943, "test_acc": 0.2762, "attack_acc": 0.5, "attack_pre": 0, "attack_rec": 0.0, "outDP_epsilon": 6, "outDP_train_acc": 0.397, "outDP_test_acc": 0.2777, "attack_acc_mean": 0.5000583333333334, "attack_acc_std": 0.0006221044035279635, "attack_pre_mean": 0.5844918409378961, "attack_pre_std": 0.07656882595340715, "attack_rec_mean": 0.00655, "attack_rec_std": 0.007812329998150359}