{"n_classes": 100, "alpha": 0.001, "max_iter": 100, "lambda_": 1e-06, "tolerance": 1e-05, "DP": false, "L": 10, "C": 1, "epsilon": 0, "delta": 1e-05, "train_acc": 0.8736, "test_acc": 0.5502, "attack_acc": 0.51135, "attack_pre": 0.774818401937046, "attack_rec": 0.032, "outDP_epsilon": 20000, "outDP_train_acc": 0.6671, "outDP_test_acc": 0.4075, "attack_acc_mean": 0.5221916666666666, "attack_acc_std": 0.04995918681506158, "attack_pre_mean": 0.5780560659909747, "attack_pre_std": 0.07032157856569196, "attack_rec_mean": 0.11188333333333329, "attack_rec_std": 0.23465418823356965}