{"n_classes": 100, "alpha": 0.001, "max_iter": 100, "lambda_": 0.005, "tolerance": 1e-05, "DP": false, "L": 10, "C": 1, "epsilon": 0, "delta": 1e-05, "train_acc": 0.8271, "test_acc": 0.5255, "attack_acc": 0.503, "attack_pre": 0.7459016393442623, "attack_rec": 0.0091, "outDP_epsilon": 5, "outDP_train_acc": 0.6809, "outDP_test_acc": 0.4261, "attack_acc_mean": 0.5216, "attack_acc_std": 0.04863622621051102, "attack_pre_mean": 0.5833355685307933, "attack_pre_std": 0.07528208595637029, "attack_rec_mean": 0.09341666666666663, "attack_rec_std": 0.1933887829965556}