{"n_classes": 100, "alpha": 0.001, "max_iter": 100, "lambda_": 1e-07, "tolerance": 1e-05, "DP": false, "L": 10, "C": 1, "epsilon": 0, "delta": 1e-05, "train_acc": 0.8737, "test_acc": 0.5488, "attack_acc": 0.51105, "attack_pre": 0.7728395061728395, "attack_rec": 0.0313, "outDP_epsilon": 90000, "outDP_train_acc": 0.4156, "outDP_test_acc": 0.2669, "attack_acc_mean": 0.5129, "attack_acc_std": 0.029183599846489147, "attack_pre_mean": 0.5724193629932891, "attack_pre_std": 0.06694509844255664, "attack_rec_mean": 0.08435, "attack_rec_std": 0.17313327958541078}