{"n_classes": 100, "alpha": 0.001, "max_iter": 100, "lambda_": 0.005, "tolerance": 1e-05, "DP": false, "L": 10, "C": 1, "epsilon": 0, "delta": 1e-05, "train_acc": 0.8271, "test_acc": 0.5255, "attack_acc": 0.503, "attack_pre": 0.7459016393442623, "attack_rec": 0.0091, "outDP_epsilon": 3, "outDP_train_acc": 0.5193, "outDP_test_acc": 0.3231, "attack_acc_mean": 0.51615, "attack_acc_std": 0.036450240054079215, "attack_pre_mean": 0.5776711383541939, "attack_pre_std": 0.07002403836530617, "attack_rec_mean": 0.08424999999999999, "attack_rec_std": 0.1729098970562414}