{"n_classes": 100, "alpha": 0.001, "max_iter": 100, "lambda_": 0.001, "tolerance": 1e-05, "DP": false, "L": 10, "C": 1, "epsilon": 0, "delta": 1e-05, "train_acc": 0.8658, "test_acc": 0.5489, "attack_acc": 0.50815, "attack_pre": 0.7654723127035831, "attack_rec": 0.0235, "outDP_epsilon": 70, "outDP_train_acc": 0.8485, "outDP_test_acc": 0.5333, "attack_acc_mean": 0.5306833333333333, "attack_acc_std": 0.06894666215432203, "attack_pre_mean": 0.5836538723336298, "attack_pre_std": 0.07562967259694128, "attack_rec_mean": 0.12896666666666665, "attack_rec_std": 0.2728357727441343}