{"n_classes": 100, "alpha": 0.001, "max_iter": 100, "lambda_": 0.0005, "tolerance": 1e-05, "DP": false, "L": 10, "C": 1, "epsilon": 0, "delta": 1e-05, "train_acc": 0.8688, "test_acc": 0.5478, "attack_acc": 0.50975, "attack_pre": 0.773109243697479, "attack_rec": 0.0276, "outDP_epsilon": 0.4, "outDP_train_acc": 0.0084, "outDP_test_acc": 0.0094, "attack_acc_mean": 0.4991416666666666, "attack_acc_std": 0.0016366675152747314, "attack_pre_mean": 0.5546245996543073, "attack_pre_std": 0.0714370899861098, "attack_rec_mean": 0.05513333333333333, "attack_rec_std": 0.10790787222853063}