{"n_classes": 100, "alpha": 0.001, "max_iter": 100, "lambda_": 1e-05, "tolerance": 1e-05, "DP": false, "L": 1, "C": 1, "epsilon": 0, "delta": 1e-05, "train_acc": 0.9999, "test_acc": 0.5402, "attack_acc": 0.85065, "attack_pre": 0.8093515659461844, "attack_rec": 0.9174, "outDP_epsilon": 1, "outDP_train_acc": 0.0105, "outDP_test_acc": 0.009, "attack_acc_mean": 0.5005833333333333, "attack_acc_std": 0.0016908249137296454, "attack_pre_mean": 0.5577364088144195, "attack_pre_std": 0.06903696463787216, "attack_rec_mean": 0.037766666666666664, "attack_rec_std": 0.06923119881158268}