{"n_classes": 100, "alpha": 0.001, "max_iter": 100, "lambda_": 0.05, "tolerance": 1e-05, "DP": false, "L": 10, "C": 1, "epsilon": 0, "delta": 1e-05, "train_acc": 0.3943, "test_acc": 0.2762, "attack_acc": 0.5, "attack_pre": 0, "attack_rec": 0.0, "outDP_epsilon": 0.6, "outDP_train_acc": 0.3022, "outDP_test_acc": 0.2322, "attack_acc_mean": 0.5001083333333334, "attack_acc_std": 0.0007097045551182092, "attack_pre_mean": 0.5796555314140865, "attack_pre_std": 0.07165549907821717, "attack_rec_mean": 0.006883333333333334, "attack_rec_std": 0.007751648570178833}