{"n_classes": 100, "alpha": 0.001, "max_iter": 100, "lambda_": 0.0001, "tolerance": 1e-05, "DP": false, "L": 10, "C": 1, "epsilon": 0, "delta": 1e-05, "train_acc": 0.8748, "test_acc": 0.5545, "attack_acc": 0.5106, "attack_pre": 0.7804232804232805, "attack_rec": 0.0295, "outDP_epsilon": 80000, "outDP_train_acc": 0.8745, "outDP_test_acc": 0.5541, "attack_acc_mean": 0.53195, "attack_acc_std": 0.07177896627843007, "attack_pre_mean": 0.5826847658674695, "attack_pre_std": 0.07458751137289314, "attack_rec_mean": 0.13749999999999998, "attack_rec_std": 0.2919096949400619}