{"n_classes": 100, "alpha": 0.001, "max_iter": 100, "lambda_": 1e-06, "tolerance": 1e-05, "DP": false, "L": 10, "C": 1, "epsilon": 0, "delta": 1e-05, "train_acc": 0.8736, "test_acc": 0.5502, "attack_acc": 0.51135, "attack_pre": 0.774818401937046, "attack_rec": 0.032, "outDP_epsilon": 600, "outDP_train_acc": 0.0211, "outDP_test_acc": 0.0192, "attack_acc_mean": 0.4996666666666667, "attack_acc_std": 0.0005814254514170682, "attack_pre_mean": 0.5553768940415514, "attack_pre_std": 0.07080165040669616, "attack_rec_mean": 0.04263333333333333, "attack_rec_std": 0.08005430795542624}