{"n_classes": 100, "alpha": 0.001, "max_iter": 100, "lambda_": 1e-05, "tolerance": 1e-05, "DP": false, "L": 1, "C": 1, "epsilon": 0, "delta": 1e-05, "train_acc": 0.9999, "test_acc": 0.5402, "attack_acc": 0.85065, "attack_pre": 0.8093515659461844, "attack_rec": 0.9174, "outDP_epsilon": 80, "outDP_train_acc": 0.0356, "outDP_test_acc": 0.0305, "attack_acc_mean": 0.5007, "attack_acc_std": 0.001944865033877677, "attack_pre_mean": 0.5577535220554298, "attack_pre_std": 0.06902547390105922, "attack_rec_mean": 0.042699999999999995, "attack_rec_std": 0.08020268075320176}