{"n_classes": 100, "alpha": 0.001, "max_iter": 100, "lambda_": 0.001, "tolerance": 1e-05, "DP": false, "L": 10, "C": 1, "epsilon": 0, "delta": 1e-05, "train_acc": 0.8658, "test_acc": 0.5489, "attack_acc": 0.50815, "attack_pre": 0.7654723127035831, "attack_rec": 0.0235, "outDP_epsilon": 0.6, "outDP_train_acc": 0.0193, "outDP_test_acc": 0.0154, "attack_acc_mean": 0.5004749999999999, "attack_acc_std": 0.0014570947120897979, "attack_pre_mean": 0.5571486563236249, "attack_pre_std": 0.06944325835750424, "attack_rec_mean": 0.044816666666666664, "attack_rec_std": 0.08491478898807255}