{"n_classes": 100, "alpha": 0.001, "max_iter": 100, "lambda_": 0.01, "tolerance": 1e-05, "DP": false, "L": 10, "C": 1, "epsilon": 0, "delta": 1e-05, "train_acc": 0.7754, "test_acc": 0.4985, "attack_acc": 0.50095, "attack_pre": 0.6862745098039216, "attack_rec": 0.0035, "outDP_epsilon": 0.6, "outDP_train_acc": 0.1404, "outDP_test_acc": 0.1061, "attack_acc_mean": 0.50285, "attack_acc_std": 0.006720863039818636, "attack_pre_mean": 0.5629615302068111, "attack_pre_std": 0.06646640786312047, "attack_rec_mean": 0.043649999999999994, "attack_rec_std": 0.08231726732587763}