{"n_classes": 100, "alpha": 0.001, "max_iter": 100, "lambda_": 0.0001, "tolerance": 1e-05, "DP": false, "L": 10, "C": 1, "epsilon": 0, "delta": 1e-05, "train_acc": 0.8748, "test_acc": 0.5545, "attack_acc": 0.5106, "attack_pre": 0.7804232804232805, "attack_rec": 0.0295, "outDP_epsilon": 3, "outDP_train_acc": 0.013, "outDP_test_acc": 0.0114, "attack_acc_mean": 0.5000083333333333, "attack_acc_std": 0.0005434585745226822, "attack_pre_mean": 0.5562565166357615, "attack_pre_std": 0.07010256151375421, "attack_rec_mean": 0.03303333333333334, "attack_rec_std": 0.058725567023420244}