{"n_classes": 100, "alpha": 0.001, "max_iter": 100, "lambda_": 1e-07, "tolerance": 1e-05, "DP": false, "L": 10, "C": 1, "epsilon": 0, "delta": 1e-05, "train_acc": 0.8737, "test_acc": 0.5488, "attack_acc": 0.51105, "attack_pre": 0.7728395061728395, "attack_rec": 0.0313, "outDP_epsilon": 40, "outDP_train_acc": 0.0103, "outDP_test_acc": 0.0087, "attack_acc_mean": 0.49970833333333325, "attack_acc_std": 0.0005199492496602115, "attack_pre_mean": 0.5555381637429694, "attack_pre_std": 0.07066989927762082, "attack_rec_mean": 0.050783333333333326, "attack_rec_std": 0.09820856067008055}