{"n_classes": 100, "alpha": 0.001, "max_iter": 100, "lambda_": 0.0005, "tolerance": 1e-05, "DP": false, "L": 10, "C": 1, "epsilon": 0, "delta": 1e-05, "train_acc": 0.8688, "test_acc": 0.5478, "attack_acc": 0.50975, "attack_pre": 0.773109243697479, "attack_rec": 0.0276, "outDP_epsilon": 1, "outDP_train_acc": 0.0152, "outDP_test_acc": 0.014, "attack_acc_mean": 0.49997500000000006, "attack_acc_std": 0.0004981214711292883, "attack_pre_mean": 0.5561612661165426, "attack_pre_std": 0.07017593750392198, "attack_rec_mean": 0.03236666666666667, "attack_rec_std": 0.05724822170940237}