{"n_classes": 100, "alpha": 0.001, "max_iter": 100, "lambda_": 0.0005, "tolerance": 1e-05, "DP": false, "L": 10, "C": 1, "epsilon": 0, "delta": 1e-05, "train_acc": 0.8688, "test_acc": 0.5478, "attack_acc": 0.50975, "attack_pre": 0.773109243697479, "attack_rec": 0.0276, "outDP_epsilon": 0.7, "outDP_train_acc": 0.0124, "outDP_test_acc": 0.013, "attack_acc_mean": 0.5007083333333333, "attack_acc_std": 0.001963079355389274, "attack_pre_mean": 0.5570976347198126, "attack_pre_std": 0.06947958851927556, "attack_rec_mean": 0.06214999999999999, "attack_rec_std": 0.12356226163355863}