{"n_classes": 100, "alpha": 0.001, "max_iter": 100, "lambda_": 0.001, "tolerance": 1e-05, "DP": false, "L": 10, "C": 1, "epsilon": 0, "delta": 1e-05, "train_acc": 0.8658, "test_acc": 0.5489, "attack_acc": 0.50815, "attack_pre": 0.7654723127035831, "attack_rec": 0.0235, "outDP_epsilon": 2, "outDP_train_acc": 0.0595, "outDP_test_acc": 0.0493, "attack_acc_mean": 0.49994999999999995, "attack_acc_std": 0.00046904157598233074, "attack_pre_mean": 0.5559453848405506, "attack_pre_std": 0.07034434489597663, "attack_rec_mean": 0.0688, "attack_rec_std": 0.13840599697989972}