{"n_classes": 100, "alpha": 0.001, "max_iter": 100, "lambda_": 1e-05, "tolerance": 1e-05, "DP": false, "L": 1, "C": 1, "epsilon": 0, "delta": 1e-05, "train_acc": 0.9999, "test_acc": 0.5402, "attack_acc": 0.85065, "attack_pre": 0.8093515659461844, "attack_rec": 0.9174, "outDP_epsilon": 50000, "outDP_train_acc": 0.9999, "outDP_test_acc": 0.5411, "attack_acc_mean": 0.5270333333333334, "attack_acc_std": 0.06078517957163208, "attack_pre_mean": 0.5721956152942463, "attack_pre_std": 0.06685659915607262, "attack_rec_mean": 0.17141666666666666, "attack_rec_std": 0.36772846148875793}