{"n_classes": 100, "alpha": 0.001, "max_iter": 100, "lambda_": 1e-06, "tolerance": 1e-05, "DP": false, "L": 10, "C": 1, "epsilon": 0, "delta": 1e-05, "train_acc": 0.8736, "test_acc": 0.5502, "attack_acc": 0.51135, "attack_pre": 0.774818401937046, "attack_rec": 0.032, "outDP_epsilon": 40000, "outDP_train_acc": 0.8297, "outDP_test_acc": 0.5216, "attack_acc_mean": 0.529575, "attack_acc_std": 0.06646839944665436, "attack_pre_mean": 0.5814848197592589, "attack_pre_std": 0.07336531857638924, "attack_rec_mean": 0.13206666666666664, "attack_rec_std": 0.2797648576135958}