{"n_classes": 100, "alpha": 0.001, "max_iter": 100, "lambda_": 1e-07, "tolerance": 1e-05, "DP": false, "L": 10, "C": 1, "epsilon": 0, "delta": 1e-05, "train_acc": 0.8737, "test_acc": 0.5488, "attack_acc": 0.51105, "attack_pre": 0.7728395061728395, "attack_rec": 0.0313, "outDP_epsilon": 5, "outDP_train_acc": 0.0088, "outDP_test_acc": 0.0101, "attack_acc_mean": 0.4998666666666667, "attack_acc_std": 0.00041399141161246937, "attack_pre_mean": 0.5558371357496353, "attack_pre_std": 0.07042988309181608, "attack_rec_mean": 0.0841, "attack_rec_std": 0.17257482435164173}