{"n_classes": 100, "alpha": 0.001, "max_iter": 100, "lambda_": 0.01, "tolerance": 1e-05, "DP": false, "L": 10, "C": 1, "epsilon": 0, "delta": 1e-05, "train_acc": 0.7754, "test_acc": 0.4985, "attack_acc": 0.50095, "attack_pre": 0.6862745098039216, "attack_rec": 0.0035, "outDP_epsilon": 0.1, "outDP_train_acc": 0.021, "outDP_test_acc": 0.0196, "attack_acc_mean": 0.5001916666666667, "attack_acc_std": 0.0008681477728794573, "attack_pre_mean": 0.5562996847774376, "attack_pre_std": 0.07006949493620963, "attack_rec_mean": 0.06431666666666666, "attack_rec_std": 0.12839790258757688}