{"n_classes": 100, "alpha": 0.001, "max_iter": 100, "lambda_": 1e-05, "tolerance": 1e-05, "DP": false, "L": 1, "C": 1, "epsilon": 0, "delta": 1e-05, "train_acc": 0.9999, "test_acc": 0.5402, "attack_acc": 0.85065, "attack_pre": 0.8093515659461844, "attack_rec": 0.9174, "outDP_epsilon": 8, "outDP_train_acc": 0.0143, "outDP_test_acc": 0.0108, "attack_acc_mean": 0.5008333333333334, "attack_acc_std": 0.0022371236492921623, "attack_pre_mean": 0.5576843604404218, "attack_pre_std": 0.06907203121571992, "attack_rec_mean": 0.05023333333333333, "attack_rec_std": 0.09698260439664197}