{"n_classes": 100, "alpha": 0.001, "max_iter": 100, "lambda_": 0.0001, "tolerance": 1e-05, "DP": false, "L": 10, "C": 1, "epsilon": 0, "delta": 1e-05, "train_acc": 0.8748, "test_acc": 0.5545, "attack_acc": 0.5106, "attack_pre": 0.7804232804232805, "attack_rec": 0.0295, "outDP_epsilon": 30000, "outDP_train_acc": 0.8749, "outDP_test_acc": 0.5543, "attack_acc_mean": 0.5320416666666666, "attack_acc_std": 0.07198393580437851, "attack_pre_mean": 0.5827502119092355, "attack_pre_std": 0.07465636860558691, "attack_rec_mean": 0.1376333333333333, "attack_rec_std": 0.29220773242487763}