{"n_classes": 100, "alpha": 0.001, "max_iter": 100, "lambda_": 0.0001, "tolerance": 1e-05, "DP": false, "L": 10, "C": 1, "epsilon": 0, "delta": 1e-05, "train_acc": 0.8748, "test_acc": 0.5545, "attack_acc": 0.5106, "attack_pre": 0.7804232804232805, "attack_rec": 0.0295, "outDP_epsilon": 0.8, "outDP_train_acc": 0.011, "outDP_test_acc": 0.0111, "attack_acc_mean": 0.5002749999999999, "attack_acc_std": 0.0010359174677550187, "attack_pre_mean": 0.5563096144659443, "attack_pre_std": 0.07006190545096144, "attack_rec_mean": 0.07813333333333333, "attack_rec_std": 0.15924752919764737}