{"n_classes": 100, "alpha": 0.001, "max_iter": 100, "lambda_": 0.05, "tolerance": 1e-05, "DP": false, "L": 10, "C": 1, "epsilon": 0, "delta": 1e-05, "train_acc": 0.3943, "test_acc": 0.2762, "attack_acc": 0.5, "attack_pre": 0, "attack_rec": 0.0, "outDP_epsilon": 0.1, "outDP_train_acc": 0.051, "outDP_test_acc": 0.0458, "attack_acc_mean": 0.5007083333333333, "attack_acc_std": 0.001963079355389274, "attack_pre_mean": 0.5592753628857698, "attack_pre_std": 0.06808192057675795, "attack_rec_mean": 0.02691666666666667, "attack_rec_std": 0.04520385000810833}