{"n_classes": 100, "alpha": 0.001, "max_iter": 100, "lambda_": 0.001, "tolerance": 1e-05, "DP": false, "L": 10, "C": 1, "epsilon": 0, "delta": 1e-05, "train_acc": 0.8658, "test_acc": 0.5489, "attack_acc": 0.50815, "attack_pre": 0.7654723127035831, "attack_rec": 0.0235, "outDP_epsilon": 800, "outDP_train_acc": 0.8656, "outDP_test_acc": 0.5495, "attack_acc_mean": 0.531625, "attack_acc_std": 0.07105225629774187, "attack_pre_mean": 0.5842246275545091, "attack_pre_std": 0.07626560314897152, "attack_rec_mean": 0.13081666666666664, "attack_rec_std": 0.2769708553660876}