{"n_classes": 100, "alpha": 0.001, "max_iter": 100, "lambda_": 0.005, "tolerance": 1e-05, "DP": false, "L": 10, "C": 1, "epsilon": 0, "delta": 1e-05, "train_acc": 0.8271, "test_acc": 0.5255, "attack_acc": 0.503, "attack_pre": 0.7459016393442623, "attack_rec": 0.0091, "outDP_epsilon": 0.1, "outDP_train_acc": 0.0139, "outDP_test_acc": 0.0135, "attack_acc_mean": 0.500125, "attack_acc_std": 0.0007403546447480245, "attack_pre_mean": 0.5564487077009947, "attack_pre_std": 0.06995624755599969, "attack_rec_mean": 0.04065, "attack_rec_std": 0.07564147341240782}