{"n_classes": 100, "alpha": 0.001, "max_iter": 100, "lambda_": 1e-05, "tolerance": 1e-05, "DP": false, "L": 1, "C": 1, "epsilon": 0, "delta": 1e-05, "train_acc": 0.9999, "test_acc": 0.5402, "attack_acc": 0.85065, "attack_pre": 0.8093515659461844, "attack_rec": 0.9174, "outDP_epsilon": 600, "outDP_train_acc": 0.6867, "outDP_test_acc": 0.3446, "attack_acc_mean": 0.5227583333333333, "attack_acc_std": 0.05122624991696693, "attack_pre_mean": 0.5738473711455738, "attack_pre_std": 0.06759448202104187, "attack_rec_mean": 0.13464999999999996, "attack_rec_std": 0.28553919608347994}