{"n_classes": 100, "alpha": 0.001, "max_iter": 100, "lambda_": 0.005, "tolerance": 1e-05, "DP": false, "L": 10, "C": 1, "epsilon": 0, "delta": 1e-05, "train_acc": 0.8271, "test_acc": 0.5255, "attack_acc": 0.503, "attack_pre": 0.7459016393442623, "attack_rec": 0.0091, "outDP_epsilon": 600, "outDP_train_acc": 0.827, "outDP_test_acc": 0.5245, "attack_acc_mean": 0.5282333333333332, "attack_acc_std": 0.06346840202459454, "attack_pre_mean": 0.5907228165251547, "attack_pre_std": 0.084533277787125, "attack_rec_mean": 0.10194999999999997, "attack_rec_std": 0.21245595425875924}