{"n_classes": 100, "alpha": 0.001, "max_iter": 100, "lambda_": 1e-06, "tolerance": 1e-05, "DP": false, "L": 10, "C": 1, "epsilon": 0, "delta": 1e-05, "train_acc": 0.8736, "test_acc": 0.5502, "attack_acc": 0.51135, "attack_pre": 0.774818401937046, "attack_rec": 0.032, "outDP_epsilon": 20, "outDP_train_acc": 0.0103, "outDP_test_acc": 0.0106, "attack_acc_mean": 0.49980833333333335, "attack_acc_std": 0.00042270622843240885, "attack_pre_mean": 0.5557804553266211, "attack_pre_std": 0.07047496204293346, "attack_rec_mean": 0.09051666666666663, "attack_rec_std": 0.1869095718671346}