{"n_classes": 100, "alpha": 0.001, "max_iter": 100, "lambda_": 0.05, "tolerance": 1e-05, "DP": false, "L": 10, "C": 1, "epsilon": 0, "delta": 1e-05, "train_acc": 0.3943, "test_acc": 0.2762, "attack_acc": 0.5, "attack_pre": 0, "attack_rec": 0.0, "outDP_epsilon": 0.9, "outDP_train_acc": 0.3131, "outDP_test_acc": 0.2322, "attack_acc_mean": 0.5002249999999999, "attack_acc_std": 0.0009344115795515344, "attack_pre_mean": 0.5748677467349975, "attack_pre_std": 0.06814641256070177, "attack_rec_mean": 0.007716666666666666, "attack_rec_std": 0.007911261312556648}