{"n_classes": 100, "alpha": 0.001, "max_iter": 100, "lambda_": 1e-06, "tolerance": 1e-05, "DP": false, "L": 10, "C": 1, "epsilon": 0, "delta": 1e-05, "train_acc": 0.8736, "test_acc": 0.5502, "attack_acc": 0.51135, "attack_pre": 0.774818401937046, "attack_rec": 0.032, "outDP_epsilon": 10, "outDP_train_acc": 0.0084, "outDP_test_acc": 0.0109, "attack_acc_mean": 0.4999416666666667, "attack_acc_std": 0.000460449659451366, "attack_pre_mean": 0.5559551540791315, "attack_pre_std": 0.07033666112696371, "attack_rec_mean": 0.056799999999999996, "attack_rec_std": 0.11162535554254689}