{"n_classes": 100, "alpha": 0.001, "max_iter": 100, "lambda_": 1e-07, "tolerance": 1e-05, "DP": false, "L": 10, "C": 1, "epsilon": 0, "delta": 1e-05, "train_acc": 0.8737, "test_acc": 0.5488, "attack_acc": 0.51105, "attack_pre": 0.7728395061728395, "attack_rec": 0.0313, "outDP_epsilon": 200, "outDP_train_acc": 0.0079, "outDP_test_acc": 0.007, "attack_acc_mean": 0.49949166666666667, "attack_acc_std": 0.0009011181325935551, "attack_pre_mean": 0.5550662408565291, "attack_pre_std": 0.07105991151000668, "attack_rec_mean": 0.04641666666666666, "attack_rec_std": 0.08847817841454218}