{"n_classes": 100, "alpha": 0.001, "max_iter": 100, "lambda_": 0.01, "tolerance": 1e-05, "DP": false, "L": 10, "C": 1, "epsilon": 0, "delta": 1e-05, "train_acc": 0.7754, "test_acc": 0.4985, "attack_acc": 0.50095, "attack_pre": 0.6862745098039216, "attack_rec": 0.0035, "outDP_epsilon": 0.2, "outDP_train_acc": 0.0437, "outDP_test_acc": 0.0398, "attack_acc_mean": 0.500825, "attack_acc_std": 0.002218811618862689, "attack_pre_mean": 0.5585296234237718, "attack_pre_std": 0.0685247957592968, "attack_rec_mean": 0.036283333333333334, "attack_rec_std": 0.06593624235240855}