{"n_classes": 100, "alpha": 0.001, "max_iter": 100, "lambda_": 0.005, "tolerance": 1e-05, "DP": false, "L": 10, "C": 1, "epsilon": 0, "delta": 1e-05, "train_acc": 0.8271, "test_acc": 0.5255, "attack_acc": 0.503, "attack_pre": 0.7459016393442623, "attack_rec": 0.0091, "outDP_epsilon": 20000, "outDP_train_acc": 0.8272, "outDP_test_acc": 0.5253, "attack_acc_mean": 0.5281166666666667, "attack_acc_std": 0.06320753295472163, "attack_pre_mean": 0.5905878782733617, "attack_pre_std": 0.08434438608542447, "attack_rec_mean": 0.10181666666666662, "attack_rec_std": 0.21215801042828641}