{"n_classes": 100, "alpha": 0.001, "max_iter": 100, "lambda_": 0.05, "tolerance": 1e-05, "DP": false, "L": 10, "C": 1, "epsilon": 0, "delta": 1e-05, "train_acc": 0.3943, "test_acc": 0.2762, "attack_acc": 0.5, "attack_pre": 0, "attack_rec": 0.0, "outDP_epsilon": 3, "outDP_train_acc": 0.4055, "outDP_test_acc": 0.2857, "attack_acc_mean": 0.50005, "attack_acc_std": 0.0006082762530298189, "attack_pre_mean": 0.5791793409378961, "attack_pre_std": 0.0712422088659406, "attack_rec_mean": 0.006633333333333334, "attack_rec_std": 0.007790521306191404}