{"n_classes": 100, "alpha": 0.001, "max_iter": 100, "lambda_": 0.05, "tolerance": 1e-05, "DP": false, "L": 10, "C": 1, "epsilon": 0, "delta": 1e-05, "train_acc": 0.3943, "test_acc": 0.2762, "attack_acc": 0.5, "attack_pre": 0, "attack_rec": 0.0, "outDP_epsilon": 10, "outDP_train_acc": 0.4005, "outDP_test_acc": 0.2777, "attack_acc_mean": 0.5000666666666667, "attack_acc_std": 0.0006361778227997378, "attack_pre_mean": 0.5821017153671199, "attack_pre_std": 0.07398401964778922, "attack_rec_mean": 0.006633333333333334, "attack_rec_std": 0.007790521306191404}