{"n_classes": 100, "alpha": 0.001, "max_iter": 100, "lambda_": 1e-08, "tolerance": 1e-05, "DP": false, "L": 10, "C": 1, "epsilon": 0, "delta": 1e-05, "train_acc": 0.8726, "test_acc": 0.5517, "attack_acc": 0.51095, "attack_pre": 0.7772151898734178, "attack_rec": 0.0307, "outDP_epsilon": 2, "outDP_train_acc": 0.0102, "outDP_test_acc": 0.0115, "attack_acc_mean": 0.4996333333333333, "attack_acc_std": 0.0006361778227997408, "attack_pre_mean": 0.5554212112138672, "attack_pre_std": 0.07076528632189956, "attack_rec_mean": 0.05299999999999999, "attack_rec_std": 0.10315047261161724}