{"n_classes": 100, "alpha": 0.001, "max_iter": 100, "lambda_": 1e-07, "tolerance": 1e-05, "DP": false, "L": 10, "C": 1, "epsilon": 0, "delta": 1e-05, "train_acc": 0.8737, "test_acc": 0.5488, "attack_acc": 0.51105, "attack_pre": 0.7728395061728395, "attack_rec": 0.0313, "outDP_epsilon": 9, "outDP_train_acc": 0.0099, "outDP_test_acc": 0.0102, "attack_acc_mean": 0.4996333333333333, "attack_acc_std": 0.0006361778227997408, "attack_pre_mean": 0.55544127361249, "attack_pre_std": 0.07074886378340138, "attack_rec_mean": 0.05534999999999999, "attack_rec_std": 0.10839110895271807}