{"n_classes": 100, "alpha": 0.001, "max_iter": 100, "lambda_": 0.0001, "tolerance": 1e-05, "DP": false, "L": 10, "C": 1, "epsilon": 0, "delta": 1e-05, "train_acc": 0.8748, "test_acc": 0.5545, "attack_acc": 0.5106, "attack_pre": 0.7804232804232805, "attack_rec": 0.0295, "outDP_epsilon": 300, "outDP_train_acc": 0.7879, "outDP_test_acc": 0.4842, "attack_acc_mean": 0.5270583333333333, "attack_acc_std": 0.060841079986214006, "attack_pre_mean": 0.5808490735844499, "attack_pre_std": 0.07274957621660057, "attack_rec_mean": 0.12361666666666664, "attack_rec_std": 0.2608778540279382}