{"n_classes": 100, "alpha": 0.001, "max_iter": 100, "lambda_": 0.0005, "tolerance": 1e-05, "DP": false, "L": 10, "C": 1, "epsilon": 0, "delta": 1e-05, "train_acc": 0.8688, "test_acc": 0.5478, "attack_acc": 0.50975, "attack_pre": 0.773109243697479, "attack_rec": 0.0276, "outDP_epsilon": 80000, "outDP_train_acc": 0.8688, "outDP_test_acc": 0.5478, "attack_acc_mean": 0.5317583333333333, "attack_acc_std": 0.07135039369586939, "attack_pre_mean": 0.5835033057771281, "attack_pre_std": 0.07546461731380999, "attack_rec_mean": 0.1337833333333333, "attack_rec_std": 0.28360198880747567}