{"n_classes": 100, "alpha": 0.001, "max_iter": 100, "lambda_": 0.05, "tolerance": 1e-05, "DP": false, "L": 10, "C": 1, "epsilon": 0, "delta": 1e-05, "train_acc": 0.3943, "test_acc": 0.2762, "attack_acc": 0.5, "attack_pre": 0, "attack_rec": 0.0, "outDP_epsilon": 0.7, "outDP_train_acc": 0.3086, "outDP_test_acc": 0.2237, "attack_acc_mean": 0.5002416666666667, "attack_acc_std": 0.0009679947773045447, "attack_pre_mean": 0.5832091916841647, "attack_pre_std": 0.07514550662484255, "attack_rec_mean": 0.007316666666666666, "attack_rec_std": 0.007779549401404228}