{"n_classes": 100, "alpha": 0.001, "max_iter": 100, "lambda_": 1e-06, "tolerance": 1e-05, "DP": false, "L": 10, "C": 1, "epsilon": 0, "delta": 1e-05, "train_acc": 0.8736, "test_acc": 0.5502, "attack_acc": 0.51135, "attack_pre": 0.774818401937046, "attack_rec": 0.032, "outDP_epsilon": 100, "outDP_train_acc": 0.0099, "outDP_test_acc": 0.01, "attack_acc_mean": 0.5000999999999999, "attack_acc_std": 0.0006946221994724777, "attack_pre_mean": 0.5560676606436722, "attack_pre_std": 0.07024860069179822, "attack_rec_mean": 0.09064999999999997, "attack_rec_std": 0.18720745845184694}