{"n_classes": 100, "alpha": 0.001, "max_iter": 100, "lambda_": 0.001, "tolerance": 1e-05, "DP": false, "L": 10, "C": 1, "epsilon": 0, "delta": 1e-05, "train_acc": 0.8658, "test_acc": 0.5489, "attack_acc": 0.50815, "attack_pre": 0.7654723127035831, "attack_rec": 0.0235, "outDP_epsilon": 0.5, "outDP_train_acc": 0.0177, "outDP_test_acc": 0.014, "attack_acc_mean": 0.5005333333333333, "attack_acc_std": 0.0015826314233649713, "attack_pre_mean": 0.5574703188143662, "attack_pre_std": 0.06921810793140831, "attack_rec_mean": 0.040266666666666666, "attack_rec_std": 0.07478887320688522}