{"n_classes": 100, "alpha": 0.001, "max_iter": 100, "lambda_": 1e-05, "tolerance": 1e-05, "DP": false, "L": 1, "C": 1, "epsilon": 0, "delta": 1e-05, "train_acc": 0.9999, "test_acc": 0.5402, "attack_acc": 0.85065, "attack_pre": 0.8093515659461844, "attack_rec": 0.9174, "outDP_epsilon": 5, "outDP_train_acc": 0.0107, "outDP_test_acc": 0.0108, "attack_acc_mean": 0.49955, "attack_acc_std": 0.000787400787401179, "attack_pre_mean": 0.555168500829495, "attack_pre_std": 0.07097425094778254, "attack_rec_mean": 0.04548333333333333, "attack_rec_std": 0.08639939075145277}