{"n_classes": 100, "alpha": 0.001, "max_iter": 100, "lambda_": 1e-05, "tolerance": 1e-05, "DP": false, "L": 1, "C": 1, "epsilon": 0, "delta": 1e-05, "train_acc": 0.9999, "test_acc": 0.5402, "attack_acc": 0.85065, "attack_pre": 0.8093515659461844, "attack_rec": 0.9174, "outDP_epsilon": 0.7, "outDP_train_acc": 0.0101, "outDP_test_acc": 0.0075, "attack_acc_mean": 0.5001083333333334, "attack_acc_std": 0.0007097045551182092, "attack_pre_mean": 0.5564831821903993, "attack_pre_std": 0.06993024929995889, "attack_rec_mean": 0.036583333333333336, "attack_rec_std": 0.06660246283400903}