{"n_classes": 100, "alpha": 0.001, "max_iter": 100, "lambda_": 0.001, "tolerance": 1e-05, "DP": false, "L": 10, "C": 1, "epsilon": 0, "delta": 1e-05, "train_acc": 0.8658, "test_acc": 0.5489, "attack_acc": 0.50815, "attack_pre": 0.7654723127035831, "attack_rec": 0.0235, "outDP_epsilon": 1, "outDP_train_acc": 0.0191, "outDP_test_acc": 0.0184, "attack_acc_mean": 0.4996083333333334, "attack_acc_std": 0.0006797160354801691, "attack_pre_mean": 0.5551375414338223, "attack_pre_std": 0.07100011802324868, "attack_rec_mean": 0.03693333333333333, "attack_rec_std": 0.06737983542739047}