{"n_classes": 100, "alpha": 0.001, "max_iter": 100, "lambda_": 1e-05, "tolerance": 1e-05, "DP": false, "L": 1, "C": 1, "epsilon": 0, "delta": 1e-05, "train_acc": 0.9999, "test_acc": 0.5402, "attack_acc": 0.85065, "attack_pre": 0.8093515659461844, "attack_rec": 0.9174, "outDP_epsilon": 6, "outDP_train_acc": 0.0138, "outDP_test_acc": 0.015, "attack_acc_mean": 0.49999166666666667, "attack_acc_std": 0.0005199492496602217, "attack_pre_mean": 0.5561318152152112, "attack_pre_std": 0.07019874019794403, "attack_rec_mean": 0.03996666666666667, "attack_rec_std": 0.07412169423020197}