{"n_classes": 100, "alpha": 0.001, "max_iter": 100, "lambda_": 1e-07, "tolerance": 1e-05, "DP": false, "L": 10, "C": 1, "epsilon": 0, "delta": 1e-05, "train_acc": 0.8737, "test_acc": 0.5488, "attack_acc": 0.51105, "attack_pre": 0.7728395061728395, "attack_rec": 0.0313, "outDP_epsilon": 8000, "outDP_train_acc": 0.0202, "outDP_test_acc": 0.0182, "attack_acc_mean": 0.5001916666666667, "attack_acc_std": 0.0008681477728794573, "attack_pre_mean": 0.556403519341652, "attack_pre_std": 0.06999043942346034, "attack_rec_mean": 0.05348333333333333, "attack_rec_std": 0.10422821781498946}