{"n_classes": 100, "alpha": 0.001, "max_iter": 100, "lambda_": 1e-07, "tolerance": 1e-05, "DP": false, "L": 10, "C": 1, "epsilon": 0, "delta": 1e-05, "train_acc": 0.8737, "test_acc": 0.5488, "attack_acc": 0.51105, "attack_pre": 0.7728395061728395, "attack_rec": 0.0313, "outDP_epsilon": 0.9, "outDP_train_acc": 0.0067, "outDP_test_acc": 0.0063, "attack_acc_mean": 0.5004083333333332, "attack_acc_std": 0.001314792970606224, "attack_pre_mean": 0.557242168163027, "attack_pre_std": 0.06937711048045336, "attack_rec_mean": 0.038200000000000005, "attack_rec_std": 0.07019415930118403}