{"n_classes": 100, "alpha": 0.001, "max_iter": 100, "lambda_": 0.05, "tolerance": 1e-05, "DP": false, "L": 10, "C": 1, "epsilon": 0, "delta": 1e-05, "train_acc": 0.3943, "test_acc": 0.2762, "attack_acc": 0.5, "attack_pre": 0, "attack_rec": 0.0, "outDP_epsilon": 0.3, "outDP_train_acc": 0.139, "outDP_test_acc": 0.1108, "attack_acc_mean": 0.500575, "attack_acc_std": 0.0016727596958320047, "attack_pre_mean": 0.5648434369104753, "attack_pre_std": 0.06602427419606971, "attack_rec_mean": 0.013016666666666668, "attack_rec_std": 0.015524863570701318}