{"n_classes": 100, "alpha": 0.001, "max_iter": 100, "lambda_": 1e-06, "tolerance": 1e-05, "DP": false, "L": 10, "C": 1, "epsilon": 0, "delta": 1e-05, "train_acc": 0.8736, "test_acc": 0.5502, "attack_acc": 0.51135, "attack_pre": 0.774818401937046, "attack_rec": 0.032, "outDP_epsilon": 90000, "outDP_train_acc": 0.8704, "outDP_test_acc": 0.5417, "attack_acc_mean": 0.5310833333333332, "attack_acc_std": 0.06984107355672274, "attack_pre_mean": 0.5823814496021252, "attack_pre_std": 0.07427131708997595, "attack_rec_mean": 0.13504999999999998, "attack_rec_std": 0.28643329502695736}