{"n_classes": 100, "alpha": 0.001, "max_iter": 100, "lambda_": 0.0005, "tolerance": 1e-05, "DP": false, "L": 10, "C": 1, "epsilon": 0, "delta": 1e-05, "train_acc": 0.8688, "test_acc": 0.5478, "attack_acc": 0.50975, "attack_pre": 0.773109243697479, "attack_rec": 0.0276, "outDP_epsilon": 0.5, "outDP_train_acc": 0.0119, "outDP_test_acc": 0.0107, "attack_acc_mean": 0.500375, "attack_acc_std": 0.0012442367138129316, "attack_pre_mean": 0.5568540721206917, "attack_pre_std": 0.06965533243405325, "attack_rec_mean": 0.04766666666666666, "attack_rec_std": 0.09126285601978983}