{"n_classes": 100, "alpha": 0.001, "max_iter": 100, "lambda_": 0.01, "tolerance": 1e-05, "DP": false, "L": 10, "C": 1, "epsilon": 0, "delta": 1e-05, "train_acc": 0.7754, "test_acc": 0.4985, "attack_acc": 0.50095, "attack_pre": 0.6862745098039216, "attack_rec": 0.0035, "outDP_epsilon": 0.4, "outDP_train_acc": 0.0793, "outDP_test_acc": 0.0675, "attack_acc_mean": 0.501375, "attack_acc_std": 0.003434839879819732, "attack_pre_mean": 0.5595116967541228, "attack_pre_std": 0.06794950551610925, "attack_rec_mean": 0.041433333333333336, "attack_rec_std": 0.07738405664103054}