{"n_classes": 100, "alpha": 0.001, "max_iter": 100, "lambda_": 1e-08, "tolerance": 1e-05, "DP": false, "L": 10, "C": 1, "epsilon": 0, "delta": 1e-05, "train_acc": 0.8726, "test_acc": 0.5517, "attack_acc": 0.51095, "attack_pre": 0.7772151898734178, "attack_rec": 0.0307, "outDP_epsilon": 20000, "outDP_train_acc": 0.0105, "outDP_test_acc": 0.0105, "attack_acc_mean": 0.49923333333333336, "attack_acc_std": 0.001439232048312189, "attack_pre_mean": 0.5550401973990288, "attack_pre_std": 0.07108182847670155, "attack_rec_mean": 0.07154999999999999, "attack_rec_std": 0.14454595290079897}