{"n_classes": 100, "alpha": 0.001, "max_iter": 100, "lambda_": 1e-06, "tolerance": 1e-05, "DP": false, "L": 10, "C": 1, "epsilon": 0, "delta": 1e-05, "train_acc": 0.8736, "test_acc": 0.5502, "attack_acc": 0.51135, "attack_pre": 0.774818401937046, "attack_rec": 0.032, "outDP_epsilon": 10000, "outDP_train_acc": 0.4715, "outDP_test_acc": 0.3005, "attack_acc_mean": 0.5135583333333332, "attack_acc_std": 0.03065553806229615, "attack_pre_mean": 0.5725167353498518, "attack_pre_std": 0.06698474277278434, "attack_rec_mean": 0.08791666666666666, "attack_rec_std": 0.181100951743005}