{"n_classes": 100, "alpha": 0.001, "max_iter": 100, "lambda_": 1e-08, "tolerance": 1e-05, "DP": false, "L": 10, "C": 1, "epsilon": 0, "delta": 1e-05, "train_acc": 0.8726, "test_acc": 0.5517, "attack_acc": 0.51095, "attack_pre": 0.7772151898734178, "attack_rec": 0.0307, "outDP_epsilon": 0.6, "outDP_train_acc": 0.0101, "outDP_test_acc": 0.0095, "attack_acc_mean": 0.499425, "attack_acc_std": 0.0010359174677550223, "attack_pre_mean": 0.5554177624580078, "attack_pre_std": 0.0707681118610094, "attack_rec_mean": 0.09294999999999998, "attack_rec_std": 0.19234612681309704}