{"n_classes": 100, "alpha": 0.001, "max_iter": 100, "lambda_": 1e-08, "tolerance": 1e-05, "DP": false, "L": 10, "C": 1, "epsilon": 0, "delta": 1e-05, "train_acc": 0.8726, "test_acc": 0.5517, "attack_acc": 0.51095, "attack_pre": 0.7772151898734178, "attack_rec": 0.0307, "outDP_epsilon": 40, "outDP_train_acc": 0.0093, "outDP_test_acc": 0.0059, "attack_acc_mean": 0.500425, "attack_acc_std": 0.0013502314616390674, "attack_pre_mean": 0.5568409424815526, "attack_pre_std": 0.06966491454854987, "attack_rec_mean": 0.05245, "attack_rec_std": 0.10192415072003298}