{"n_classes": 100, "alpha": 0.001, "max_iter": 100, "lambda_": 1e-05, "tolerance": 1e-05, "DP": false, "L": 1, "C": 1, "epsilon": 0, "delta": 1e-05, "train_acc": 0.9999, "test_acc": 0.5402, "attack_acc": 0.85065, "attack_pre": 0.8093515659461844, "attack_rec": 0.9174, "outDP_epsilon": 30000, "outDP_train_acc": 0.9998, "outDP_test_acc": 0.5375, "attack_acc_mean": 0.5270833333333332, "attack_acc_std": 0.06089698040315482, "attack_pre_mean": 0.5722375572963112, "attack_pre_std": 0.06687291239684223, "attack_rec_mean": 0.17136666666666667, "attack_rec_std": 0.3676166829124537}