{"n_classes": 100, "alpha": 0.001, "max_iter": 100, "lambda_": 0.0005, "tolerance": 1e-05, "DP": false, "L": 10, "C": 1, "epsilon": 0, "delta": 1e-05, "train_acc": 0.8688, "test_acc": 0.5478, "attack_acc": 0.50975, "attack_pre": 0.773109243697479, "attack_rec": 0.0276, "outDP_epsilon": 30, "outDP_train_acc": 0.5825, "outDP_test_acc": 0.3538, "attack_acc_mean": 0.5188333333333333, "attack_acc_std": 0.04245002617457642, "attack_pre_mean": 0.577735319847183, "attack_pre_std": 0.07007300250293919, "attack_rec_mean": 0.09696666666666663, "attack_rec_std": 0.2013207032462274}