{"n_classes": 100, "alpha": 0.001, "max_iter": 100, "lambda_": 0.005, "tolerance": 1e-05, "DP": false, "L": 10, "C": 1, "epsilon": 0, "delta": 1e-05, "train_acc": 0.8271, "test_acc": 0.5255, "attack_acc": 0.503, "attack_pre": 0.7459016393442623, "attack_rec": 0.0091, "outDP_epsilon": 7, "outDP_train_acc": 0.7244, "outDP_test_acc": 0.4443, "attack_acc_mean": 0.5234083333333333, "attack_acc_std": 0.05267964832098086, "attack_pre_mean": 0.5858783370243347, "attack_pre_std": 0.07819660977940295, "attack_rec_mean": 0.09466666666666664, "attack_rec_std": 0.19618165618177005}