{"n_classes": 100, "alpha": 0.001, "max_iter": 100, "lambda_": 0.0005, "tolerance": 1e-05, "DP": false, "L": 10, "C": 1, "epsilon": 0, "delta": 1e-05, "train_acc": 0.8688, "test_acc": 0.5478, "attack_acc": 0.50975, "attack_pre": 0.773109243697479, "attack_rec": 0.0276, "outDP_epsilon": 70000, "outDP_train_acc": 0.8689, "outDP_test_acc": 0.5479, "attack_acc_mean": 0.5317249999999999, "attack_acc_std": 0.07127585934241693, "attack_pre_mean": 0.5834791847692339, "attack_pre_std": 0.07543828126581327, "attack_rec_mean": 0.1337333333333333, "attack_rec_std": 0.28349022714881883}