{"n_classes": 100, "alpha": 0.001, "max_iter": 100, "lambda_": 1e-05, "tolerance": 1e-05, "DP": false, "L": 1, "C": 1, "epsilon": 0, "delta": 1e-05, "train_acc": 0.9999, "test_acc": 0.5402, "attack_acc": 0.85065, "attack_pre": 0.8093515659461844, "attack_rec": 0.9174, "outDP_epsilon": 500, "outDP_train_acc": 0.5949, "outDP_test_acc": 0.3097, "attack_acc_mean": 0.5187166666666667, "attack_acc_std": 0.042189163958954626, "attack_pre_mean": 0.5723752353145958, "attack_pre_std": 0.06692735774023098, "attack_rec_mean": 0.11966666666666664, "attack_rec_std": 0.2520494175531634}