{"n_classes": 100, "alpha": 0.001, "max_iter": 100, "lambda_": 0.05, "tolerance": 1e-05, "DP": false, "L": 10, "C": 1, "epsilon": 0, "delta": 1e-05, "train_acc": 0.3943, "test_acc": 0.2762, "attack_acc": 0.5, "attack_pre": 0, "attack_rec": 0.0, "outDP_epsilon": 0.2, "outDP_train_acc": 0.0986, "outDP_test_acc": 0.0743, "attack_acc_mean": 0.501375, "attack_acc_std": 0.003434839879819732, "attack_pre_mean": 0.5691674996116675, "attack_pre_std": 0.06602108437486721, "attack_rec_mean": 0.016716666666666668, "attack_rec_std": 0.023067033956613393}