{"n_classes": 100, "alpha": 0.001, "max_iter": 100, "lambda_": 0.05, "tolerance": 1e-05, "DP": false, "L": 10, "C": 1, "epsilon": 0, "delta": 1e-05, "train_acc": 0.3943, "test_acc": 0.2762, "attack_acc": 0.5, "attack_pre": 0, "attack_rec": 0.0, "outDP_epsilon": 7, "outDP_train_acc": 0.3944, "outDP_test_acc": 0.2776, "attack_acc_mean": 0.5000749999999999, "attack_acc_std": 0.0006504805915628767, "attack_pre_mean": 0.5844174361759913, "attack_pre_std": 0.07648404632298897, "attack_rec_mean": 0.0066166666666666665, "attack_rec_std": 0.007794531558870117}