{"n_classes": 100, "alpha": 0.001, "max_iter": 100, "lambda_": 0.005, "tolerance": 1e-05, "DP": false, "L": 10, "C": 1, "epsilon": 0, "delta": 1e-05, "train_acc": 0.8271, "test_acc": 0.5255, "attack_acc": 0.503, "attack_pre": 0.7459016393442623, "attack_rec": 0.0091, "outDP_epsilon": 9, "outDP_train_acc": 0.7844, "outDP_test_acc": 0.4911, "attack_acc_mean": 0.52625, "attack_acc_std": 0.059033634480692446, "attack_pre_mean": 0.588275615375373, "attack_pre_std": 0.08121358371542299, "attack_rec_mean": 0.0999833333333333, "attack_rec_std": 0.20806134044768837}