{"n_classes": 100, "alpha": 0.001, "max_iter": 100, "lambda_": 1e-06, "tolerance": 1e-05, "DP": false, "L": 10, "C": 1, "epsilon": 0, "delta": 1e-05, "train_acc": 0.8736, "test_acc": 0.5502, "attack_acc": 0.51135, "attack_pre": 0.774818401937046, "attack_rec": 0.032, "outDP_epsilon": 9000, "outDP_train_acc": 0.3549, "outDP_test_acc": 0.2265, "attack_acc_mean": 0.5111249999999999, "attack_acc_std": 0.025215037675958375, "attack_pre_mean": 0.5709710412157486, "attack_pre_std": 0.0664369238299061, "attack_rec_mean": 0.07906666666666666, "attack_rec_std": 0.16133208677204366}