{"n_classes": 100, "alpha": 0.001, "max_iter": 100, "lambda_": 0.0005, "tolerance": 1e-05, "DP": false, "L": 10, "C": 1, "epsilon": 0, "delta": 1e-05, "train_acc": 0.8688, "test_acc": 0.5478, "attack_acc": 0.50975, "attack_pre": 0.773109243697479, "attack_rec": 0.0276, "outDP_epsilon": 20000, "outDP_train_acc": 0.8686, "outDP_test_acc": 0.5475, "attack_acc_mean": 0.5317166666666666, "attack_acc_std": 0.07125722575446104, "attack_pre_mean": 0.5834599757484068, "attack_pre_std": 0.07541732928685549, "attack_rec_mean": 0.13376666666666662, "attack_rec_std": 0.2835647349176002}