{"n_classes": 100, "alpha": 0.001, "max_iter": 100, "lambda_": 1e-07, "tolerance": 1e-05, "DP": false, "L": 10, "C": 1, "epsilon": 0, "delta": 1e-05, "train_acc": 0.8737, "test_acc": 0.5488, "attack_acc": 0.51105, "attack_pre": 0.7728395061728395, "attack_rec": 0.0313, "outDP_epsilon": 2, "outDP_train_acc": 0.0052, "outDP_test_acc": 0.0053, "attack_acc_mean": 0.5005416666666666, "attack_acc_std": 0.0016006292165548198, "attack_pre_mean": 0.5567745127113408, "attack_pre_std": 0.06971356486065605, "attack_rec_mean": 0.06633333333333333, "attack_rec_std": 0.1328993687803754}