{"n_classes": 100, "alpha": 0.001, "max_iter": 100, "lambda_": 1e-06, "tolerance": 1e-05, "DP": false, "L": 10, "C": 1, "epsilon": 0, "delta": 1e-05, "train_acc": 0.8736, "test_acc": 0.5502, "attack_acc": 0.51135, "attack_pre": 0.774818401937046, "attack_rec": 0.032, "outDP_epsilon": 700, "outDP_train_acc": 0.0162, "outDP_test_acc": 0.0178, "attack_acc_mean": 0.4997583333333333, "attack_acc_std": 0.00046044965945136784, "attack_pre_mean": 0.5556499950597599, "attack_pre_std": 0.0705794748078097, "attack_rec_mean": 0.05531666666666666, "attack_rec_std": 0.1083167641175127}