{"n_classes": 100, "alpha": 0.001, "max_iter": 100, "lambda_": 1e-07, "tolerance": 1e-05, "DP": false, "L": 10, "C": 1, "epsilon": 0, "delta": 1e-05, "train_acc": 0.8737, "test_acc": 0.5488, "attack_acc": 0.51105, "attack_pre": 0.7728395061728395, "attack_rec": 0.0313, "outDP_epsilon": 100, "outDP_train_acc": 0.0097, "outDP_test_acc": 0.0103, "attack_acc_mean": 0.50025, "attack_acc_std": 0.0009848857801796015, "attack_pre_mean": 0.5565782864563494, "attack_pre_std": 0.06985891914677127, "attack_rec_mean": 0.04888333333333333, "attack_rec_std": 0.09397386900386485}