{"n_classes": 100, "alpha": 0.001, "max_iter": 100, "lambda_": 1e-07, "tolerance": 1e-05, "DP": false, "L": 10, "C": 1, "epsilon": 0, "delta": 1e-05, "train_acc": 0.8737, "test_acc": 0.5488, "attack_acc": 0.51105, "attack_pre": 0.7728395061728395, "attack_rec": 0.0313, "outDP_epsilon": 8, "outDP_train_acc": 0.0099, "outDP_test_acc": 0.0094, "attack_acc_mean": 0.49940833333333323, "attack_acc_std": 0.001070208961942588, "attack_pre_mean": 0.5548955663282559, "attack_pre_std": 0.07120428721649791, "attack_rec_mean": 0.046283333333333336, "attack_rec_std": 0.08818118500501616}