{"n_classes": 100, "alpha": 0.001, "max_iter": 100, "lambda_": 0.0005, "tolerance": 1e-05, "DP": false, "L": 10, "C": 1, "epsilon": 0, "delta": 1e-05, "train_acc": 0.8688, "test_acc": 0.5478, "attack_acc": 0.50975, "attack_pre": 0.773109243697479, "attack_rec": 0.0276, "outDP_epsilon": 9, "outDP_train_acc": 0.1721, "outDP_test_acc": 0.1352, "attack_acc_mean": 0.503, "attack_acc_std": 0.007055671477612904, "attack_pre_mean": 0.5615642143749195, "attack_pre_std": 0.06696408387487651, "attack_rec_mean": 0.05449999999999999, "attack_rec_std": 0.10649539896164528}