{"n_classes": 100, "alpha": 0.001, "max_iter": 100, "lambda_": 0.01, "tolerance": 1e-05, "DP": false, "L": 10, "C": 1, "epsilon": 0, "delta": 1e-05, "train_acc": 0.7754, "test_acc": 0.4985, "attack_acc": 0.50095, "attack_pre": 0.6862745098039216, "attack_rec": 0.0035, "outDP_epsilon": 60, "outDP_train_acc": 0.7756, "outDP_test_acc": 0.498, "attack_acc_mean": 0.518075, "attack_acc_std": 0.04075442460641543, "attack_pre_mean": 0.5947016865114799, "attack_pre_std": 0.0903787970741882, "attack_rec_mean": 0.06306666666666666, "attack_rec_std": 0.12560802345214875}