{"n_classes": 100, "alpha": 0.001, "max_iter": 100, "lambda_": 1e-05, "tolerance": 1e-05, "DP": false, "L": 1, "C": 1, "epsilon": 0, "delta": 1e-05, "train_acc": 0.9999, "test_acc": 0.5402, "attack_acc": 0.85065, "attack_pre": 0.8093515659461844, "attack_rec": 0.9174, "outDP_epsilon": 2, "outDP_train_acc": 0.0103, "outDP_test_acc": 0.0114, "attack_acc_mean": 0.49990833333333323, "attack_acc_std": 0.00043245102484429745, "attack_pre_mean": 0.5558947120658914, "attack_pre_std": 0.07038429572432786, "attack_rec_mean": 0.0629, "attack_rec_std": 0.1252360571081667}