{"n_classes": 100, "alpha": 0.001, "max_iter": 100, "lambda_": 0.005, "tolerance": 1e-05, "DP": false, "L": 10, "C": 1, "epsilon": 0, "delta": 1e-05, "train_acc": 0.8271, "test_acc": 0.5255, "attack_acc": 0.503, "attack_pre": 0.7459016393442623, "attack_rec": 0.0091, "outDP_epsilon": 90, "outDP_train_acc": 0.828, "outDP_test_acc": 0.5248, "attack_acc_mean": 0.528175, "attack_acc_std": 0.0633379674839665, "attack_pre_mean": 0.5907239962661354, "attack_pre_std": 0.08453493212130829, "attack_rec_mean": 0.10174999999999997, "attack_rec_std": 0.2120090387224092}