{"n_classes": 100, "alpha": 0.001, "max_iter": 100, "lambda_": 0.0001, "tolerance": 1e-05, "DP": false, "L": 10, "C": 1, "epsilon": 0, "delta": 1e-05, "train_acc": 0.8748, "test_acc": 0.5545, "attack_acc": 0.5106, "attack_pre": 0.7804232804232805, "attack_rec": 0.0295, "outDP_epsilon": 9, "outDP_train_acc": 0.026, "outDP_test_acc": 0.0258, "attack_acc_mean": 0.5002, "attack_acc_std": 0.0008845903006477085, "attack_pre_mean": 0.556471609144505, "attack_pre_std": 0.06993896848783339, "attack_rec_mean": 0.049449999999999994, "attack_rec_std": 0.09523671823409288}