{"n_classes": 100, "alpha": 0.001, "max_iter": 100, "lambda_": 0.001, "tolerance": 1e-05, "DP": false, "L": 10, "C": 1, "epsilon": 0, "delta": 1e-05, "train_acc": 0.8658, "test_acc": 0.5489, "attack_acc": 0.50815, "attack_pre": 0.7654723127035831, "attack_rec": 0.0235, "outDP_epsilon": 20, "outDP_train_acc": 0.7135, "outDP_test_acc": 0.4342, "attack_acc_mean": 0.5233333333333333, "attack_acc_std": 0.05251194837579562, "attack_pre_mean": 0.5792365084853418, "attack_pre_std": 0.07129111165191589, "attack_rec_mean": 0.11286666666666663, "attack_rec_std": 0.2368518008281878}