{"n_classes": 100, "alpha": 0.001, "max_iter": 100, "lambda_": 0.005, "tolerance": 1e-05, "DP": false, "L": 10, "C": 1, "epsilon": 0, "delta": 1e-05, "train_acc": 0.8271, "test_acc": 0.5255, "attack_acc": 0.503, "attack_pre": 0.7459016393442623, "attack_rec": 0.0091, "outDP_epsilon": 0.7, "outDP_train_acc": 0.1023, "outDP_test_acc": 0.0732, "attack_acc_mean": 0.50215, "attack_acc_std": 0.005159457335805792, "attack_pre_mean": 0.5593868636356911, "attack_pre_std": 0.06801896856690873, "attack_rec_mean": 0.06164999999999999, "attack_rec_std": 0.122446447478071}