{"n_classes": 100, "alpha": 0.001, "max_iter": 100, "lambda_": 0.005, "tolerance": 1e-05, "DP": false, "L": 10, "C": 1, "epsilon": 0, "delta": 1e-05, "train_acc": 0.8271, "test_acc": 0.5255, "attack_acc": 0.503, "attack_pre": 0.7459016393442623, "attack_rec": 0.0091, "outDP_epsilon": 300, "outDP_train_acc": 0.8261, "outDP_test_acc": 0.5247, "attack_acc_mean": 0.528225, "attack_acc_std": 0.06344976851809628, "attack_pre_mean": 0.5907770080974163, "attack_pre_std": 0.08460932136746675, "attack_rec_mean": 0.10181666666666662, "attack_rec_std": 0.21215801042828641}