{"n_classes": 100, "alpha": 0.001, "max_iter": 100, "lambda_": 0.01, "tolerance": 1e-05, "DP": false, "L": 10, "C": 1, "epsilon": 0, "delta": 1e-05, "train_acc": 0.7754, "test_acc": 0.4985, "attack_acc": 0.50095, "attack_pre": 0.6862745098039216, "attack_rec": 0.0035, "outDP_epsilon": 300, "outDP_train_acc": 0.7754, "outDP_test_acc": 0.4981, "attack_acc_mean": 0.51805, "attack_acc_std": 0.04069852577182617, "attack_pre_mean": 0.5946565991057372, "attack_pre_std": 0.09030976697208994, "attack_rec_mean": 0.06303333333333333, "attack_rec_std": 0.12553362984564026}