{"n_classes": 100, "alpha": 0.001, "max_iter": 100, "lambda_": 1e-06, "tolerance": 1e-05, "DP": false, "L": 10, "C": 1, "epsilon": 0, "delta": 1e-05, "train_acc": 0.8736, "test_acc": 0.5502, "attack_acc": 0.51135, "attack_pre": 0.774818401937046, "attack_rec": 0.032, "outDP_epsilon": 3000, "outDP_train_acc": 0.0969, "outDP_test_acc": 0.0696, "attack_acc_mean": 0.5015166666666667, "attack_acc_std": 0.0037495184876046375, "attack_pre_mean": 0.5599409606269291, "attack_pre_std": 0.06771888045031815, "attack_rec_mean": 0.040883333333333334, "attack_rec_std": 0.07616049756198347}