{"n_classes": 100, "alpha": 0.001, "max_iter": 100, "lambda_": 1e-08, "tolerance": 1e-05, "DP": false, "L": 10, "C": 1, "epsilon": 0, "delta": 1e-05, "train_acc": 0.8726, "test_acc": 0.5517, "attack_acc": 0.51095, "attack_pre": 0.7772151898734178, "attack_rec": 0.0307, "outDP_epsilon": 60, "outDP_train_acc": 0.0094, "outDP_test_acc": 0.0102, "attack_acc_mean": 0.5001666666666668, "attack_acc_std": 0.0008193832368854656, "attack_pre_mean": 0.556203310883586, "attack_pre_std": 0.07014347815950826, "attack_rec_mean": 0.07415, "attack_rec_std": 0.15035169603300122}