{"n_classes": 100, "alpha": 0.001, "max_iter": 100, "lambda_": 0.01, "tolerance": 1e-05, "DP": false, "L": 10, "C": 1, "epsilon": 0, "delta": 1e-05, "train_acc": 0.7754, "test_acc": 0.4985, "attack_acc": 0.50095, "attack_pre": 0.6862745098039216, "attack_rec": 0.0035, "outDP_epsilon": 70, "outDP_train_acc": 0.7745, "outDP_test_acc": 0.4968, "attack_acc_mean": 0.518275, "attack_acc_std": 0.041201615562984926, "attack_pre_mean": 0.5951454522863227, "attack_pre_std": 0.09106137881555808, "attack_rec_mean": 0.06324999999999999, "attack_rec_std": 0.12601719128753822}