{"n_classes": 100, "alpha": 0.001, "max_iter": 100, "lambda_": 1e-05, "tolerance": 1e-05, "DP": false, "L": 1, "C": 1, "epsilon": 0, "delta": 1e-05, "train_acc": 0.9999, "test_acc": 0.5402, "attack_acc": 0.85065, "attack_pre": 0.8093515659461844, "attack_rec": 0.9174, "outDP_epsilon": 30, "outDP_train_acc": 0.0176, "outDP_test_acc": 0.014, "attack_acc_mean": 0.5013333333333333, "attack_acc_std": 0.0033423627703899803, "attack_pre_mean": 0.5597526064080273, "attack_pre_std": 0.06781849896234786, "attack_rec_mean": 0.0384, "attack_rec_std": 0.07063865797139694}