{"n_classes": 100, "alpha": 0.001, "max_iter": 100, "lambda_": 0.1, "tolerance": 1e-05, "DP": false, "L": 10, "C": 1, "epsilon": 0, "delta": 1e-05, "train_acc": 0.2185, "test_acc": 0.1688, "attack_acc": 0.5, "attack_pre": 0, "attack_rec": 0.0, "outDP_epsilon": 0.1, "outDP_train_acc": 0.0591, "outDP_test_acc": 0.0506, "attack_acc_mean": 0.5002583333333334, "attack_acc_std": 0.0010018385875756304, "attack_pre_mean": 0.5653344564494472, "attack_pre_std": 0.0659526076674641, "attack_rec_mean": 0.009583333333333333, "attack_rec_std": 0.00966374955985282}