{"n_classes": 100, "alpha": 0.001, "max_iter": 100, "lambda_": 0.0001, "tolerance": 1e-05, "DP": false, "L": 10, "C": 1, "epsilon": 0, "delta": 1e-05, "train_acc": 0.8748, "test_acc": 0.5545, "attack_acc": 0.5106, "attack_pre": 0.7804232804232805, "attack_rec": 0.0295, "outDP_epsilon": 40, "outDP_train_acc": 0.1613, "outDP_test_acc": 0.1233, "attack_acc_mean": 0.503575, "attack_acc_std": 0.008339551846472329, "attack_pre_mean": 0.5615984951667518, "attack_pre_std": 0.06695017371823404, "attack_rec_mean": 0.06313333333333333, "attack_rec_std": 0.12575681116963627}