{"n_classes": 100, "alpha": 0.001, "max_iter": 100, "lambda_": 1e-06, "tolerance": 1e-05, "DP": false, "L": 10, "C": 1, "epsilon": 0, "delta": 1e-05, "train_acc": 0.8736, "test_acc": 0.5502, "attack_acc": 0.51135, "attack_pre": 0.774818401937046, "attack_rec": 0.032, "outDP_epsilon": 30, "outDP_train_acc": 0.0063, "outDP_test_acc": 0.0064, "attack_acc_mean": 0.5003333333333333, "attack_acc_std": 0.0011567435132973864, "attack_pre_mean": 0.5572877607764197, "attack_pre_std": 0.06934506519764969, "attack_rec_mean": 0.03278333333333334, "attack_rec_std": 0.05817148260865361}