{"n_classes": 100, "alpha": 0.001, "max_iter": 100, "lambda_": 1e-05, "tolerance": 1e-05, "DP": false, "L": 1, "C": 1, "epsilon": 0, "delta": 1e-05, "train_acc": 0.9999, "test_acc": 0.5402, "attack_acc": 0.85065, "attack_pre": 0.8093515659461844, "attack_rec": 0.9174, "outDP_epsilon": 0.5, "outDP_train_acc": 0.0093, "outDP_test_acc": 0.0088, "attack_acc_mean": 0.5003166666666666, "attack_acc_std": 0.0011220021786471368, "attack_pre_mean": 0.5567701897905152, "attack_pre_std": 0.06971674057367498, "attack_rec_mean": 0.0461, "attack_rec_std": 0.08777283178751841}