{"n_classes": 100, "alpha": 0.001, "max_iter": 100, "lambda_": 1e-06, "tolerance": 1e-05, "DP": false, "L": 10, "C": 1, "epsilon": 0, "delta": 1e-05, "train_acc": 0.8736, "test_acc": 0.5502, "attack_acc": 0.51135, "attack_pre": 0.774818401937046, "attack_rec": 0.032, "outDP_epsilon": 0.2, "outDP_train_acc": 0.0122, "outDP_test_acc": 0.0109, "attack_acc_mean": 0.49946666666666656, "attack_acc_std": 0.0009511688715586835, "attack_pre_mean": 0.5551971384907325, "attack_pre_std": 0.07095037546051049, "attack_rec_mean": 0.05786666666666666, "attack_rec_std": 0.11400486344401668}