{"n_classes": 100, "alpha": 0.001, "max_iter": 100, "lambda_": 0.0001, "tolerance": 1e-05, "DP": false, "L": 10, "C": 1, "epsilon": 0, "delta": 1e-05, "train_acc": 0.8748, "test_acc": 0.5545, "attack_acc": 0.5106, "attack_pre": 0.7804232804232805, "attack_rec": 0.0295, "outDP_epsilon": 50, "outDP_train_acc": 0.1925, "outDP_test_acc": 0.1371, "attack_acc_mean": 0.50475, "attack_acc_std": 0.010964488132147348, "attack_pre_mean": 0.5656568347327575, "attack_pre_std": 0.06591545884921475, "attack_rec_mean": 0.052116666666666665, "attack_rec_std": 0.10118096686410719}