file_name,train_acc,test_acc,it,client,attack_acc_mean,attack_acc_std,attack_pre_mean,attack_pre_std,attack_rec_mean,attack_rec_std
i0_c0.npy,0.0434,0.0373,0,c0,0.5012,0.0008465616732800226,0.5483367638670936,0.02928822394629442,0.016366666666666665,0.0067964860201594045
i0_c1.npy,0.033,0.0265,0,c1,0.5016333333333333,0.0005280993172585132,0.5769355618909429,0.02962883826885178,0.0146,0.007452069063913279
i0_g.npy,0.0438,0.0359,0,g,0.500525,0.000765261393250692,0.6170477745980701,0.07932955460221114,0.006899999999999999,0.0067574650079251855
i1_c0.npy,0.0568,0.0416,1,c0,0.50045,0.0007544313531837587,0.5103289040297186,0.01318491168399499,0.032,0.012977929983886746
i1_c1.npy,0.0566,0.0383,1,c1,0.503,0.00063770421565696,0.5530936948930242,0.015912612514828055,0.03393333333333333,0.011888743508976134
i1_g.npy,0.0634,0.0501,1,g,0.50105,0.0004301162633521421,0.5393791027538938,0.01849894311448001,0.018916666666666665,0.010046129713587327
