{"n_classes": 100, "alpha": 0.01, "max_iter": 150, "lambda_": 0.0001, "tolerance": 1e-05, "DP": false, "L": 1, "C": 1, "epsilon": 100000, "delta": 1e-05, "train_acc": 0.9207, "test_acc": 0.5358, "accuracy": 0.1972, "out_dp_train_acc": 0.3097, "out_dp_test_acc": 0.1972, "mi_attack": {"attack_acc_mean": 0.6695333333333333, "attack_acc_std": 0.005277046732995855, "attack_pre_mean": 0.6092546050599381, "attack_pre_std": 0.0042322211294657545, "attack_rec_mean": 0.9456500000000001, "attack_rec_std": 0.007451789494253502}, "out_dp_mi_attack": {"attack_acc_mean": 0.5519666666666666, "attack_acc_std": 0.0036487060111161894, "attack_pre_mean": 0.569473397876905, "attack_pre_std": 0.01031391426406744, "attack_rec_mean": 0.43095, "attack_rec_std": 0.031684946478309425}}