{"n_classes": 100, "alpha": 0.01, "max_iter": 150, "lambda_": 0.0001, "tolerance": 1e-05, "DP": false, "L": 1, "C": 1, "epsilon": 100000, "delta": 1e-05, "train_acc": 0.9195, "test_acc": 0.5356, "accuracy": 0.1844, "out_dp_train_acc": 0.306, "out_dp_test_acc": 0.1844, "mi_attack": {"attack_acc_mean": 0.6697000000000001, "attack_acc_std": 0.005468698809284215, "attack_pre_mean": 0.6093671519888338, "attack_pre_std": 0.004357922051759757, "attack_rec_mean": 0.9457833333333334, "attack_rec_std": 0.007213047591382944}, "out_dp_mi_attack": {"attack_acc_mean": 0.5554, "attack_acc_std": 0.0031382054319839168, "attack_pre_mean": 0.5711774489736574, "attack_pre_std": 0.008685645572778379, "attack_rec_mean": 0.44788333333333336, "attack_rec_std": 0.024649030857667044}}