{"n_classes": 100, "alpha": 0.01, "max_iter": 150, "lambda_": 0.0001, "tolerance": 1e-05, "DP": false, "L": 1, "C": 1, "epsilon": 100000, "delta": 1e-05, "train_acc": 0.9223, "test_acc": 0.5378, "accuracy": 0.1696, "out_dp_train_acc": 0.293, "out_dp_test_acc": 0.1696, "mi_attack": {"attack_acc_mean": 0.6690666666666667, "attack_acc_std": 0.0052476714412733015, "attack_pre_mean": 0.6087078266859556, "attack_pre_std": 0.0043034283015044505, "attack_rec_mean": 0.9469666666666666, "attack_rec_std": 0.0067257382907421805}, "out_dp_mi_attack": {"attack_acc_mean": 0.5583583333333333, "attack_acc_std": 0.00376036530435838, "attack_pre_mean": 0.5842554490001083, "attack_pre_std": 0.015595842664778727, "attack_rec_mean": 0.41473333333333334, "attack_rec_std": 0.051927663361855815}}