{"n_classes": 100, "alpha": 0.01, "max_iter": 150, "lambda_": 0.0001, "tolerance": 1e-05, "DP": false, "L": 1, "C": 1, "epsilon": 100000, "delta": 1e-05, "train_acc": 0.922, "test_acc": 0.5382, "accuracy": 0.1629, "out_dp_train_acc": 0.2761, "out_dp_test_acc": 0.1629, "mi_attack": {"attack_acc_mean": 0.6696916666666667, "attack_acc_std": 0.005856578684598123, "attack_pre_mean": 0.6092274000606308, "attack_pre_std": 0.004716970911554541, "attack_rec_mean": 0.9467833333333333, "attack_rec_std": 0.007098219651590236}, "out_dp_mi_attack": {"attack_acc_mean": 0.55375, "attack_acc_std": 0.0035219549495509777, "attack_pre_mean": 0.5685887707805459, "attack_pre_std": 0.010308734902895664, "attack_rec_mean": 0.45239999999999997, "attack_rec_std": 0.04856847399977341}}