{"n_classes": 100, "alpha": 0.01, "max_iter": 150, "lambda_": 0.0001, "tolerance": 1e-05, "DP": false, "L": 1, "C": 1, "epsilon": 100000, "delta": 1e-05, "train_acc": 0.9207, "test_acc": 0.5355, "accuracy": 0.1953, "out_dp_train_acc": 0.3242, "out_dp_test_acc": 0.1953, "mi_attack": {"attack_acc_mean": 0.6699916666666667, "attack_acc_std": 0.005471548886944368, "attack_pre_mean": 0.6096076526767246, "attack_pre_std": 0.004462114168931082, "attack_rec_mean": 0.9457333333333334, "attack_rec_std": 0.0067531885473126755}, "out_dp_mi_attack": {"attack_acc_mean": 0.5581333333333334, "attack_acc_std": 0.003999652762706075, "attack_pre_mean": 0.5712008666833063, "attack_pre_std": 0.009311532085265367, "attack_rec_mean": 0.4706666666666666, "attack_rec_std": 0.03281715337373971}}