{"n_classes": 100, "alpha": 0.01, "max_iter": 10, "lambda_": 0.0001, "tolerance": 1e-05, "sgdDP": true, "L": 20, "C": 5, "epsilon": 10000, "delta": 1e-05, "sigma": 0, "outDP_local": false, "outDP_local_epsilon": 1, "train_acc": 0.2441, "test_acc": 0.2344, "attack_acc_mean": 0.5010545454545455, "attack_acc_std": 0.00024537035593207805, "attack_pre_mean": 0.5057326965721082, "attack_pre_std": 0.0014342697158789383, "attack_rec_mean": 0.09364545454545455, "attack_rec_std": 0.005537042800557589}