{"n_classes": 100, "alpha": 0.01, "max_iter": 10, "lambda_": 0.0001, "tolerance": 1e-05, "sgdDP": true, "L": 1, "C": 1.5, "epsilon": 10000, "delta": 1e-05, "sigma": 0, "outDP_local": false, "outDP_local_epsilon": 1, "train_acc": 0.2883, "test_acc": 0.2619, "attack_acc_mean": 0.5060863636363636, "attack_acc_std": 0.000607562532917335, "attack_pre_mean": 0.5059004767627093, "attack_pre_std": 0.0005817779730888156, "attack_rec_mean": 0.5217818181818182, "attack_rec_std": 0.002771221647845519}