{"n_classes": 100, "alpha": 0.01, "max_iter": 50, "lambda_": 0.0001, "tolerance": 1e-05, "sgdDP": true, "L": 10, "C": 2, "epsilon": 10000, "delta": 1e-05, "sigma": 0, "outDP_local": false, "outDP_local_epsilon": 1, "train_acc": 0.4524, "test_acc": 0.4163, "attack_acc_mean": 0.5260363636363635, "attack_acc_std": 0.0010149095143479803, "attack_pre_mean": 0.5262647558747809, "attack_pre_std": 0.0011633968193336963, "attack_rec_mean": 0.5218181818181818, "attack_rec_std": 0.004487926871430276}