{"n_classes": 100, "alpha": 0.01, "max_iter": 10, "lambda_": 0.0001, "tolerance": 1e-05, "sgdDP": true, "L": 20, "C": 2, "epsilon": 10000, "delta": 1e-05, "sigma": 0, "outDP_local": false, "outDP_local_epsilon": 1, "train_acc": 0.1579, "test_acc": 0.149, "attack_acc_mean": 0.5001863636363636, "attack_acc_std": 0.00034251138606881243, "attack_pre_mean": 0.5013764811558694, "attack_pre_std": 0.0024820119403501715, "attack_rec_mean": 0.06838181818181818, "attack_rec_std": 0.0031828569732862176}