{"n_classes": 100, "alpha": 0.01, "max_iter": 100, "lambda_": 0.01, "tolerance": 1e-05, "sgdDP": false, "L": 1, "C": 1, "epsilon": 1, "delta": 1e-05, "sigma": 0, "outDP_local": false, "outDP_local_epsilon": 1, "train_acc": 0.3374, "test_acc": 0.3133, "attack_acc_mean": 0.5037318181818182, "attack_acc_std": 0.0006833316535624224, "attack_pre_mean": 0.5188818517853333, "attack_pre_std": 0.0038275851754573206, "attack_rec_mean": 0.10311818181818183, "attack_rec_std": 0.00365633154002458}