{"n_classes": 100, "alpha": 0.01, "max_iter": 100, "lambda_": 1e-06, "tolerance": 1e-05, "sgdDP": false, "L": 1, "C": 1, "epsilon": 1, "delta": 1e-05, "sigma": 0, "outDP_local": false, "outDP_local_epsilon": 1, "train_acc": 0.9682, "test_acc": 0.5686, "attack_acc_mean": 0.5830045454545455, "attack_acc_std": 0.0015076252466370763, "attack_pre_mean": 0.554776666691049, "attack_pre_std": 0.0008385307108597254, "attack_rec_mean": 0.8406363636363637, "attack_rec_std": 0.00408439886024697}