{"n_classes": 100, "alpha": 0.01, "max_iter": 10, "lambda_": 0.0001, "tolerance": 1e-05, "sgdDP": true, "L": 5, "C": 5, "epsilon": 10000, "delta": 1e-05, "sigma": 0, "outDP_local": false, "outDP_local_epsilon": 1, "train_acc": 0.3843, "test_acc": 0.347, "attack_acc_mean": 0.524240909090909, "attack_acc_std": 0.0013879052531551104, "attack_pre_mean": 0.5312655252128443, "attack_pre_std": 0.001732602852790303, "attack_rec_mean": 0.4119, "attack_rec_std": 0.0052885811811005465}