{"n_classes": 100, "alpha": 0.01, "max_iter": 10, "lambda_": 0.0001, "tolerance": 1e-05, "sgdDP": true, "L": 1, "C": 4, "epsilon": 10000, "delta": 1e-05, "sigma": 0, "outDP_local": false, "outDP_local_epsilon": 1, "train_acc": 0.2017, "test_acc": 0.1762, "attack_acc_mean": 0.5032136363636364, "attack_acc_std": 0.0002876953163353792, "attack_pre_mean": 0.50307954292868, "attack_pre_std": 0.00027556388347372787, "attack_rec_mean": 0.5249909090909091, "attack_rec_std": 0.0020777848980692275}