{"n_classes": 100, "alpha": 0.001, "max_iter": 1, "lambda_": 1e-06, "tolerance": 1e-05, "sgdDP": false, "L": 1, "C": 1, "epsilon": 1, "delta": 1e-05, "sigma": 0, "outDP_local": false, "outDP_local_epsilon": 1, "train_acc": 0.1381, "test_acc": 0.1297, "attack_acc_mean": 0.5000681818181819, "attack_acc_std": 0.0003185711903260969, "attack_pre_mean": 0.5008700031924139, "attack_pre_std": 0.004878595543922908, "attack_rec_mean": 0.030154545454545455, "attack_rec_std": 0.004367309060480157}