{"n_classes": 100, "alpha": 0.01, "max_iter": 10, "lambda_": 0.0001, "tolerance": 1e-05, "sgdDP": true, "L": 20, "C": 3, "epsilon": 10000, "delta": 1e-05, "sigma": 0, "outDP_local": false, "outDP_local_epsilon": 1, "train_acc": 0.1909, "test_acc": 0.1822, "attack_acc_mean": 0.5011500000000001, "attack_acc_std": 0.0007807339204526945, "attack_pre_mean": 0.5064843761310861, "attack_pre_std": 0.004385835521122151, "attack_rec_mean": 0.08941818181818183, "attack_rec_std": 0.005480016287603231}