{"n_classes": 100, "alpha": 0.01, "max_iter": 100, "lambda_": 0.0001, "tolerance": 1e-05, "sgdDP": true, "L": 20, "C": 5, "epsilon": 10000, "delta": 1e-05, "sigma": 0, "outDP_local": false, "outDP_local_epsilon": 1, "train_acc": 0.5724, "test_acc": 0.4842, "attack_acc_mean": 0.5414363636363636, "attack_acc_std": 0.0010825245974721474, "attack_pre_mean": 0.5368600301314894, "attack_pre_std": 0.0007737544386803497, "attack_rec_mean": 0.6034636363636363, "attack_rec_std": 0.00555898498375257}