{"n_classes": 100, "alpha": 0.01, "max_iter": 50, "lambda_": 0.0001, "tolerance": 1e-05, "sgdDP": true, "L": 1, "C": 3, "epsilon": 10000, "delta": 1e-05, "sigma": 0, "outDP_local": false, "outDP_local_epsilon": 1, "train_acc": 0.2871, "test_acc": 0.2467, "attack_acc_mean": 0.505590909090909, "attack_acc_std": 0.0004640817824763717, "attack_pre_mean": 0.5047206664645267, "attack_pre_std": 0.0003929479418157449, "attack_rec_mean": 0.5977818181818182, "attack_rec_std": 0.0016347466758537563}