{"n_classes": 100, "alpha": 0.001, "max_iter": 100, "lambda_": 1e-06, "tolerance": 1e-05, "sgdDP": false, "L": 1, "C": 1, "epsilon": 1, "delta": 1e-05, "sigma": 0, "outDP_local": false, "outDP_local_epsilon": 1, "train_acc": 0.6843, "test_acc": 0.5408, "attack_acc_mean": 0.5521363636363638, "attack_acc_std": 0.0007705048253907323, "attack_pre_mean": 0.5405890196963115, "attack_pre_std": 0.0005185294195257797, "attack_rec_mean": 0.6943818181818181, "attack_rec_std": 0.004978283417516938}