{"n_classes": 100, "alpha": 0.01, "max_iter": 10, "lambda_": 0.0001, "tolerance": 1e-05, "sgdDP": true, "L": 20, "C": 1, "epsilon": 10000, "delta": 1e-05, "sigma": 0, "outDP_local": false, "outDP_local_epsilon": 1, "train_acc": 0.1414, "test_acc": 0.1313, "attack_acc_mean": 0.5002, "attack_acc_std": 0.0004322246890428427, "attack_pre_mean": 0.5026059248866407, "attack_pre_std": 0.005437531838697274, "attack_rec_mean": 0.0392909090909091, "attack_rec_std": 0.004026154164382172}