{"n_classes": 100, "alpha": 0.01, "max_iter": 10, "lambda_": 0.0001, "tolerance": 1e-05, "sgdDP": true, "L": 50, "C": 3, "epsilon": 10000, "delta": 1e-05, "sigma": 0, "outDP_local": false, "outDP_local_epsilon": 1, "train_acc": 0.1476, "test_acc": 0.1373, "attack_acc_mean": 0.5000863636363637, "attack_acc_std": 0.00044624234604635467, "attack_pre_mean": 0.5010065566298734, "attack_pre_std": 0.0051715785672484076, "attack_rec_mean": 0.04437272727272728, "attack_rec_std": 0.0030151408557752804}