{"n_classes": 100, "alpha": 0.01, "max_iter": 10, "lambda_": 0.0001, "tolerance": 1e-05, "sgdDP": true, "L": 50, "C": 2, "epsilon": 10000, "delta": 1e-05, "sigma": 0, "outDP_local": false, "outDP_local_epsilon": 1, "train_acc": 0.1327, "test_acc": 0.1231, "attack_acc_mean": 0.5001045454545455, "attack_acc_std": 0.0003480168135009295, "attack_pre_mean": 0.5012779435117019, "attack_pre_std": 0.005240556790210479, "attack_rec_mean": 0.03209090909090909, "attack_rec_std": 0.004489270956292152}