{"n_classes": 100, "alpha": 0.01, "max_iter": 50, "lambda_": 0.0001, "tolerance": 1e-05, "sgdDP": true, "L": 5, "C": 3, "epsilon": 10000, "delta": 1e-05, "sigma": 0, "outDP_local": false, "outDP_local_epsilon": 1, "train_acc": 0.5629, "test_acc": 0.4651, "attack_acc_mean": 0.5375909090909091, "attack_acc_std": 0.0007579332489852563, "attack_pre_mean": 0.5304869794617267, "attack_pre_std": 0.0006687106037682124, "attack_rec_mean": 0.6541272727272728, "attack_rec_std": 0.002797105942379116}