{"n_classes": 100, "alpha": 0.01, "max_iter": 50, "lambda_": 0.0001, "tolerance": 1e-05, "sgdDP": false, "L": 1, "C": 1, "epsilon": 1, "delta": 1e-05, "sigma": 0, "outDP_local": false, "outDP_local_epsilon": 1, "train_acc": 0.8844, "test_acc": 0.5752, "attack_acc_mean": 0.578640909090909, "attack_acc_std": 0.0005631963091539321, "attack_pre_mean": 0.5534011258370839, "attack_pre_std": 0.00038865773806632105, "attack_rec_mean": 0.8149727272727272, "attack_rec_std": 0.003784199425143472}