{"n_classes": 100, "alpha": 0.001, "max_iter": 50, "lambda_": 0.0001, "tolerance": 1e-05, "sgdDP": false, "L": 1, "C": 1, "epsilon": 1, "delta": 1e-05, "sigma": 0, "outDP_local": false, "outDP_local_epsilon": 1, "train_acc": 0.5806, "test_acc": 0.4965, "attack_acc_mean": 0.5423318181818182, "attack_acc_std": 0.0007935171211055224, "attack_pre_mean": 0.5380617495532142, "attack_pre_std": 0.0007650836114566245, "attack_rec_mean": 0.5984636363636363, "attack_rec_std": 0.005265371044039056}