{"n_classes": 100, "alpha": 0.001, "max_iter": 100, "lambda_": 0.01, "tolerance": 1e-05, "sgdDP": false, "L": 1, "C": 1, "epsilon": 1, "delta": 1e-05, "sigma": 0, "outDP_local": false, "outDP_local_epsilon": 1, "train_acc": 0.337, "test_acc": 0.3171, "attack_acc_mean": 0.5032818181818182, "attack_acc_std": 0.00048442690004539145, "attack_pre_mean": 0.5177564345909637, "attack_pre_std": 0.002671828040318751, "attack_rec_mean": 0.09593636363636363, "attack_rec_std": 0.005095322762061965}