{"n_classes": 100, "alpha": 0.01, "max_iter": 10, "lambda_": 0.0001, "tolerance": 1e-05, "sgdDP": true, "L": 10, "C": 1, "epsilon": 10000, "delta": 1e-05, "sigma": 0, "outDP_local": false, "outDP_local_epsilon": 1, "train_acc": 0.1623, "test_acc": 0.1521, "attack_acc_mean": 0.5001090909090908, "attack_acc_std": 0.0003981880447832043, "attack_pre_mean": 0.500843608025824, "attack_pre_std": 0.0028223267086127397, "attack_rec_mean": 0.06987272727272727, "attack_rec_std": 0.003325135925886313}