{"n_classes": 100, "alpha": 0.01, "max_iter": 10, "lambda_": 0.0001, "tolerance": 1e-05, "sgdDP": true, "L": 50, "C": 1.5, "epsilon": 10000, "delta": 1e-05, "sigma": 0, "outDP_local": false, "outDP_local_epsilon": 1, "train_acc": 0.1267, "test_acc": 0.1175, "attack_acc_mean": 0.5002045454545454, "attack_acc_std": 0.0003689386161400626, "attack_pre_mean": 0.5033901731808726, "attack_pre_std": 0.006564388861744568, "attack_rec_mean": 0.027781818181818182, "attack_rec_std": 0.0053108496464259036}