{"n_classes": 100, "alpha": 0.01, "max_iter": 50, "lambda_": 0.0001, "tolerance": 1e-05, "sgdDP": true, "L": 5, "C": 2, "epsilon": 10000, "delta": 1e-05, "sigma": 0, "outDP_local": false, "outDP_local_epsilon": 1, "train_acc": 0.5168, "test_acc": 0.4603, "attack_acc_mean": 0.5275818181818182, "attack_acc_std": 0.0007377092083151981, "attack_pre_mean": 0.5232084861058544, "attack_pre_std": 0.0006100382384543839, "attack_rec_mean": 0.6218, "attack_rec_std": 0.0031179830310343565}