{"n_classes": 100, "alpha": 0.01, "max_iter": 50, "lambda_": 0.0001, "tolerance": 1e-05, "sgdDP": true, "L": 5, "C": 1.5, "epsilon": 10000, "delta": 1e-05, "sigma": 0, "outDP_local": false, "outDP_local_epsilon": 1, "train_acc": 0.4925, "test_acc": 0.4424, "attack_acc_mean": 0.5253227272727273, "attack_acc_std": 0.0011322470892320322, "attack_pre_mean": 0.5214710057851408, "attack_pre_std": 0.0010177136546578103, "attack_rec_mean": 0.6151, "attack_rec_std": 0.0033650611233135624}