{"n_classes": 100, "alpha": 0.01, "max_iter": 100, "lambda_": 0.0001, "tolerance": 1e-05, "sgdDP": true, "L": 20, "C": 10, "epsilon": 10000, "delta": 1e-05, "sigma": 0, "outDP_local": false, "outDP_local_epsilon": 1, "train_acc": 0.5395, "test_acc": 0.4563, "attack_acc_mean": 0.5359545454545455, "attack_acc_std": 0.0006624522437176902, "attack_pre_mean": 0.5335068147180514, "attack_pre_std": 0.000714362128466851, "attack_rec_mean": 0.5725272727272728, "attack_rec_std": 0.004041622291085807}