{"n_classes": 100, "alpha": 0.01, "max_iter": 10, "lambda_": 0.0001, "tolerance": 1e-05, "sgdDP": true, "L": 10, "C": 4, "epsilon": 10000, "delta": 1e-05, "sigma": 0, "outDP_local": false, "outDP_local_epsilon": 1, "train_acc": 0.3207, "test_acc": 0.3097, "attack_acc_mean": 0.5089954545454545, "attack_acc_std": 0.0008750206609131024, "attack_pre_mean": 0.5241631287710307, "attack_pre_std": 0.002084975433801825, "attack_rec_mean": 0.1952, "attack_rec_std": 0.009729617389468847}