{"n_classes": 100, "alpha": 0.01, "max_iter": 10, "lambda_": 0.0001, "tolerance": 1e-05, "sgdDP": true, "L": 50, "C": 1, "epsilon": 10000, "delta": 1e-05, "sigma": 0, "outDP_local": false, "outDP_local_epsilon": 1, "train_acc": 0.1201, "test_acc": 0.1124, "attack_acc_mean": 0.4999681818181818, "attack_acc_std": 0.0004339421449040862, "attack_pre_mean": 0.4975017041651757, "attack_pre_std": 0.009865207595054454, "attack_rec_mean": 0.021863636363636363, "attack_rec_std": 0.00532699347701236}