{"n_classes": 100, "alpha": 0.01, "max_iter": 10, "lambda_": 1e-06, "tolerance": 1e-05, "sgdDP": false, "L": 1, "C": 1, "epsilon": 1, "delta": 1e-05, "sigma": 0, "outDP_local": false, "outDP_local_epsilon": 1, "train_acc": 0.6762, "test_acc": 0.5357, "attack_acc_mean": 0.5529272727272727, "attack_acc_std": 0.0007589956390950374, "attack_pre_mean": 0.5416310205451116, "attack_pre_std": 0.000488313100094883, "attack_rec_mean": 0.6885909090909091, "attack_rec_std": 0.004790607201114687}