{"n_classes": 100, "alpha": 0.01, "max_iter": 50, "lambda_": 0.0001, "tolerance": 1e-05, "sgdDP": true, "L": 1, "C": 1.5, "epsilon": 10000, "delta": 1e-05, "sigma": 0, "outDP_local": false, "outDP_local_epsilon": 1, "train_acc": 0.3463, "test_acc": 0.2906, "attack_acc_mean": 0.5127954545454544, "attack_acc_std": 0.0007895495106401185, "attack_pre_mean": 0.5105567879235348, "attack_pre_std": 0.0006416674917248381, "attack_rec_mean": 0.6187999999999999, "attack_rec_std": 0.002085011445357735}