{"n_classes": 100, "alpha": 0.01, "max_iter": 10, "lambda_": 0.0001, "tolerance": 1e-05, "sgdDP": true, "L": 1, "C": 2, "epsilon": 10000, "delta": 1e-05, "sigma": 0, "outDP_local": false, "outDP_local_epsilon": 1, "train_acc": 0.2716, "test_acc": 0.2381, "attack_acc_mean": 0.5115818181818181, "attack_acc_std": 0.0004696578673850849, "attack_pre_mean": 0.5109578345435918, "attack_pre_std": 0.0004508610858885289, "attack_rec_mean": 0.5400727272727274, "attack_rec_std": 0.002030266847257852}