{"n_classes": 100, "alpha": 0.01, "max_iter": 50, "lambda_": 0.0001, "tolerance": 1e-05, "sgdDP": true, "L": 5, "C": 4, "epsilon": 10000, "delta": 1e-05, "sigma": 0, "outDP_local": false, "outDP_local_epsilon": 1, "train_acc": 0.5502, "test_acc": 0.4512, "attack_acc_mean": 0.5326090909090909, "attack_acc_std": 0.0007579332489852676, "attack_pre_mean": 0.5270311282874718, "attack_pre_std": 0.0006070946253729731, "attack_rec_mean": 0.6357818181818181, "attack_rec_std": 0.0033579805028992288}