{"n_classes": 100, "alpha": 0.01, "max_iter": 50, "lambda_": 0.0001, "tolerance": 1e-05, "sgdDP": true, "L": 1, "C": 1, "epsilon": 10000, "delta": 1e-05, "sigma": 0, "outDP_local": false, "outDP_local_epsilon": 1, "train_acc": 0.3901, "test_acc": 0.3308, "attack_acc_mean": 0.5187363636363637, "attack_acc_std": 0.0006742305072150744, "attack_pre_mean": 0.5159551150493193, "attack_pre_std": 0.0005700349392061746, "attack_rec_mean": 0.6058909090909093, "attack_rec_std": 0.0013937878705524828}