{"n_classes": 100, "alpha": 0.01, "max_iter": 10, "lambda_": 0.0001, "tolerance": 1e-05, "sgdDP": true, "L": 20, "C": 1.5, "epsilon": 10000, "delta": 1e-05, "sigma": 0, "outDP_local": false, "outDP_local_epsilon": 1, "train_acc": 0.1461, "test_acc": 0.136, "attack_acc_mean": 0.5002227272727272, "attack_acc_std": 0.0003563474022276285, "attack_pre_mean": 0.5020394675562537, "attack_pre_std": 0.0032288100754348137, "attack_rec_mean": 0.05618181818181817, "attack_rec_std": 0.002408250282152501}