{"n_classes": 100, "alpha": 0.01, "max_iter": 100, "lambda_": 0.0001, "tolerance": 1e-05, "sgdDP": false, "L": 1, "C": 1, "epsilon": 1, "delta": 1e-05, "sigma": 0, "outDP_local": false, "outDP_local_epsilon": 1, "train_acc": 0.934, "test_acc": 0.5716, "attack_acc_mean": 0.5892818181818181, "attack_acc_std": 0.0007193029224289725, "attack_pre_mean": 0.5603178030425452, "attack_pre_std": 0.00035689238470394615, "attack_rec_mean": 0.8293727272727272, "attack_rec_std": 0.0037743370059800854}