{"n_classes": 100, "alpha": 0.01, "max_iter": 50, "lambda_": 0.0001, "tolerance": 1e-05, "sgdDP": true, "L": 1, "C": 4, "epsilon": 10000, "delta": 1e-05, "sigma": 0, "outDP_local": false, "outDP_local_epsilon": 1, "train_acc": 0.2821, "test_acc": 0.242, "attack_acc_mean": 0.5063454545454544, "attack_acc_std": 0.0003701686013000387, "attack_pre_mean": 0.505527913998629, "attack_pre_std": 0.00033452136300811305, "attack_rec_mean": 0.5803636363636363, "attack_rec_std": 0.0012622294325897762}