{"n_classes": 100, "alpha": 0.01, "max_iter": 10, "lambda_": 0.01, "tolerance": 1e-05, "sgdDP": false, "L": 1, "C": 1, "epsilon": 1, "delta": 1e-05, "sigma": 0, "outDP_local": false, "outDP_local_epsilon": 1, "train_acc": 0.3323, "test_acc": 0.3121, "attack_acc_mean": 0.5046727272727273, "attack_acc_std": 0.0005184608499130431, "attack_pre_mean": 0.52646001536002, "attack_pre_std": 0.002786324700572062, "attack_rec_mean": 0.09299090909090908, "attack_rec_std": 0.003956686985449626}