{"n_classes": 100, "alpha": 0.001, "max_iter": 100, "lambda_": 0.0001, "tolerance": 1e-05, "sgdDP": false, "L": 1, "C": 1, "epsilon": 1, "delta": 1e-05, "sigma": 0, "outDP_local": false, "outDP_local_epsilon": 1, "train_acc": 0.6786, "test_acc": 0.5375, "attack_acc_mean": 0.5541454545454546, "attack_acc_std": 0.0009183618185399962, "attack_pre_mean": 0.5427109941646586, "attack_pre_std": 0.0005921384697701054, "attack_rec_mean": 0.6879909090909091, "attack_rec_std": 0.005284016128503132}