{"n_classes": 100, "alpha": 0.001, "max_iter": 50, "lambda_": 1e-06, "tolerance": 1e-05, "sgdDP": false, "L": 1, "C": 1, "epsilon": 1, "delta": 1e-05, "sigma": 0, "outDP_local": false, "outDP_local_epsilon": 1, "train_acc": 0.5869, "test_acc": 0.4972, "attack_acc_mean": 0.5430636363636364, "attack_acc_std": 0.001001837155405205, "attack_pre_mean": 0.5374862478230514, "attack_pre_std": 0.0007876835593869663, "attack_rec_mean": 0.6174454545454545, "attack_rec_std": 0.005200937614134194}