{"n_classes": 100, "alpha": 0.01, "max_iter": 10, "lambda_": 0.0001, "tolerance": 1e-05, "sgdDP": true, "L": 1, "C": 5, "epsilon": 10000, "delta": 1e-05, "sigma": 0, "outDP_local": false, "outDP_local_epsilon": 1, "train_acc": 0.1912, "test_acc": 0.1662, "attack_acc_mean": 0.49964545454545456, "attack_acc_std": 0.0008169940873978123, "attack_pre_mean": 0.4996721827603067, "attack_pre_std": 0.0007609943559372429, "attack_rec_mean": 0.5352545454545455, "attack_rec_std": 0.002099508010057939}