{"n_classes": 100, "alpha": 0.01, "max_iter": 50, "lambda_": 1e-06, "tolerance": 1e-05, "sgdDP": false, "L": 1, "C": 1, "epsilon": 1, "delta": 1e-05, "sigma": 0, "outDP_local": false, "outDP_local_epsilon": 1, "train_acc": 0.9142, "test_acc": 0.5758, "attack_acc_mean": 0.5807136363636364, "attack_acc_std": 0.0008073781667423381, "attack_pre_mean": 0.5547196233530137, "attack_pre_std": 0.0004035741919892235, "attack_rec_mean": 0.8182272727272728, "attack_rec_std": 0.004523291422101408}