{"n_classes": 100, "alpha": 0.01, "max_iter": 10, "lambda_": 0.0001, "tolerance": 1e-05, "sgdDP": true, "L": 10, "C": 1.5, "epsilon": 10000, "delta": 1e-05, "sigma": 0, "outDP_local": false, "outDP_local_epsilon": 1, "train_acc": 0.1891, "test_acc": 0.1777, "attack_acc_mean": 0.5018727272727275, "attack_acc_std": 0.0005801111321288578, "attack_pre_mean": 0.5103559480236423, "attack_pre_std": 0.002936266640325591, "attack_rec_mean": 0.09137272727272726, "attack_rec_std": 0.0061893002848891505}