{"n_classes": 100, "alpha": 0.01, "max_iter": 10, "lambda_": 0.0001, "tolerance": 1e-05, "sgdDP": true, "L": 20, "C": 4, "epsilon": 10000, "delta": 1e-05, "sigma": 0, "outDP_local": false, "outDP_local_epsilon": 1, "train_acc": 0.242, "test_acc": 0.23, "attack_acc_mean": 0.5012272727272727, "attack_acc_std": 0.0006012727547626178, "attack_pre_mean": 0.5059533423488832, "attack_pre_std": 0.0028199577329579024, "attack_rec_mean": 0.10397272727272727, "attack_rec_std": 0.006633536134890092}