{"n_classes": 100, "alpha": 0.01, "max_iter": 100, "lambda_": 0.0001, "tolerance": 1e-05, "sgdDP": true, "L": 20, "C": 1, "epsilon": 10000, "delta": 1e-05, "sigma": 0, "outDP_local": false, "outDP_local_epsilon": 1, "train_acc": 0.3401, "test_acc": 0.3236, "attack_acc_mean": 0.5164818181818182, "attack_acc_std": 0.0009528122793443719, "attack_pre_mean": 0.5249375179467815, "attack_pre_std": 0.0017101524434464425, "attack_rec_mean": 0.3472636363636364, "attack_rec_std": 0.0071508769617658835}