{"n_classes": 100, "alpha": 0.01, "max_iter": 50, "lambda_": 0.0001, "tolerance": 1e-05, "sgdDP": true, "L": 10, "C": 4, "epsilon": 10000, "delta": 1e-05, "sigma": 0, "outDP_local": false, "outDP_local_epsilon": 1, "train_acc": 0.5402, "test_acc": 0.4714, "attack_acc_mean": 0.5388681818181816, "attack_acc_std": 0.0009388757123846303, "attack_pre_mean": 0.5346518391773096, "attack_pre_std": 0.000748475692545235, "attack_rec_mean": 0.599690909090909, "attack_rec_std": 0.005005534127425992}