{"n_classes": 100, "alpha": 0.01, "max_iter": 10, "lambda_": 0.0001, "tolerance": 1e-05, "sgdDP": true, "L": 1, "C": 3, "epsilon": 10000, "delta": 1e-05, "sigma": 0, "outDP_local": false, "outDP_local_epsilon": 1, "train_acc": 0.2294, "test_acc": 0.199, "attack_acc_mean": 0.507190909090909, "attack_acc_std": 0.0005505444337687068, "attack_pre_mean": 0.5065506077425609, "attack_pre_std": 0.0005148982002373337, "attack_rec_mean": 0.5561636363636363, "attack_rec_std": 0.002384904315699345}