{"n_classes": 100, "alpha": 0.01, "max_iter": 10, "lambda_": 0.0001, "tolerance": 1e-05, "sgdDP": true, "L": 50, "C": 5, "epsilon": 10000, "delta": 1e-05, "sigma": 0, "outDP_local": false, "outDP_local_epsilon": 1, "train_acc": 0.1599, "test_acc": 0.149, "attack_acc_mean": 0.49998181818181814, "attack_acc_std": 0.0005428346170682176, "attack_pre_mean": 0.4999940224371176, "attack_pre_std": 0.005122181213563744, "attack_rec_mean": 0.051745454545454546, "attack_rec_std": 0.002514815603709576}