{"n_classes": 100, "alpha": 0.01, "max_iter": 50, "lambda_": 0.0001, "tolerance": 1e-05, "sgdDP": true, "L": 1, "C": 5, "epsilon": 10000, "delta": 1e-05, "sigma": 0, "outDP_local": false, "outDP_local_epsilon": 1, "train_acc": 0.2516, "test_acc": 0.2209, "attack_acc_mean": 0.5091454545454547, "attack_acc_std": 0.0002903403531394622, "attack_pre_mean": 0.5079476748505027, "attack_pre_std": 0.00024311262193490662, "attack_rec_mean": 0.5844818181818181, "attack_rec_std": 0.0021383163223000733}