{"n_classes": 100, "alpha": 0.01, "max_iter": 10, "lambda_": 0.0001, "tolerance": 1e-05, "sgdDP": true, "L": 10, "C": 5, "epsilon": 10000, "delta": 1e-05, "sigma": 0, "outDP_local": false, "outDP_local_epsilon": 1, "train_acc": 0.3315, "test_acc": 0.314, "attack_acc_mean": 0.5100727272727273, "attack_acc_std": 0.0010382160478356484, "attack_pre_mean": 0.5269331563800791, "attack_pre_std": 0.0025496172128110523, "attack_rec_mean": 0.19712727272727273, "attack_rec_std": 0.00826087062427892}