{"n_classes": 100, "alpha": 0.01, "max_iter": 10, "lambda_": 0.0001, "tolerance": 1e-05, "sgdDP": true, "L": 10, "C": 2, "epsilon": 10000, "delta": 1e-05, "sigma": 0, "outDP_local": false, "outDP_local_epsilon": 1, "train_acc": 0.2154, "test_acc": 0.2059, "attack_acc_mean": 0.5036772727272729, "attack_acc_std": 0.0007538879939606453, "attack_pre_mean": 0.5141265821637606, "attack_pre_std": 0.0027502434036567685, "attack_rec_mean": 0.1337090909090909, "attack_rec_std": 0.007469508264873149}