{"n_classes": 100, "alpha": 0.001, "max_iter": 10, "lambda_": 1e-06, "tolerance": 1e-05, "sgdDP": false, "L": 1, "C": 1, "epsilon": 1, "delta": 1e-05, "sigma": 0, "outDP_local": false, "outDP_local_epsilon": 1, "train_acc": 0.3388, "test_acc": 0.3226, "attack_acc_mean": 0.5101818181818182, "attack_acc_std": 0.0007392479985131951, "attack_pre_mean": 0.5279049185273859, "attack_pre_std": 0.0024816984677596826, "attack_rec_mean": 0.19310909090909092, "attack_rec_std": 0.00895965244308207}