{"n_classes": 100, "alpha": 0.001, "max_iter": 50, "lambda_": 0.01, "tolerance": 1e-05, "sgdDP": false, "L": 1, "C": 1, "epsilon": 1, "delta": 1e-05, "sigma": 0, "outDP_local": false, "outDP_local_epsilon": 1, "train_acc": 0.3363, "test_acc": 0.3182, "attack_acc_mean": 0.50245, "attack_acc_std": 0.00047720778778985386, "attack_pre_mean": 0.5135885481954078, "attack_pre_std": 0.00249301334080373, "attack_rec_mean": 0.09245454545454547, "attack_rec_std": 0.004921818517647837}