{"n_classes": 100, "alpha": 0.01, "max_iter": 50, "lambda_": 0.0001, "tolerance": 1e-05, "sgdDP": true, "L": 5, "C": 1, "epsilon": 10000, "delta": 1e-05, "sigma": 0, "outDP_local": false, "outDP_local_epsilon": 1, "train_acc": 0.4404, "test_acc": 0.4008, "attack_acc_mean": 0.5232636363636364, "attack_acc_std": 0.000778720077227819, "attack_pre_mean": 0.5227687149201359, "attack_pre_std": 0.0008592022602188666, "attack_rec_mean": 0.5342272727272728, "attack_rec_std": 0.00397059439312438}