{"n_classes": 100, "alpha": 0.01, "max_iter": 50, "lambda_": 0.0001, "tolerance": 1e-05, "sgdDP": true, "L": 10, "C": 1, "epsilon": 10000, "delta": 1e-05, "sigma": 0, "outDP_local": false, "outDP_local_epsilon": 1, "train_acc": 0.3378, "test_acc": 0.3204, "attack_acc_mean": 0.5157681818181818, "attack_acc_std": 0.0009742765911347068, "attack_pre_mean": 0.5236160222952989, "attack_pre_std": 0.0018765919242133846, "attack_rec_mean": 0.35011818181818183, "attack_rec_std": 0.006707366124685501}