{"n_classes": 100, "alpha": 0.01, "max_iter": 50, "lambda_": 0.0001, "tolerance": 1e-05, "sgdDP": true, "L": 1, "C": 2, "epsilon": 10000, "delta": 1e-05, "sigma": 0, "outDP_local": false, "outDP_local_epsilon": 1, "train_acc": 0.3325, "test_acc": 0.2747, "attack_acc_mean": 0.5122363636363637, "attack_acc_std": 0.00035232404318319107, "attack_pre_mean": 0.5106720835272576, "attack_pre_std": 0.00031933735205922134, "attack_rec_mean": 0.5855454545454545, "attack_rec_std": 0.0013812797994242456}