{"n_classes": 100, "alpha": 0.01, "max_iter": 10, "lambda_": 0.0001, "tolerance": 1e-05, "sgdDP": true, "L": 5, "C": 4, "epsilon": 10000, "delta": 1e-05, "sigma": 0, "outDP_local": false, "outDP_local_epsilon": 1, "train_acc": 0.3917, "test_acc": 0.3577, "attack_acc_mean": 0.5202090909090908, "attack_acc_std": 0.0013649539089484835, "attack_pre_mean": 0.5269526955089852, "attack_pre_std": 0.0016959031686536912, "attack_rec_mean": 0.3950454545454546, "attack_rec_std": 0.00636329869233984}