{"n_classes": 100, "alpha": 0.01, "max_iter": 50, "lambda_": 0.0001, "tolerance": 1e-05, "sgdDP": true, "L": 10, "C": 3, "epsilon": 10000, "delta": 1e-05, "sigma": 0, "outDP_local": false, "outDP_local_epsilon": 1, "train_acc": 0.5146, "test_acc": 0.459, "attack_acc_mean": 0.532868181818182, "attack_acc_std": 0.0008932251897866572, "attack_pre_mean": 0.528982035620491, "attack_pre_std": 0.0007630804251154803, "attack_rec_mean": 0.599909090909091, "attack_rec_std": 0.0038815307536763976}