{"n_classes": 100, "alpha": 0.01, "max_iter": 10, "lambda_": 0.0001, "tolerance": 1e-05, "sgdDP": true, "L": 5, "C": 1.5, "epsilon": 10000, "delta": 1e-05, "sigma": 0, "outDP_local": false, "outDP_local_epsilon": 1, "train_acc": 0.2591, "test_acc": 0.2483, "attack_acc_mean": 0.5093818181818182, "attack_acc_std": 0.0006675166757442679, "attack_pre_mean": 0.5220926774463425, "attack_pre_std": 0.0011027039618706233, "attack_rec_mean": 0.22160000000000002, "attack_rec_std": 0.009381897462667134}