{"n_classes": 100, "alpha": 0.01, "max_iter": 10, "lambda_": 0.0001, "tolerance": 1e-05, "sgdDP": true, "L": 5, "C": 3, "epsilon": 10000, "delta": 1e-05, "sigma": 0, "outDP_local": false, "outDP_local_epsilon": 1, "train_acc": 0.3661, "test_acc": 0.3474, "attack_acc_mean": 0.5175136363636363, "attack_acc_std": 0.0009068153337845519, "attack_pre_mean": 0.5259503538316898, "attack_pre_std": 0.0011697630403325657, "attack_rec_mean": 0.35490909090909084, "attack_rec_std": 0.006697143834291603}