{"n_classes": 100, "alpha": 0.01, "max_iter": 10, "lambda_": 0.0001, "tolerance": 1e-05, "sgdDP": true, "L": 10, "C": 3, "epsilon": 10000, "delta": 1e-05, "sigma": 0, "outDP_local": false, "outDP_local_epsilon": 1, "train_acc": 0.2795, "test_acc": 0.2684, "attack_acc_mean": 0.5074681818181819, "attack_acc_std": 0.0011259890051281147, "attack_pre_mean": 0.5210364404151452, "attack_pre_std": 0.0026356561996688215, "attack_rec_mean": 0.18446363636363633, "attack_rec_std": 0.009796499627860849}