{"n_classes": 100, "alpha": 0.01, "max_iter": 10, "lambda_": 0.0001, "tolerance": 1e-05, "sgdDP": false, "L": 1, "C": 1, "epsilon": 1, "delta": 1e-05, "sigma": 0, "outDP_local": false, "outDP_local_epsilon": 1, "train_acc": 0.6721, "test_acc": 0.5338, "attack_acc_mean": 0.5515772727272727, "attack_acc_std": 0.0007444838469349716, "attack_pre_mean": 0.5402175364028673, "attack_pre_std": 0.0005708814021530356, "attack_rec_mean": 0.6928181818181818, "attack_rec_std": 0.004627746001872968}