{"n_classes": 100, "alpha": 0.01, "max_iter": 10, "lambda_": 0.0001, "tolerance": 1e-05, "sgdDP": true, "L": 50, "C": 4, "epsilon": 10000, "delta": 1e-05, "sigma": 0, "outDP_local": false, "outDP_local_epsilon": 1, "train_acc": 0.1561, "test_acc": 0.1471, "attack_acc_mean": 0.5002, "attack_acc_std": 0.00035355339059326763, "attack_pre_mean": 0.5018921414510217, "attack_pre_std": 0.003353030612283488, "attack_rec_mean": 0.05423636363636364, "attack_rec_std": 0.0027403625265390525}