{"n_classes": 100, "alpha": 0.01, "max_iter": 50, "lambda_": 0.0001, "tolerance": 1e-05, "sgdDP": true, "L": 10, "C": 1.5, "epsilon": 10000, "delta": 1e-05, "sigma": 0, "outDP_local": false, "outDP_local_epsilon": 1, "train_acc": 0.4015, "test_acc": 0.3766, "attack_acc_mean": 0.5214454545454545, "attack_acc_std": 0.0008571767998002042, "attack_pre_mean": 0.5250721687542388, "attack_pre_std": 0.0011630201007467797, "attack_rec_mean": 0.44928181818181817, "attack_rec_std": 0.005818437494382235}