{"n_classes": 100, "alpha": 0.001, "max_iter": 10, "lambda_": 0.0001, "tolerance": 1e-05, "sgdDP": false, "L": 1, "C": 1, "epsilon": 1, "delta": 1e-05, "sigma": 0, "outDP_local": false, "outDP_local_epsilon": 1, "train_acc": 0.3389, "test_acc": 0.321, "attack_acc_mean": 0.5106045454545455, "attack_acc_std": 0.0013134712069818137, "attack_pre_mean": 0.5288316372675702, "attack_pre_std": 0.002762107934145348, "attack_rec_mean": 0.1941, "attack_rec_std": 0.009717369640353957}