{"n_classes": 100, "alpha": 0.01, "max_iter": 10, "lambda_": 0.0001, "tolerance": 1e-05, "sgdDP": true, "L": 5, "C": 1, "epsilon": 10000, "delta": 1e-05, "sigma": 0, "outDP_local": false, "outDP_local_epsilon": 1, "train_acc": 0.214, "test_acc": 0.206, "attack_acc_mean": 0.5044727272727273, "attack_acc_std": 0.001105639189124974, "attack_pre_mean": 0.5169519432354039, "attack_pre_std": 0.003966767067432901, "attack_rec_mean": 0.13622727272727272, "attack_rec_std": 0.00804465840950502}