{"n_classes": 100, "alpha": 0.01, "max_iter": 50, "lambda_": 0.01, "tolerance": 1e-05, "sgdDP": false, "L": 1, "C": 1, "epsilon": 1, "delta": 1e-05, "sigma": 0, "outDP_local": false, "outDP_local_epsilon": 1, "train_acc": 0.3496, "test_acc": 0.3288, "attack_acc_mean": 0.5041636363636364, "attack_acc_std": 0.000686258270058098, "attack_pre_mean": 0.5208666470685132, "attack_pre_std": 0.003394247024422707, "attack_rec_mean": 0.10402727272727273, "attack_rec_std": 0.004421042844704261}