{"n_classes": 100, "alpha": 0.001, "max_iter": 100, "lambda_": 1e-05, "tolerance": 1e-05, "DP": false, "L": 1, "C": 1, "epsilon": 0, "delta": 1e-05, "train_acc": 0.9654, "test_acc": 0.5556, "accuracy": 0.0322, "out_dp_train_acc": 0.0373, "out_dp_test_acc": 0.0322, "mi_attack": {"attack_acc_mean": 0.6653583333333334, "attack_acc_std": 0.005006114317068217, "attack_pre_mean": 0.6021475671407086, "attack_pre_std": 0.003923004276337965, "attack_rec_mean": 0.9750333333333335, "attack_rec_std": 0.005235031571591081}, "out_dp_mi_attack": {"attack_acc_mean": 0.5011666666666666, "attack_acc_std": 0.003460812364492211, "attack_pre_mean": 0.5032899270630148, "attack_pre_std": 0.006054930133064118, "attack_rec_mean": 0.27476666666666666, "attack_rec_std": 0.08732538131735941}}