{"n_classes": 100, "alpha": 0.001, "max_iter": 100, "lambda_": 1e-05, "tolerance": 1e-05, "DP": false, "L": 1, "C": 1, "epsilon": 0, "delta": 1e-05, "train_acc": 0.9673, "test_acc": 0.5594, "accuracy": 0.0323, "out_dp_train_acc": 0.0371, "out_dp_test_acc": 0.0323, "mi_attack": {"attack_acc_mean": 0.6641416666666666, "attack_acc_std": 0.005322077967193709, "attack_pre_mean": 0.6012391554145848, "attack_pre_std": 0.004186846260314653, "attack_rec_mean": 0.9751166666666666, "attack_rec_std": 0.005536369648866377}, "out_dp_mi_attack": {"attack_acc_mean": 0.50135, "attack_acc_std": 0.0031162210020044133, "attack_pre_mean": 0.5035772395946818, "attack_pre_std": 0.005590867742924629, "attack_rec_mean": 0.2743666666666667, "attack_rec_std": 0.08752536140393188}}