{"n_classes": 100, "alpha": 0.001, "max_iter": 100, "lambda_": 1e-05, "tolerance": 1e-05, "DP": false, "L": 1, "C": 1, "epsilon": 0, "delta": 1e-05, "train_acc": 0.966, "test_acc": 0.5569, "accuracy": 0.0283, "out_dp_train_acc": 0.0312, "out_dp_test_acc": 0.0283, "mi_attack": {"attack_acc_mean": 0.66545, "attack_acc_std": 0.005184672924431516, "attack_pre_mean": 0.6021726816098444, "attack_pre_std": 0.004078479946883837, "attack_rec_mean": 0.9754, "attack_rec_std": 0.005379900866496801}, "out_dp_mi_attack": {"attack_acc_mean": 0.5043666666666666, "attack_acc_std": 0.0019650417015648707, "attack_pre_mean": 0.5083951781760457, "attack_pre_std": 0.005680470100487074, "attack_rec_mean": 0.3173166666666667, "attack_rec_std": 0.1582753972949962}}