{"n_classes": 100, "alpha": 0.001, "max_iter": 100, "lambda_": 1e-05, "tolerance": 1e-05, "DP": false, "L": 1, "C": 1, "epsilon": 0, "delta": 1e-05, "train_acc": 0.9654, "test_acc": 0.5563, "accuracy": 0.0318, "out_dp_train_acc": 0.0343, "out_dp_test_acc": 0.0318, "mi_attack": {"attack_acc_mean": 0.6655, "attack_acc_std": 0.004947389884238639, "attack_pre_mean": 0.6022554634125802, "attack_pre_std": 0.003851920760400319, "attack_rec_mean": 0.9750000000000001, "attack_rec_std": 0.005586889414811557}, "out_dp_mi_attack": {"attack_acc_mean": 0.5017, "attack_acc_std": 0.0017935068069752905, "attack_pre_mean": 0.5040069418465173, "attack_pre_std": 0.004473670811018518, "attack_rec_mean": 0.2838833333333333, "attack_rec_std": 0.1115587351527835}}