{"n_classes": 100, "alpha": 0.001, "max_iter": 100, "lambda_": 1e-05, "tolerance": 1e-05, "DP": false, "L": 1, "C": 1, "epsilon": 0, "delta": 1e-05, "train_acc": 0.9652, "test_acc": 0.5595, "accuracy": 0.0213, "out_dp_train_acc": 0.0256, "out_dp_test_acc": 0.0213, "mi_attack": {"attack_acc_mean": 0.66355, "attack_acc_std": 0.004547893285174296, "attack_pre_mean": 0.6007979637178463, "attack_pre_std": 0.0034998089364532362, "attack_rec_mean": 0.9750333333333335, "attack_rec_std": 0.0052413950645054525}, "out_dp_mi_attack": {"attack_acc_mean": 0.5002916666666666, "attack_acc_std": 0.002001128154039328, "attack_pre_mean": 0.5009653327012242, "attack_pre_std": 0.0024620909840328115, "attack_rec_mean": 0.3673166666666667, "attack_rec_std": 0.1401262694461281}}