{"n_classes": 100, "alpha": 0.01, "max_iter": 10, "lambda_": 0.0001, "tolerance": 1e-05, "DP": false, "L": 1, "C": 1, "epsilon": 100000, "delta": 1e-05, "train_acc": 0.886, "test_acc": 0.5427, "accuracy": 0.1571, "out_dp_train_acc": 0.2299, "out_dp_test_acc": 0.1571, "mi_attack": {"attack_acc_mean": 0.68215, "attack_acc_std": 0.007088723439378914, "attack_pre_mean": 0.6317789527770709, "attack_pre_std": 0.00654080716551498, "attack_rec_mean": 0.8737499999999999, "attack_rec_std": 0.015886655825985967}, "out_dp_mi_attack": {"attack_acc_mean": 0.5329833333333334, "attack_acc_std": 0.002057439076997319, "attack_pre_mean": 0.554529342375815, "attack_pre_std": 0.009320891800509887, "attack_rec_mean": 0.34136666666666665, "attack_rec_std": 0.03314873887327976}}