{"n_classes": 100, "alpha": 0.01, "max_iter": 10, "lambda_": 0.0001, "tolerance": 1e-05, "DP": false, "L": 1, "C": 1, "epsilon": 100000, "delta": 1e-05, "train_acc": 0.8923, "test_acc": 0.5519, "accuracy": 0.1409, "out_dp_train_acc": 0.2164, "out_dp_test_acc": 0.1409, "mi_attack": {"attack_acc_mean": 0.6830416666666665, "attack_acc_std": 0.007400079766837357, "attack_pre_mean": 0.6314996514549905, "attack_pre_std": 0.00607037647923894, "attack_rec_mean": 0.8793166666666666, "attack_rec_std": 0.016284186262206134}, "out_dp_mi_attack": {"attack_acc_mean": 0.5363333333333333, "attack_acc_std": 0.0014848307049028092, "attack_pre_mean": 0.5582251549221199, "attack_pre_std": 0.006626820596067968, "attack_rec_mean": 0.35119999999999996, "attack_rec_std": 0.024137315509393326}}