{"n_classes": 100, "alpha": 0.01, "max_iter": 150, "lambda_": 0.0001, "tolerance": 1e-05, "DP": false, "L": 1, "C": 1, "epsilon": 100000, "delta": 1e-05, "train_acc": 0.8386, "test_acc": 0.5243, "accuracy": 0.0878, "out_dp_train_acc": 0.1251, "out_dp_test_acc": 0.0878, "mi_attack": {"attack_acc_mean": 0.6821333333333334, "attack_acc_std": 0.009463247622014096, "attack_pre_mean": 0.6463553269081265, "attack_pre_std": 0.009277446822457704, "attack_rec_mean": 0.8049833333333333, "attack_rec_std": 0.017157740397720066}, "out_dp_mi_attack": {"attack_acc_mean": 0.5172916666666666, "attack_acc_std": 0.001974718686013004, "attack_pre_mean": 0.534000825800418, "attack_pre_std": 0.008271126036754253, "attack_rec_mean": 0.27958333333333335, "attack_rec_std": 0.033681716933012126}}