{"n_classes": 100, "alpha": 0.01, "max_iter": 150, "lambda_": 0.0001, "tolerance": 1e-05, "DP": false, "L": 1, "C": 1, "epsilon": 100000, "delta": 1e-05, "train_acc": 0.8381, "test_acc": 0.5211, "accuracy": 0.0913, "out_dp_train_acc": 0.1173, "out_dp_test_acc": 0.0913, "mi_attack": {"attack_acc_mean": 0.6805916666666666, "attack_acc_std": 0.009781547963157741, "attack_pre_mean": 0.6449958963455593, "attack_pre_std": 0.009527696888690042, "attack_rec_mean": 0.8039999999999999, "attack_rec_std": 0.017787355059142425}, "out_dp_mi_attack": {"attack_acc_mean": 0.5127166666666667, "attack_acc_std": 0.0023630253678047905, "attack_pre_mean": 0.5216896842127224, "attack_pre_std": 0.006655351969791171, "attack_rec_mean": 0.32125000000000004, "attack_rec_std": 0.05256357262084329}}