{"n_classes": 100, "alpha": 0.01, "max_iter": 150, "lambda_": 0.0001, "tolerance": 1e-05, "DP": false, "L": 1, "C": 1, "epsilon": 100000, "delta": 1e-05, "train_acc": 0.8354, "test_acc": 0.5193, "accuracy": 0.0941, "out_dp_train_acc": 0.1285, "out_dp_test_acc": 0.0941, "mi_attack": {"attack_acc_mean": 0.680775, "attack_acc_std": 0.009189656776325585, "attack_pre_mean": 0.6452023024125242, "attack_pre_std": 0.009075856179191101, "attack_rec_mean": 0.8039000000000001, "attack_rec_std": 0.017093078521241676}, "out_dp_mi_attack": {"attack_acc_mean": 0.5177916666666667, "attack_acc_std": 0.003209415401941958, "attack_pre_mean": 0.5326481921578425, "attack_pre_std": 0.006294564390728792, "attack_rec_mean": 0.29644999999999994, "attack_rec_std": 0.06236309672661657}}