{"n_classes": 100, "alpha": 0.01, "max_iter": 150, "lambda_": 0.0001, "tolerance": 1e-05, "DP": false, "L": 1, "C": 1, "epsilon": 100000, "delta": 1e-05, "train_acc": 0.8393, "test_acc": 0.5217, "accuracy": 0.0718, "out_dp_train_acc": 0.1046, "out_dp_test_acc": 0.0718, "mi_attack": {"attack_acc_mean": 0.6816166666666668, "attack_acc_std": 0.009570339016403185, "attack_pre_mean": 0.6461149279578352, "attack_pre_std": 0.00939984647650866, "attack_rec_mean": 0.8037500000000001, "attack_rec_std": 0.017392694826660244}, "out_dp_mi_attack": {"attack_acc_mean": 0.5162583333333334, "attack_acc_std": 0.002312721460867167, "attack_pre_mean": 0.5365507688006583, "attack_pre_std": 0.012822216235206662, "attack_rec_mean": 0.2688833333333333, "attack_rec_std": 0.09480485952148704}}