{"n_classes": 100, "alpha": 0.01, "max_iter": 150, "lambda_": 0.0001, "tolerance": 1e-05, "DP": false, "L": 1, "C": 1, "epsilon": 100000, "delta": 1e-05, "train_acc": 0.8372, "test_acc": 0.5209, "accuracy": 0.0915, "out_dp_train_acc": 0.1358, "out_dp_test_acc": 0.0915, "mi_attack": {"attack_acc_mean": 0.6809, "attack_acc_std": 0.009503157370053366, "attack_pre_mean": 0.6453588481089112, "attack_pre_std": 0.009287901263624233, "attack_rec_mean": 0.8037833333333332, "attack_rec_std": 0.017490703880125053}, "out_dp_mi_attack": {"attack_acc_mean": 0.518875, "attack_acc_std": 0.0024115606979713306, "attack_pre_mean": 0.5342054772123044, "attack_pre_std": 0.009554006339070336, "attack_rec_mean": 0.31011666666666665, "attack_rec_std": 0.062293964840549006}}